dataset,ordering,partition,model,converged,COR_pooled,RMSE_pooled,NRMSE_pooled,PM10_pooled,COR_within,RMSE_within,NRMSE_within,PM10_within,environments_scored
EYT_1,0,1,B_Hadamard,True,0.9400256010403616,0.5044476209345775,0.341224993340788,36.36363636363637,0.359998869789379,0.4976597264758026,0.9355495285056236,33.97435897435897,4
EYT_1,0,1,F_original_HCP,True,0.9424205901102544,0.4947143989520631,0.3346411212630196,41.55844155844156,0.4021225358467912,0.4886742118255133,0.9196887809705002,34.61538461538461,4
EYT_1,0,1,proposed_full,True,0.9400278669019748,0.5044386340850314,0.3412189143396207,36.36363636363637,0.3600069277317144,0.4976511143681925,0.9355336212288916,33.97435897435897,4
EYT_1,0,2,B_Hadamard,True,0.9407907698542584,0.5001018887036562,0.3388779152636303,37.01298701298701,0.3606173938831475,0.4942934941286822,0.9366632876322996,33.333333333333336,4
EYT_1,0,2,F_original_HCP,True,0.9418484003750528,0.4957779255480672,0.3359479210905609,37.66233766233766,0.3844649347161835,0.4903806985043787,0.929984060905364,30.12820512820513,4
EYT_1,0,2,proposed_full,True,0.9407923593469694,0.5000954145240669,0.3388735282446412,37.01298701298701,0.3605928139875221,0.494289325865748,0.936659051344944,33.333333333333336,4
EYT_1,0,3,B_Hadamard,True,0.944238464154104,0.4845737876237324,0.3291861400742104,35.714285714285715,0.378130019598157,0.4777328184723393,0.9310852703269114,30.769230769230774,4
EYT_1,0,3,F_original_HCP,True,0.9461666604540164,0.4763861409541964,0.323624015435457,38.31168831168832,0.4117993494637969,0.4705796361698978,0.9188854978227188,28.205128205128208,4
EYT_1,0,3,proposed_full,True,0.944238086716598,0.4845754422173499,0.32918726409144,35.714285714285715,0.3781258661224911,0.4777345971457984,0.9310889948802176,30.769230769230774,4
EYT_1,0,4,B_Hadamard,True,0.9375930679410068,0.5139966634768487,0.3483334855460385,33.76623376623377,0.3742339121502087,0.5043613984589734,0.9266590255852636,26.282051282051285,4
EYT_1,0,4,F_original_HCP,True,0.9397523231826592,0.5052702569305338,0.3424196346894822,33.76623376623377,0.4081911642054456,0.4964706310077681,0.9133432542635188,30.12820512820513,4
EYT_1,0,4,proposed_full,True,0.9376020130760327,0.5139630130549064,0.3483106807895135,33.11688311688312,0.3744699428254076,0.5043206525441054,0.9265711846423133,26.282051282051285,4
EYT_1,0,5,B_Hadamard,True,0.9394208614799228,0.5037679277641632,0.343735002031698,32.467532467532465,0.3763833116107748,0.4936894631608365,0.9269361683159651,33.333333333333336,4
EYT_1,0,5,F_original_HCP,True,0.9412494839754676,0.4961416837509788,0.3385314016099709,35.714285714285715,0.4031667719890585,0.4872046090671883,0.9164860924490444,32.05128205128205,4
EYT_1,0,5,proposed_full,True,0.9394207511917388,0.503768455777098,0.343735362309749,32.467532467532465,0.3763795391611069,0.4936903623077397,0.9269385026459438,33.333333333333336,4
EYT_1,1,1,B_Hadamard,True,0.9400257163937336,0.5044471391541239,0.3412246674486135,36.36363636363637,0.360004242093711,0.4976589342467934,0.9355474606986104,33.97435897435897,4
EYT_1,1,1,F_original_HCP,True,0.9400258048038812,0.5044466517767555,0.3412243377705016,36.36363636363637,0.360024579887562,0.497656999632068,0.9355410561174684,33.97435897435897,4
EYT_1,1,1,proposed_full,True,0.9400259350267524,0.5044462754913719,0.3412240832386687,36.36363636363637,0.3600038934366067,0.4976582381455356,0.935546408004909,33.97435897435897,4
EYT_1,1,2,B_Hadamard,True,0.9407908817834048,0.5001014323210089,0.3388776060106489,37.01298701298701,0.3606167896054805,0.4942931067704842,0.9366626550622632,33.333333333333336,4
EYT_1,1,2,F_original_HCP,True,0.9408256342740692,0.4999583318680394,0.3387806386040644,35.714285714285715,0.3614755404989491,0.4942015996418935,0.9365764393005198,33.333333333333336,4
EYT_1,1,2,proposed_full,True,0.9407904086966572,0.5001033391957684,0.3388788981428279,37.01298701298701,0.3606483729121553,0.4942927370044798,0.9366582340785616,33.97435897435897,4
EYT_1,1,3,B_Hadamard,True,0.944238482633812,0.4845737061355488,0.3291860847167369,35.714285714285715,0.3781306140462894,0.4777327078580577,0.9310850053134838,30.769230769230774,4
EYT_1,1,3,F_original_HCP,True,0.944184209589227,0.4848057561476033,0.3293437235526034,35.064935064935064,0.3772300857978575,0.4779549755270251,0.9315045110360356,30.12820512820513,4
EYT_1,1,3,proposed_full,True,0.9442396420151892,0.4845686256771471,0.3291826334023369,35.714285714285715,0.3781402172034223,0.4777274846649322,0.9310744101011244,30.769230769230774,4
EYT_1,1,4,B_Hadamard,True,0.9375933058673404,0.5139957331867097,0.3483328550921275,33.76623376623377,0.3742405525861739,0.5043599744800974,0.9266555470322052,26.282051282051285,4
EYT_1,1,4,F_original_HCP,True,0.937610240507204,0.5139008784320316,0.348268572403804,35.064935064935064,0.3759309547557413,0.5039377896345184,0.9253177472216852,28.205128205128204,4
EYT_1,1,4,proposed_full,True,0.937601773130926,0.513963974486088,0.3483113323475845,33.11688311688312,0.3744637665630193,0.5043219252895588,0.926574080323618,26.282051282051285,4
EYT_1,1,5,B_Hadamard,True,0.9394207356494952,0.5037684970881856,0.343735390497464,32.467532467532465,0.3763824701972301,0.493689924878659,0.9269368717141032,33.333333333333336,4
EYT_1,1,5,F_original_HCP,True,0.9394439940758552,0.5036872979848906,0.3436799860693577,33.11688311688312,0.3775081599526813,0.4935265910056221,0.9264887955684564,34.61538461538461,4
EYT_1,1,5,proposed_full,True,0.939420837793775,0.5037680164756784,0.3437350625620556,32.467532467532465,0.376403100027724,0.4936867089155157,0.926926183785808,33.333333333333336,4
EYT_1,2,1,B_Hadamard,True,0.940025386133286,0.5044483881105488,0.3412255122838949,36.36363636363637,0.3600177741482291,0.4976591748189297,0.9355461542564464,33.97435897435897,4
EYT_1,2,1,F_original_HCP,True,0.9400254656424102,0.5044481288175566,0.3412253368895708,36.36363636363637,0.3600032809399756,0.4976598857345062,0.9355492209150674,33.97435897435897,4
EYT_1,2,1,proposed_full,True,0.940025727811908,0.5044470282789615,0.3412245924490002,36.36363636363637,0.3600163358657861,0.497658158951659,0.9355447870181208,33.97435897435897,4
EYT_1,2,2,B_Hadamard,True,0.9407909474846474,0.5001011707206329,0.3388774287455914,37.01298701298701,0.3606028310132834,0.4942938117183005,0.9366655867580506,33.333333333333336,4
EYT_1,2,2,F_original_HCP,True,0.9407907529682492,0.5001019561794926,0.3388779609864546,37.01298701298701,0.3606197298070668,0.4942933865010084,0.936662794931761,33.333333333333336,4
EYT_1,2,2,proposed_full,True,0.9407901151915844,0.5001045494856851,0.3388797182567549,37.01298701298701,0.3606236043926945,0.4942956830716679,0.9366667407624492,33.97435897435897,4
EYT_1,2,3,B_Hadamard,True,0.9442381065447942,0.4845753833028041,0.3291872240689453,35.714285714285715,0.3781349515259152,0.4777339803320444,0.9310868982563902,30.769230769230774,4
EYT_1,2,3,F_original_HCP,True,0.9442402376017152,0.4845657732558945,0.3291806956633053,35.714285714285715,0.3780908393945187,0.4777277944525543,0.9310799613455036,31.410256410256416,4
EYT_1,2,3,proposed_full,True,0.944239183150032,0.4845705371996813,0.3291839319594211,35.714285714285715,0.3781128063166326,0.4777309041441886,0.931083561000136,30.769230769230774,4
EYT_1,2,4,B_Hadamard,True,0.9375931717501474,0.5139962552910984,0.3483332089201861,33.76623376623377,0.3742365070739728,0.504360917807537,0.9266580064788682,26.282051282051285,4
EYT_1,2,4,F_original_HCP,True,0.937592925844869,0.5139972186121169,0.3483338617589921,33.76623376623377,0.3742352114189841,0.5043598928224544,0.9266528156718304,26.282051282051285,4
EYT_1,2,4,proposed_full,True,0.9376019563609194,0.5139632476550123,0.348310839777068,33.11688311688312,0.3744684804988831,0.5043209763043435,0.9265719377624356,26.282051282051285,4
EYT_1,2,5,B_Hadamard,True,0.9394208823144364,0.5037678366695094,0.3437349398752579,32.467532467532465,0.3763833937249322,0.4936893973860206,0.9269360847139468,33.333333333333336,4
EYT_1,2,5,F_original_HCP,True,0.939419503597528,0.5037737824455284,0.3437389968451826,32.467532467532465,0.3764026057324805,0.4936901231045056,0.9269288010534892,33.333333333333336,4
EYT_1,2,5,proposed_full,True,0.9394197522049398,0.5037728774575488,0.3437383793464736,32.467532467532465,0.3763824205057424,0.4936926599475156,0.9269393637807584,33.333333333333336,4
EYT_1,3,1,B_Hadamard,True,0.9400260324167148,0.5044458796378105,0.3412238154702757,36.36363636363637,0.360006190325749,0.4976576626316867,0.935544994807652,33.97435897435897,4
EYT_1,3,1,F_original_HCP,True,0.9400926517747132,0.5041683640167176,0.3410360947594832,37.01298701298701,0.3608528286119367,0.4973712829819952,0.9349424750326002,33.97435897435897,4
EYT_1,3,1,proposed_full,True,0.9400256875571088,0.5044472839218368,0.341224765374265,36.36363636363637,0.3599967321206008,0.4976595774540094,0.9355495693070444,33.97435897435897,4
EYT_1,3,2,B_Hadamard,True,0.9407908942777286,0.5001013889456697,0.3388775766187493,37.01298701298701,0.3605999986888577,0.4942942090072705,0.936666642880609,33.333333333333336,4
EYT_1,3,2,F_original_HCP,True,0.9408166221071204,0.4999970660108895,0.3388068855466877,37.01298701298701,0.3612217257438875,0.4941569355848042,0.9363457425899464,33.333333333333336,4
EYT_1,3,2,proposed_full,True,0.9407904241307186,0.5001033055114145,0.3388788753177119,37.01298701298701,0.3606035413744923,0.4942958030521834,0.9366691864760196,33.333333333333336,4
EYT_1,3,3,B_Hadamard,True,0.9442385082874064,0.4845735921154213,0.3291860072592957,35.714285714285715,0.3781302235386232,0.4777326270240536,0.9310848967077326,30.769230769230774,4
EYT_1,3,3,F_original_HCP,True,0.9442382549713344,0.4845747173073888,0.3291867716374154,35.714285714285715,0.3781293703619473,0.4777337488087751,0.9310871185662416,30.769230769230774,4
EYT_1,3,3,proposed_full,True,0.944238228917112,0.484574843016534,0.3291868570355721,35.714285714285715,0.3781272139205252,0.4777340358885012,0.9310879323020904,30.769230769230774,4
EYT_1,3,4,B_Hadamard,True,0.9375934589991318,0.5139951102133034,0.3483324329055387,33.76623376623377,0.3742416334656221,0.5043605698641652,0.9266586675762306,26.282051282051285,4
EYT_1,3,4,F_original_HCP,True,0.9375931551138412,0.513996293244289,0.3483332346409117,33.76623376623377,0.3742332373118201,0.5043615254112414,0.9266600859751484,26.282051282051285,4
EYT_1,3,4,proposed_full,True,0.9376015446464074,0.5139649101649707,0.3483119664534255,33.11688311688312,0.3744588198527972,0.5043227602263987,0.9265754803287144,26.282051282051285,4
EYT_1,3,5,B_Hadamard,True,0.9394208553647676,0.5037679558251434,0.3437350211784926,32.467532467532465,0.376383247119364,0.4936894892820319,0.926936215001087,33.333333333333336,4
EYT_1,3,5,F_original_HCP,True,0.9391153482960454,0.505017696045918,0.3445877540216365,32.467532467532465,0.3704156150004905,0.4949962414471867,0.9295373115259868,32.05128205128206,4
EYT_1,3,5,proposed_full,True,0.939425297663374,0.503748743435575,0.3437219120256399,32.467532467532465,0.376348859599126,0.4936830457105664,0.9269451283025982,33.333333333333336,4
EYT_1,4,1,B_Hadamard,True,0.94002524385569,0.504449037593114,0.3412259516153038,36.36363636363637,0.3599993954675377,0.4976609793732569,0.9355516502141688,33.97435897435897,4
EYT_1,4,1,F_original_HCP,True,0.939879853814323,0.5050142630427935,0.3416082887347565,33.76623376623377,0.3573070171274022,0.4982493563388637,0.9367024192361396,33.33333333333333,4
EYT_1,4,1,proposed_full,True,0.94002561594735,0.5044475505922866,0.3412249457589446,36.36363636363637,0.3599993274520526,0.4976596940363074,0.935549523516004,33.97435897435897,4
EYT_1,4,2,B_Hadamard,True,0.9407909493119464,0.5001011629976237,0.3388774235123434,37.01298701298701,0.3606034330866963,0.4942937635114921,0.936665428030091,33.333333333333336,4
EYT_1,4,2,F_original_HCP,True,0.9407834043555512,0.500133243393537,0.3388991617579559,37.66233766233766,0.360031303402879,0.4943867141728399,0.9369488075293984,33.333333333333336,4
EYT_1,4,2,proposed_full,True,0.9407908427116488,0.5001015919970879,0.3388777142099939,37.01298701298701,0.3606062903900249,0.4942940972696988,0.936665927105232,33.333333333333336,4
EYT_1,4,3,B_Hadamard,True,0.9442384341436024,0.4845739191702555,0.3291862294378807,35.714285714285715,0.3781295184541293,0.4777329695696155,0.9310856008265194,30.769230769230774,4
EYT_1,4,3,F_original_HCP,True,0.9441186461525356,0.4850864144859407,0.3295343835458523,34.41558441558441,0.3762486084147762,0.4781957589541691,0.931936674145846,31.41025641025641,4
EYT_1,4,3,proposed_full,True,0.944238428468063,0.4845739596912078,0.3291862569650318,35.714285714285715,0.3781330488437415,0.4777328084623265,0.9310849638763016,30.769230769230774,4
EYT_1,4,4,B_Hadamard,True,0.937593046309836,0.5139967484483181,0.3483335431308638,33.76623376623377,0.3742333827547375,0.5043614931418119,0.9266592188267162,26.282051282051285,4
EYT_1,4,4,F_original_HCP,True,0.9375758954981964,0.5140534802084542,0.3483719900180784,33.11688311688312,0.3737101670790884,0.5044890315908248,0.927016070391748,26.282051282051285,4
EYT_1,4,4,proposed_full,True,0.9376016060177788,0.5139646060292721,0.3483117603418775,33.11688311688312,0.3744590616580786,0.5043228318207362,0.9265762275950726,26.282051282051285,4
EYT_1,4,5,B_Hadamard,True,0.9394208552320596,0.5037679556489506,0.3437350210582713,32.467532467532465,0.376383268971351,0.4936894859073209,0.9269362032387516,33.333333333333336,4
EYT_1,4,5,F_original_HCP,True,0.9394207208076882,0.5037685364658154,0.3437354173659265,32.467532467532465,0.3763815696813087,0.4936900160516312,0.926937134991917,33.333333333333336,4
EYT_1,4,5,proposed_full,True,0.939422398873988,0.5037612887946112,0.3437304720763621,32.467532467532465,0.3763852302696103,0.4936852699398306,0.9269322206088992,33.333333333333336,4
EYT_1,5,1,B_Hadamard,True,0.940025388414276,0.5044484636657532,0.3412255633919249,36.36363636363637,0.3599995945125862,0.497660445067036,0.9355506924792186,33.97435897435897,4
EYT_1,5,1,F_original_HCP,True,0.9402035499191568,0.5037488346651924,0.3407523112817948,36.36363636363637,0.3632044755576417,0.496987862464618,0.9343308082451888,33.333333333333336,4
EYT_1,5,1,proposed_full,True,0.940024072810948,0.5044537477023976,0.3412291376884306,36.36363636363637,0.3599829411155122,0.497666416891644,0.935563370039204,33.97435897435897,4
EYT_1,5,2,B_Hadamard,True,0.940790763714178,0.5001019139099251,0.3388779323438455,37.01298701298701,0.3606175634673325,0.4942935068301025,0.9366632916880392,33.333333333333336,4
EYT_1,5,2,F_original_HCP,True,0.9402262327473384,0.5024203609193769,0.3404489531837164,33.76623376623377,0.3507992282814061,0.4965677673592129,0.940902182553369,30.12820512820513,4
EYT_1,5,2,proposed_full,True,0.9407901407132576,0.5001044331364614,0.338879639416456,37.01298701298701,0.3606461547564508,0.4942940119866151,0.9366609904693776,33.97435897435897,4
EYT_1,5,3,B_Hadamard,True,0.9442385424808976,0.4845734347119833,0.3291859003302138,35.714285714285715,0.3781286554903475,0.4777325787728061,0.9310849717801496,30.769230769230774,4
EYT_1,5,3,F_original_HCP,True,0.9442386088850308,0.4845731264084674,0.3291856908899863,35.714285714285715,0.3781265050427596,0.4777323940460372,0.9310847928802948,30.769230769230774,4
EYT_1,5,3,proposed_full,True,0.9442315743216352,0.4846042852186792,0.3292068580449684,35.714285714285715,0.3781314265303158,0.4777607109094641,0.9311365621078928,30.769230769230774,4
EYT_1,5,4,B_Hadamard,True,0.9375934167182474,0.5139952854941241,0.3483325516926507,33.76623376623377,0.374241367431496,0.5043603866703765,0.9266577343547944,26.282051282051285,4
EYT_1,5,4,F_original_HCP,True,0.9375928951117845,0.5139973352447176,0.3483339408004396,33.76623376623377,0.3742290005674875,0.5043623504353074,0.926661269809008,26.282051282051285,4
EYT_1,5,4,proposed_full,True,0.9376019992163572,0.5139631283286644,0.3483107589100788,33.11688311688312,0.3744702160205985,0.504320677382724,0.926571086329183,26.282051282051285,4
EYT_1,5,5,B_Hadamard,True,0.9394208587801056,0.5037679398257459,0.3437350102616545,32.467532467532465,0.3763833433877587,0.4936894658194703,0.9269361577751284,33.333333333333336,4
EYT_1,5,5,F_original_HCP,True,0.9394218557472968,0.5037636420945655,0.3437320777989974,32.467532467532465,0.3763780201650045,0.4936877282867048,0.926937091788995,33.333333333333336,4
EYT_1,5,5,proposed_full,True,0.9394204651130278,0.5037698062740137,0.3437362837917142,32.467532467532465,0.3763890156666316,0.4936898485565854,0.926934424350468,33.333333333333336,4
EYT_1,6,1,B_Hadamard,True,0.9400256391270648,0.5044474381228292,0.3412248696808975,36.36363636363637,0.360006044071974,0.4976590870508924,0.9355474981060838,33.97435897435897,4
EYT_1,6,1,F_original_HCP,True,0.9400255757170136,0.5044477038119354,0.3412250494017638,36.36363636363637,0.3600012271139814,0.4976596307868318,0.9355490327583684,33.97435897435897,4
EYT_1,6,1,proposed_full,True,0.9400244350465048,0.5044522676806557,0.3412281365529547,36.36363636363637,0.3599957798657403,0.4976642013391141,0.9355578247473304,33.97435897435897,4
EYT_1,6,2,B_Hadamard,True,0.940790776721128,0.5001018606152913,0.3388778962304557,37.01298701298701,0.3606175359259958,0.4942934580587772,0.9366632052396108,33.333333333333336,4
EYT_1,6,2,F_original_HCP,True,0.9407915244496946,0.5000988538788848,0.3388758588125051,37.01298701298701,0.3606014178087563,0.4942938581899978,0.936669195900916,33.333333333333336,4
EYT_1,6,2,proposed_full,True,0.9407896071930278,0.5001066552905484,0.3388811451875027,37.01298701298701,0.3605714826872453,0.4943011407198697,0.9366826954575872,33.333333333333336,4
EYT_1,6,3,B_Hadamard,True,0.94423807788615,0.4845755110980503,0.3291873108842557,35.714285714285715,0.3781353302439514,0.4777340743776493,0.9310870321675832,30.769230769230774,4
EYT_1,6,3,F_original_HCP,True,0.9442391370939044,0.4845708297559933,0.3291841307020802,35.714285714285715,0.3781356270891917,0.4777297694471931,0.9310790748028864,30.769230769230774,4
EYT_1,6,3,proposed_full,True,0.944237884879464,0.4845763193683428,0.3291878599675626,35.714285714285715,0.3781222882930608,0.4777356337643759,0.9310913015525288,30.769230769230774,4
EYT_1,6,4,B_Hadamard,True,0.9375930660642504,0.513996671677384,0.3483334911035085,33.76623376623377,0.374233919486173,0.5043613823694986,0.926658955466312,26.282051282051285,4
EYT_1,6,4,F_original_HCP,True,0.9376072335962156,0.5139472908419978,0.3483000259086317,33.76623376623377,0.3746286297004658,0.5042905342772493,0.9264907152560125,26.282051282051285,4
EYT_1,6,4,proposed_full,True,0.9376016063316986,0.5139645917920224,0.3483117506933503,33.11688311688312,0.3744591208430551,0.5043227475168124,0.9265759538238748,26.282051282051285,4
EYT_1,6,5,B_Hadamard,True,0.9394208597149994,0.5037679367423843,0.3437350081577903,32.467532467532465,0.3763833543352765,0.4936894626173081,0.9269361514616722,33.333333333333336,4
EYT_1,6,5,F_original_HCP,True,0.9394210729725052,0.5037669666342672,0.3437343462257831,32.467532467532465,0.3763840390177735,0.4936887435565572,0.9269351964028928,33.333333333333336,4
EYT_1,6,5,proposed_full,True,0.939421948020748,0.5037630883162887,0.34373169994053,32.467532467532465,0.376385986741066,0.4936862633676926,0.926932778652466,33.333333333333336,4
EYT_1,7,1,B_Hadamard,True,0.9400256413026864,0.504447456751598,0.3412248822820105,36.36363636363637,0.3600013720207994,0.4976594146808791,0.9355486705340804,33.97435897435897,4
EYT_1,7,1,F_original_HCP,True,0.9399936723204816,0.5045665518093934,0.3413054421035196,35.714285714285715,0.3594912158469218,0.4978081359756141,0.935882032438597,33.97435897435897,4
EYT_1,7,1,proposed_full,True,0.9400257850699688,0.5044468784665949,0.3412244911109788,36.36363636363637,0.3600027575278977,0.4976588351008215,0.9355475488840068,33.97435897435897,4
EYT_1,7,2,B_Hadamard,True,0.9407907349281636,0.5001020307349553,0.3388780115065593,37.01298701298701,0.360617946619421,0.494293589295829,0.9366633942837012,33.333333333333336,4
EYT_1,7,2,F_original_HCP,True,0.9407877074798696,0.5001144074583174,0.3388863981939633,37.01298701298701,0.3605990816630817,0.4943042082339672,0.9366814309126084,33.333333333333336,4
EYT_1,7,2,proposed_full,True,0.9407878910463858,0.5001136162119371,0.3388858620313735,37.01298701298701,0.3606029892718533,0.4943055256451105,0.9366869343759414,33.97435897435897,4
EYT_1,7,3,B_Hadamard,True,0.9442384801896664,0.4845737162708086,0.3291860916019361,35.714285714285715,0.3781301069757178,0.4777327478949846,0.9310851314931926,30.769230769230774,4
EYT_1,7,3,F_original_HCP,True,0.9442382766899464,0.4845745701437586,0.3291866716645555,35.714285714285715,0.3781237612306825,0.4777337757090739,0.9310873797441918,30.769230769230774,4
EYT_1,7,3,proposed_full,True,0.9442360594210172,0.4845844899385507,0.3291934104916265,35.714285714285715,0.37813995135856,0.4777420734799065,0.9311013715239316,30.769230769230774,4
EYT_1,7,4,B_Hadamard,True,0.9375935712984786,0.5139946675825154,0.3483321329364219,33.76623376623377,0.3742441707109361,0.5043601855140072,0.9266580439979308,26.282051282051285,4
EYT_1,7,4,F_original_HCP,True,0.9375929794097956,0.5139970240689647,0.348333729917875,33.76623376623377,0.374231117805275,0.5043620236817128,0.9266606325363216,26.282051282051285,4
EYT_1,7,4,proposed_full,True,0.9376020676754484,0.5139629155999726,0.3483106147446941,33.11688311688312,0.3744705695051442,0.5043213694835729,0.9265738741011992,26.282051282051285,4
EYT_1,7,5,B_Hadamard,True,0.9394208410146871,0.5037680202102429,0.3437350651102538,32.467532467532465,0.3763831268739256,0.4936895449837782,0.9269363069985066,33.333333333333336,4
EYT_1,7,5,F_original_HCP,True,0.939209033048744,0.5045680716921331,0.3442809627003873,33.11688311688312,0.3729589891301856,0.4944038662702337,0.9281581138749324,33.333333333333336,4
EYT_1,7,5,proposed_full,True,0.939419224027188,0.503775094960552,0.3437398924110362,32.467532467532465,0.3763876925358448,0.4936931061053607,0.9269372744087326,33.333333333333336,4
EYT_1,8,1,B_Hadamard,True,0.9400254406742392,0.5044482544245723,0.3412254218542953,36.36363636363637,0.3600001579121923,0.4976602180380403,0.9355502248204212,33.97435897435897,4
EYT_1,8,1,F_original_HCP,True,0.9401341759249824,0.5040020595636995,0.3409236009474032,36.36363636363637,0.3620868070856073,0.4972152251016817,0.934699295163973,33.33333333333333,4
EYT_1,8,1,proposed_full,True,0.9400259508134304,0.5044462102764886,0.3412240391251727,36.36363636363637,0.3600053724568274,0.4976581693669115,0.9355462584831448,33.97435897435897,4
EYT_1,8,2,B_Hadamard,True,0.9407906358212652,0.5001024354843359,0.3388782857719228,37.01298701298701,0.3606170162523611,0.494294032666376,0.9366643100732488,33.333333333333336,4
EYT_1,8,2,F_original_HCP,True,0.9405982522268288,0.5008904887830181,0.3394122846729593,35.714285714285715,0.3584099041570224,0.4949267382029012,0.9376010182190068,31.41025641025641,4
EYT_1,8,2,proposed_full,True,0.9407901956776876,0.5001042362218301,0.3388795059836071,37.01298701298701,0.3606000358345667,0.4942969607790429,0.9366717881966352,33.333333333333336,4
EYT_1,8,3,B_Hadamard,True,0.9442384273880282,0.4845739510084136,0.329186251066538,35.714285714285715,0.3781300495940454,0.4777329662535394,0.9310855392259156,30.769230769230774,4
EYT_1,8,3,F_original_HCP,True,0.944098221083142,0.4851780935247224,0.329596663986258,35.064935064935064,0.3767963512320782,0.4781922793024162,0.9317669198167828,30.76923076923077,4
EYT_1,8,3,proposed_full,True,0.9442386790152624,0.4845726905232104,0.3291853947794889,35.714285714285715,0.3780949110632681,0.477734000081449,0.9310911814955743,31.410256410256416,4
EYT_1,8,4,B_Hadamard,True,0.9375930397194796,0.5139967744864825,0.3483335607768238,33.76623376623377,0.3742331351326539,0.5043615632280033,0.9266594225413785,26.282051282051285,4
EYT_1,8,4,F_original_HCP,True,0.9376651111610712,0.5137022052547477,0.3481339323852099,35.064935064935064,0.3754705641527016,0.5040518709786309,0.9260522388125716,25.64102564102564,4
EYT_1,8,4,proposed_full,True,0.9376019406763384,0.5139634208800309,0.3483109571709711,33.11688311688312,0.3744677193770128,0.5043217994830668,0.9265745555503512,26.282051282051285,4
EYT_1,8,5,B_Hadamard,True,0.939420854619955,0.5037679583351395,0.3437350228911335,32.467532467532465,0.3763832932576528,0.4936894840290519,0.926936192067562,33.333333333333336,4
EYT_1,8,5,F_original_HCP,True,0.9394644802689106,0.5036489658036265,0.3436538309457809,32.467532467532465,0.3760798045529604,0.4937149084290618,0.927227278969852,32.69230769230769,4
EYT_1,8,5,proposed_full,True,0.9394212624884094,0.5037662283473024,0.3437338424718572,32.467532467532465,0.3763953435155591,0.4936868614271922,0.9269296983244224,33.333333333333336,4
EYT_1,9,1,B_Hadamard,True,0.9400253969716208,0.504448376526082,0.3412255044477799,36.36363636363637,0.3600105176329828,0.4976596432190298,0.9355478967245818,33.97435897435897,4
EYT_1,9,1,F_original_HCP,True,0.9400247059331592,0.5044509439370554,0.3412272411291635,36.36363636363637,0.3600126233025019,0.4976618136681515,0.9355514553309116,33.97435897435897,4
EYT_1,9,1,proposed_full,True,0.9400262583673205,0.5044449713839446,0.341223201097432,36.36363636363637,0.3600085272015826,0.4976567117432277,0.9355430879213104,33.97435897435897,4
EYT_1,9,2,B_Hadamard,True,0.9407909891298072,0.500101000704855,0.338877313539883,37.01298701298701,0.3606033848294112,0.4942936147326509,0.936665163887676,33.333333333333336,4
EYT_1,9,2,F_original_HCP,True,0.9408354825294428,0.4999261908653106,0.3387588592901981,35.714285714285715,0.3591474517112442,0.4943064005267841,0.9369993741276228,30.769230769230766,4
EYT_1,9,2,proposed_full,True,0.9407907127641876,0.5001021146588926,0.3388780683749087,37.01298701298701,0.3606187892856152,0.4942937631491794,0.9366638903998054,33.333333333333336,4
EYT_1,9,3,B_Hadamard,True,0.9442387857468086,0.4845723536840366,0.3291851659540958,35.714285714285715,0.378125973918774,0.4777317507065431,0.9310837234264616,30.769230769230774,4
EYT_1,9,3,F_original_HCP,True,0.9441751575833937,0.4848380293309246,0.3293656477361164,35.714285714285715,0.3776142176461332,0.4778455999060969,0.9310597305011552,31.410256410256416,4
EYT_1,9,3,proposed_full,True,0.9442377039488044,0.4845772419304581,0.3291884866928817,35.714285714285715,0.3781482683180127,0.477734886389449,0.9310872021365548,30.769230769230774,4
EYT_1,9,4,B_Hadamard,True,0.9375928202852806,0.513997633683066,0.3483341430509161,33.76623376623377,0.3742267166736955,0.5043630210935193,0.9266631373672416,26.282051282051285,4
EYT_1,9,4,F_original_HCP,True,0.9375933347386316,0.5139955459332665,0.3483327281912171,33.76623376623377,0.374239277690237,0.504360307596928,0.926657028880567,26.282051282051285,4
EYT_1,9,4,proposed_full,True,0.9376019377459076,0.5139633750744111,0.3483109261286856,33.11688311688312,0.3744685573200629,0.5043210543862349,0.9265720068455916,26.282051282051285,4
EYT_1,9,5,B_Hadamard,True,0.9394208705523108,0.5037678845243586,0.3437349725279651,32.467532467532465,0.3763834425181902,0.4936894181069111,0.9269360792192426,33.333333333333336,4
EYT_1,9,5,F_original_HCP,True,0.9394945065383594,0.5034675951118127,0.343530076630186,31.16883116883117,0.3781979484636826,0.493328000369893,0.9261459478930436,32.05128205128205,4
EYT_1,9,5,proposed_full,True,0.9394206901149732,0.5037686653148129,0.3437355052832153,32.467532467532465,0.3763853122920794,0.4936896228800624,0.9269355134996744,33.333333333333336,4
EYT_1,10,1,B_Hadamard,True,0.9400254350264984,0.5044482245146134,0.3412254016222134,36.36363636363637,0.3600109180436867,0.4976594789812681,0.9355475595598148,33.97435897435897,4
EYT_1,10,1,F_original_HCP,True,0.9400254511551476,0.5044482165499885,0.3412253962346787,36.36363636363637,0.3600006579051905,0.497660102346199,0.9355498606822834,33.97435897435897,4
EYT_1,10,1,proposed_full,True,0.9400254948309488,0.5044480112815096,0.3412252573843156,36.36363636363637,0.3600135468967623,0.4976592588270475,0.9355471090775042,33.97435897435897,4
EYT_1,10,2,B_Hadamard,True,0.9407906941649812,0.5001022061975582,0.338878130403133,37.01298701298701,0.3605971958274842,0.4942951660073178,0.9366687115135152,33.333333333333336,4
EYT_1,10,2,F_original_HCP,True,0.9405356854095996,0.5011440012298572,0.339584069206109,35.714285714285715,0.3578603830752596,0.4952500005265425,0.9383385370175256,32.69230769230769,4
EYT_1,10,2,proposed_full,True,0.9407909674559006,0.5001010808838535,0.3388773678705954,37.01298701298701,0.3606158816040437,0.494292933228167,0.93666262034148,33.333333333333336,4
EYT_1,10,3,B_Hadamard,True,0.9442384852487156,0.4845736937730796,0.3291860763185246,35.714285714285715,0.3781298901007584,0.477732740381876,0.931085139974092,30.769230769230774,4
EYT_1,10,3,F_original_HCP,True,0.9442398995693592,0.4845678405908444,0.32918210006864,35.714285714285715,0.3782115230630706,0.4777283974421735,0.931080338691472,30.769230769230774,4
EYT_1,10,3,proposed_full,True,0.9442396868180654,0.4845683573416906,0.329182451113663,35.714285714285715,0.3781197606481286,0.4777285124573391,0.9310784768669388,30.769230769230774,4
EYT_1,10,4,B_Hadamard,True,0.9375928017045622,0.5139977128150109,0.3483341966783191,33.76623376623377,0.3742269030234515,0.504362802713509,0.9266622386744882,26.282051282051285,4
EYT_1,10,4,F_original_HCP,True,0.937544181640263,0.5141925780530499,0.3484662560716987,33.76623376623377,0.3735134589167351,0.5045259452723241,0.9269157998172366,26.282051282051285,4
EYT_1,10,4,proposed_full,True,0.9376034329644668,0.5139576658619088,0.3483070570181797,33.11688311688312,0.3745072313474795,0.5043143234948476,0.9265577367371102,26.282051282051285,4
EYT_1,10,5,B_Hadamard,True,0.9394208651589142,0.503767910200411,0.3437349900474566,32.467532467532465,0.3763833989346788,0.4936894399708195,0.9269361146615552,33.333333333333336,4
EYT_1,10,5,F_original_HCP,True,0.9394107964478352,0.5037425393572925,0.3437176788088282,31.818181818181817,0.3767660702716248,0.4935596503790352,0.9265187703062624,33.97435897435898,4
EYT_1,10,5,proposed_full,True,0.939419074788346,0.5037757783840096,0.3437403587300507,32.467532467532465,0.3763912971166711,0.4936930193344178,0.9269358295408936,33.333333333333336,4
Wheat_1,0,1,B_Hadamard,True,0.8803014866895371,0.371718225881493,0.475571597651221,36.36363636363637,0.4894060959362569,0.3718351836749406,0.8729263444027006,38.79598662207358,2
Wheat_1,0,1,F_original_HCP,True,0.8934968658445551,0.3510201689473208,0.4490907653457361,43.18181818181818,0.5635081282268446,0.3531570745600176,0.8288383394730303,42.50836120401338,2
Wheat_1,0,1,proposed_full,True,0.8804447729024545,0.3715038531674486,0.4752973319117106,36.36363636363637,0.4907174027248208,0.3715844960756641,0.8723420579412889,40.20066889632107,2
Wheat_1,0,2,B_Hadamard,True,0.8702118822667991,0.3927344576776852,0.4937128438845385,37.07865168539326,0.4644998388138681,0.387349301662826,0.8871653411846477,38.52564102564102,2
Wheat_1,0,2,F_original_HCP,True,0.8867447728104815,0.3681779631527883,0.4628424771247368,41.57303370786517,0.5422480058793075,0.3678707527029077,0.8424921982463891,42.37179487179488,2
Wheat_1,0,2,proposed_full,True,0.8702925419890429,0.392638921145274,0.4935927433632078,37.07865168539326,0.4646928298588212,0.3873243371003231,0.887107299058141,38.52564102564102,2
Wheat_1,0,3,B_Hadamard,True,0.8765143405031062,0.3866933253346823,0.4848240023364933,35.16483516483517,0.4274799211702219,0.3817938879067401,0.9129823401476492,33.07692307692308,2
Wheat_1,0,3,F_original_HCP,True,0.8930701790233622,0.3614135458086615,0.453129005073787,39.56043956043956,0.5185194728559597,0.3612130659343727,0.863828451210525,36.15384615384615,2
Wheat_1,0,3,proposed_full,True,0.8764395702561524,0.3868719048792323,0.4850478997866218,35.16483516483517,0.4245796568882468,0.3825403080797344,0.9147750208601172,34.230769230769226,2
Wheat_1,0,4,B_Hadamard,True,0.8766880867909833,0.386397633691543,0.482791647298523,25.84269662921348,0.4412286175761757,0.3839868309771244,0.9041999445926988,24.26282051282051,2
Wheat_1,0,4,F_original_HCP,True,0.8863148694601473,0.3705629606128299,0.4630067230818072,28.08988764044944,0.4849046990286701,0.3731378166143554,0.8786152659168911,22.179487179487182,2
Wheat_1,0,4,proposed_full,True,0.876476937917021,0.386722900094673,0.4831980574027405,26.96629213483146,0.4399151002098722,0.3843168206712722,0.9049769427730352,26.346153846153847,2
Wheat_1,0,5,B_Hadamard,True,0.8762106811088999,0.3970011039815798,0.483553619099416,33.69565217391305,0.4735443743546657,0.3960994225561515,0.8856211624333701,31.737891737891736,2
Wheat_1,0,5,F_original_HCP,True,0.889938293572494,0.3756130739916422,0.457502660542079,34.78260869565217,0.5454665447889999,0.3786530434254824,0.8460230069709094,29.88603988603989,2
Wheat_1,0,5,proposed_full,True,0.8762549250037012,0.3969612841988841,0.4835051179747562,33.69565217391305,0.4735388483190366,0.3961632206519387,0.8857484575944843,33.58974358974359,2
Wheat_1,1,1,B_Hadamard,True,0.8803010024965569,0.3717189479809462,0.4755725214961302,36.36363636363637,0.4894015335226727,0.3718364986231041,0.8729293621971862,39.56521739130434,2
Wheat_1,1,1,F_original_HCP,True,0.8802792497406289,0.3717518085498735,0.4756145628924794,36.36363636363637,0.4893375844449796,0.3718526283978823,0.8729691834067846,39.56521739130434,2
Wheat_1,1,1,proposed_full,True,0.8804340116670655,0.3715206636607904,0.4753188390443159,36.36363636363637,0.4906599248961728,0.3716072093120692,0.872394691480924,40.96989966555184,2
Wheat_1,1,2,B_Hadamard,True,0.8702137934061801,0.3927316040940036,0.4937092565983019,37.07865168539326,0.4645046267555923,0.3873470684607342,0.8871602191176726,37.756410256410255,2
Wheat_1,1,2,F_original_HCP,True,0.8702086297079844,0.3927396580080332,0.493719381303996,37.07865168539326,0.4644581700848825,0.3873597897911295,0.8871892957894112,37.756410256410255,2
Wheat_1,1,2,proposed_full,True,0.8702979479947351,0.3926309808202397,0.4935827614520782,37.07865168539326,0.4646944529971949,0.3873205745899705,0.8870986307887057,37.756410256410255,2
Wheat_1,1,3,B_Hadamard,True,0.8765155818307802,0.3866913221796815,0.4848214908433766,35.16483516483517,0.4274867874759758,0.3817912345622059,0.9129759860346552,33.07692307692308,2
Wheat_1,1,3,F_original_HCP,True,0.8763703023431972,0.386929663883831,0.4851203162209015,35.16483516483517,0.4261825727955203,0.3821373608653373,0.913805183075798,32.30769230769231,2
Wheat_1,1,3,proposed_full,True,0.8764379186527049,0.3868739110786224,0.4850504150966985,35.16483516483517,0.424542289203536,0.3825468747983602,0.9147907865038548,34.230769230769226,2
Wheat_1,1,4,B_Hadamard,True,0.8766880312179401,0.3863977430596744,0.482791783950551,25.84269662921348,0.4412263574115186,0.3839871362496321,0.9042006619531489,24.26282051282051,2
Wheat_1,1,4,F_original_HCP,True,0.8766910321037888,0.3863953174895983,0.4827887532773001,25.84269662921348,0.4412264763019778,0.3839871536276817,0.9042006845283392,24.26282051282051,2
Wheat_1,1,4,proposed_full,True,0.8764799625091608,0.3867194749800948,0.483193777830183,26.96629213483146,0.4399320793266441,0.3843133220168445,0.9049687049703872,26.346153846153847,2
Wheat_1,1,5,B_Hadamard,True,0.8762106240408022,0.3970013479126159,0.4835539162112732,33.69565217391305,0.4735452892094688,0.3961005506536301,0.8856235536091726,31.737891737891736,2
Wheat_1,1,5,F_original_HCP,True,0.8762080168543355,0.3970037193019821,0.4835568046010001,33.69565217391305,0.4735458601158613,0.3960926750838283,0.8856074623679984,31.737891737891736,2
Wheat_1,1,5,proposed_full,True,0.8762562907779032,0.396958791124006,0.4835020813701527,33.69565217391305,0.4735373482069517,0.3961596703732919,0.8857406773452186,33.58974358974359,2
Wheat_1,2,1,B_Hadamard,True,0.8803009212845627,0.371719072395024,0.475572680669928,36.36363636363637,0.4894012217481659,0.3718366250447045,0.8729296587567541,38.79598662207358,2
Wheat_1,2,1,F_original_HCP,True,0.8802915223817614,0.3716539515912164,0.475489365937018,36.36363636363637,0.4870654114247715,0.3722765573227246,0.8739033387469604,38.79598662207358,2
Wheat_1,2,1,proposed_full,True,0.8804425547171386,0.3715073100744613,0.4753017546348284,36.36363636363637,0.4907051848853699,0.3715893000196965,0.8723531786458406,40.20066889632107,2
Wheat_1,2,2,B_Hadamard,True,0.8702149431452928,0.3927299847852705,0.493707220939082,37.07865168539326,0.4645044925627637,0.3873465474823408,0.887159012466166,37.756410256410255,2
Wheat_1,2,2,F_original_HCP,True,0.8702946169964635,0.3926410033817801,0.4935953609764246,38.20224719101124,0.4637137653241232,0.3876137756774284,0.8877666220760991,38.52564102564102,2
Wheat_1,2,2,proposed_full,True,0.8702894340873791,0.3926439350300111,0.49359904639887,37.07865168539326,0.4646879859838836,0.3873285461916228,0.8871169485390907,37.756410256410255,2
Wheat_1,2,3,B_Hadamard,True,0.8765138739052992,0.3866939361203403,0.4848247681204566,35.16483516483517,0.4274723904708989,0.381795387073958,0.9129859372776076,33.07692307692308,2
Wheat_1,2,3,F_original_HCP,True,0.8765454226217305,0.3866426051776412,0.4847604109892298,35.16483516483517,0.4277559190606969,0.3817366706067537,0.9128454196115384,32.30769230769231,2
Wheat_1,2,3,proposed_full,True,0.8764389769349038,0.3868724346926527,0.485048564050125,35.16483516483517,0.42455662486016,0.3825437991882051,0.914783409696864,34.230769230769226,2
Wheat_1,2,4,B_Hadamard,True,0.8766880490098184,0.3863976362801294,0.48279165053288,25.84269662921348,0.4412288337443893,0.3839867604842534,0.9041997791504544,24.26282051282051,2
Wheat_1,2,4,F_original_HCP,True,0.8759258849060912,0.3875512169286421,0.4842330131423408,28.08988764044944,0.4341775750167394,0.3860493973633556,0.9090498598645708,27.66025641025641,2
Wheat_1,2,4,proposed_full,True,0.8764635914214521,0.3867414677585741,0.4832212571127275,26.96629213483146,0.4397804350720036,0.3843438245482356,0.9050404660113728,26.346153846153847,2
Wheat_1,2,5,B_Hadamard,True,0.876210258104608,0.3970016441290116,0.4835542770075247,33.69565217391305,0.4735453295737851,0.3960992506638563,0.8856208834259145,31.737891737891736,2
Wheat_1,2,5,F_original_HCP,True,0.8757536297062913,0.3978162632799469,0.4845464960081065,31.52173913043478,0.4670810911705615,0.3975831286103445,0.8888388141776961,32.50712250712251,2
Wheat_1,2,5,proposed_full,True,0.8762539706904455,0.3969620402698755,0.4835060388811732,33.69565217391305,0.4735437473456121,0.3961590466923663,0.8857398562552388,33.58974358974359,2
Wheat_1,3,1,B_Hadamard,True,0.8803008783875913,0.3717191360521248,0.4755727621120179,36.36363636363637,0.4894005087921491,0.3718368121427729,0.8729300835795586,39.56521739130434,2
Wheat_1,3,1,F_original_HCP,True,0.880307704137974,0.371708500742884,0.4755591554318633,36.36363636363637,0.4894444260831289,0.3718220080766451,0.8728958156920594,39.56521739130434,2
Wheat_1,3,1,proposed_full,True,0.8804442169417094,0.3715047569071162,0.4752984881448131,36.36363636363637,0.4907153214839,0.3715856936766478,0.8723448351797854,40.96989966555184,2
Wheat_1,3,2,B_Hadamard,True,0.8702126617742065,0.3927333382568384,0.4937114366424721,37.07865168539326,0.4645002754674294,0.3873488209233582,0.8871642323447574,37.756410256410255,2
Wheat_1,3,2,F_original_HCP,True,0.8703621713707927,0.3925064515494427,0.4934262136900215,37.07865168539326,0.4659162042883646,0.3869933437497471,0.886351707904615,38.52564102564102,2
Wheat_1,3,2,proposed_full,True,0.8702790011505697,0.3926582133082659,0.4936169958535846,37.07865168539326,0.4646840625330715,0.3873328627276386,0.8871269568468336,38.52564102564102,2
Wheat_1,3,3,B_Hadamard,True,0.8765138266508171,0.3866940039283477,0.4848248531360164,35.16483516483517,0.4274718216494019,0.3817955258916778,0.912986270208504,33.07692307692308,2
Wheat_1,3,3,F_original_HCP,True,0.8765142016878709,0.3866929961785594,0.4848235896508366,35.16483516483517,0.4274591351058977,0.3817962849172276,0.9129881090980004,33.07692307692308,2
Wheat_1,3,3,proposed_full,True,0.8764459982483973,0.3868633489665436,0.4850371726507712,35.16483516483517,0.4246782291334926,0.3825207648223641,0.9147281355127612,34.230769230769226,2
Wheat_1,3,4,B_Hadamard,True,0.8766880768057462,0.3863977351888444,0.4827917741161975,25.84269662921348,0.4412268423512829,0.383987154563492,0.9042007048805476,24.26282051282051,2
Wheat_1,3,4,F_original_HCP,True,0.8768720344591542,0.3861174709998458,0.482441592858117,25.84269662921348,0.4423409476840193,0.3836828873394577,0.9034844206964984,27.115384615384613,2
Wheat_1,3,4,proposed_full,True,0.8764917191704764,0.3867037794401767,0.483174166748459,26.96629213483146,0.4398552391815196,0.384315199925368,0.904972994937802,26.346153846153847,2
Wheat_1,3,5,B_Hadamard,True,0.8762105966163901,0.3970012099720862,0.4835537481975279,33.69565217391305,0.4735443359275754,0.3960992700190313,0.8856208596520296,31.737891737891736,2
Wheat_1,3,5,F_original_HCP,True,0.8762051540219742,0.3970110608752692,0.4835657467532945,33.69565217391305,0.4735045787197545,0.3961087918480397,0.8856421945307704,31.737891737891736,2
Wheat_1,3,5,proposed_full,True,0.876251457804501,0.3969657140642248,0.4835105136207536,33.69565217391305,0.4735564590921674,0.3961589092460399,0.8857401130134553,33.58974358974359,2
Wheat_1,4,1,B_Hadamard,True,0.8803020952810858,0.3717173077579848,0.4755704230156146,36.36363636363637,0.4894107312291813,0.371833750497304,0.8729230399593468,38.79598662207358,2
Wheat_1,4,1,F_original_HCP,True,0.8806120225131067,0.3711555428102714,0.4748517080452767,39.77272727272727,0.48902532847965,0.3717324723154643,0.8726313743646468,41.73913043478261,2
Wheat_1,4,1,proposed_full,True,0.8804437202965308,0.3715055129259584,0.4752994553857596,36.36363636363637,0.490711586262985,0.3715868939166668,0.8723476010566817,40.20066889632107,2
Wheat_1,4,2,B_Hadamard,True,0.8702130208213289,0.392732816093683,0.4937107802227172,37.07865168539326,0.4645007635243297,0.387348511316018,0.8871635206725944,38.52564102564102,2
Wheat_1,4,2,F_original_HCP,True,0.8690216248370239,0.3943656536694099,0.4957634467696778,37.07865168539326,0.456881154363983,0.3898317053738362,0.8928399731231096,39.2948717948718,2
Wheat_1,4,2,proposed_full,True,0.8702948356298272,0.3926363769091656,0.4935895449628128,37.07865168539326,0.4646585916925743,0.3873316850801541,0.8871240054187763,38.52564102564102,2
Wheat_1,4,3,B_Hadamard,True,0.8765136123869066,0.3866943164211838,0.484825244929765,34.065934065934066,0.4274694772473544,0.3817961021287193,0.9129876517997336,33.07692307692308,2
Wheat_1,4,3,F_original_HCP,True,0.8766924381901099,0.3864337418391997,0.4844985446650647,34.065934065934066,0.4280127156112172,0.381737011532409,0.9128490443368372,33.84615384615385,2
Wheat_1,4,3,proposed_full,True,0.8764397716545499,0.3868714833372106,0.4850473712704135,34.065934065934066,0.424574327049096,0.3825407244768074,0.9147760279673834,34.230769230769226,2
Wheat_1,4,4,B_Hadamard,True,0.8766879415612479,0.3863978068077389,0.4827918636017455,25.84269662921348,0.4412271305631451,0.3839870641171174,0.9042004931215856,24.26282051282051,2
Wheat_1,4,4,F_original_HCP,True,0.8769806758031891,0.3857315595852982,0.4819594087262921,28.08988764044944,0.4438616464449115,0.3829873593718376,0.9018489678011112,27.115384615384613,2
Wheat_1,4,4,proposed_full,True,0.8764750772689842,0.3867258075610109,0.4832016901901603,26.96629213483146,0.4398639416018642,0.3843251919072382,0.904996613664946,26.346153846153847,2
Wheat_1,4,5,B_Hadamard,True,0.8762108893005455,0.3970010034053547,0.4835534965959843,33.69565217391305,0.4735448437598837,0.3961007072179041,0.8856238295368208,31.737891737891736,2
Wheat_1,4,5,F_original_HCP,True,0.8762181745382122,0.396990843421873,0.4835411215755289,33.69565217391305,0.4735289518511963,0.3961074030301389,0.8856363060758712,31.737891737891736,2
Wheat_1,4,5,proposed_full,True,0.8762541952084016,0.3969618185521329,0.4835057688254585,33.69565217391305,0.4735487618692742,0.3961592606683035,0.885740270123053,33.58974358974359,2
Wheat_1,5,1,B_Hadamard,True,0.8803017829136964,0.3717177722160952,0.4755710172374479,36.36363636363637,0.4894079787378271,0.3718345498408666,0.8729248774246965,38.79598662207358,2
Wheat_1,5,1,F_original_HCP,True,0.8804203620924637,0.3714635126943777,0.4752457208205867,38.63636363636363,0.4910600261640437,0.3713747655095306,0.8718694472220319,39.56521739130434,2
Wheat_1,5,1,proposed_full,True,0.8804434972484212,0.3715059475981355,0.4753000114998463,36.36363636363637,0.4907130472085529,0.3715870210208958,0.8723479353670288,40.20066889632107,2
Wheat_1,5,2,B_Hadamard,True,0.8702131056212695,0.3927326752065605,0.493710603111235,37.07865168539326,0.4645014613009491,0.3873482747071646,0.8871629799741882,38.52564102564102,2
Wheat_1,5,2,F_original_HCP,True,0.869699394027974,0.393497450570775,0.4946720146009013,38.20224719101124,0.4610740335517168,0.3882835966232886,0.8893029334402394,39.2948717948718,2
Wheat_1,5,2,proposed_full,True,0.8702841581331916,0.3926506810986045,0.4936075269908964,37.07865168539326,0.4646809862794633,0.387330508403111,0.8871215012637219,38.52564102564102,2
Wheat_1,5,3,B_Hadamard,True,0.876513256400864,0.3866947232372499,0.4848257549830306,34.065934065934066,0.42746168340221,0.3817974482353324,0.9129908835732384,33.07692307692308,2
Wheat_1,5,3,F_original_HCP,True,0.8753590512180206,0.3881861018599055,0.4866955988760153,34.065934065934066,0.4193747813555866,0.3835002683061091,0.9170659645867404,36.92307692307692,2
Wheat_1,5,3,proposed_full,True,0.8764400397987684,0.3868698309505776,0.4850452995597106,34.065934065934066,0.4245379931439092,0.3825433318668364,0.914782320940019,34.230769230769226,2
Wheat_1,5,4,B_Hadamard,True,0.8766883994681307,0.3863972810496524,0.4827912066836112,25.84269662921348,0.4412286027465484,0.3839866160961156,0.9041994375733816,24.26282051282051,2
Wheat_1,5,4,F_original_HCP,True,0.876693137460814,0.3863916207640832,0.48278413433545,25.84269662921348,0.4412510557729798,0.383981020323884,0.90418626060674,24.26282051282051,2
Wheat_1,5,4,proposed_full,True,0.8764684472706528,0.386736655429819,0.4832152442598411,26.96629213483146,0.4398097080833166,0.3843394329631995,0.905030121894104,26.346153846153847,2
Wheat_1,5,5,B_Hadamard,True,0.8762105216108098,0.3970013779958457,0.4835539528531226,33.69565217391305,0.4735451039616632,0.3960998523318387,0.8856221001787989,31.737891737891736,2
Wheat_1,5,5,F_original_HCP,True,0.8744867087136309,0.3994414645715605,0.4865260168669735,31.52173913043478,0.452243915733228,0.400127147866778,0.8943884575825389,39.14529914529915,2
Wheat_1,5,5,proposed_full,True,0.8762596788524362,0.3969590268214101,0.483502368453316,33.69565217391305,0.473540742081563,0.3961918903687355,0.8858079712820459,33.58974358974359,2
Wheat_1,6,1,B_Hadamard,True,0.8803017374437954,0.3717178468478883,0.4755711127204202,36.36363636363637,0.4894078849665241,0.3718346187684392,0.8729250399090005,38.79598662207358,2
Wheat_1,6,1,F_original_HCP,True,0.8802935516137032,0.3716730524174779,0.4755138032925985,36.36363636363637,0.4922060075718918,0.3710443718925101,0.8711565945084916,38.79598662207358,2
Wheat_1,6,1,proposed_full,True,0.8804457279381641,0.3715023891483178,0.4752954588641477,36.36363636363637,0.4907215439664018,0.3715830405283477,0.8723386398319759,40.20066889632107,2
Wheat_1,6,2,B_Hadamard,True,0.8702114414705074,0.3927351496369097,0.4937137137576803,37.07865168539326,0.4644975538099135,0.3873501549936309,0.8871672934784519,38.52564102564102,2
Wheat_1,6,2,F_original_HCP,True,0.8705465477204092,0.3920920102886762,0.492905212872609,39.325842696629216,0.4643671398946677,0.3873362011932936,0.8871275730231847,39.2948717948718,2
Wheat_1,6,2,proposed_full,True,0.8702869897876536,0.3926471922339069,0.4936031410826113,37.07865168539326,0.464668732600823,0.3873327680312595,0.8871266054261115,38.52564102564102,2
Wheat_1,6,3,B_Hadamard,True,0.8765137708400464,0.3866941296424151,0.484825010752384,35.16483516483517,0.4274727789496341,0.3817955046889706,0.9129862175318209,33.07692307692308,2
Wheat_1,6,3,F_original_HCP,True,0.8769685484937457,0.3861441611220819,0.4841354774149357,36.26373626373626,0.4300047101876149,0.3816527923112656,0.9126504001304772,33.84615384615385,2
Wheat_1,6,3,proposed_full,True,0.8764571052250582,0.3868469541906975,0.4850166173933556,35.16483516483517,0.424817523319521,0.3824879053264195,0.9146493309170742,34.230769230769226,2
Wheat_1,6,4,B_Hadamard,True,0.8766876992813016,0.3863980845216824,0.4827922105965525,25.84269662921348,0.4412255069367413,0.3839873650883907,0.9042012016503044,24.26282051282051,2
Wheat_1,6,4,F_original_HCP,True,0.8766888837929381,0.3863956742555604,0.482789199045109,25.84269662921348,0.4412499111449542,0.3839826740504624,0.9041901726919952,24.26282051282051,2
Wheat_1,6,4,proposed_full,True,0.8764687753835059,0.3867375002368247,0.4832162998195298,26.96629213483146,0.4397803818204731,0.3843437048879619,0.9050401553454984,26.346153846153847,2
Wheat_1,6,5,B_Hadamard,True,0.8762108915548512,0.3970008187505827,0.4835532716835535,33.69565217391305,0.4735439942104769,0.3960994810324065,0.8856212423475069,31.737891737891736,2
Wheat_1,6,5,F_original_HCP,True,0.8764346066243679,0.3966532074102764,0.4831298755771968,35.869565217391305,0.4729303722266919,0.3961317889382636,0.8856371850464444,34.358974358974365,2
Wheat_1,6,5,proposed_full,True,0.8762535394250841,0.3969635816065514,0.4835079162536046,33.69565217391305,0.4735438892709468,0.3961636862227108,0.8857497694963723,33.58974358974359,2
Wheat_1,7,1,B_Hadamard,True,0.8803018619145985,0.3717176551721443,0.4755708674928971,36.36363636363637,0.4894086899306826,0.3718343456262242,0.8729244081814763,38.79598662207358,2
Wheat_1,7,1,F_original_HCP,True,0.8802978220932787,0.371723919153912,0.4755788815519599,36.36363636363637,0.4893825032954865,0.3718433733022733,0.8729452792175347,38.79598662207358,2
Wheat_1,7,1,proposed_full,True,0.8804437500180754,0.3715054516351515,0.4752993769710762,36.36363636363637,0.4907123234484135,0.3715867020975362,0.8723471659732986,40.20066889632107,2
Wheat_1,7,2,B_Hadamard,True,0.8702129734818181,0.3927328737700711,0.4937108527286384,37.07865168539326,0.4645009967808263,0.3873484764320541,0.8871634419212941,37.756410256410255,2
Wheat_1,7,2,F_original_HCP,True,0.8692365011449328,0.3941748482184223,0.4955235821487,39.325842696629216,0.4628448435227996,0.3878449020521295,0.8883119390843608,36.98717948717949,2
Wheat_1,7,2,proposed_full,True,0.8702873249538202,0.3926465656432493,0.493602353385353,37.07865168539326,0.4646733097082899,0.3873312518239026,0.8871231439960159,37.756410256410255,2
Wheat_1,7,3,B_Hadamard,True,0.8765135332405364,0.3866944171555764,0.4848253712273973,35.16483516483517,0.4274681166799057,0.3817963566246622,0.9129882624816916,33.07692307692308,2
Wheat_1,7,3,F_original_HCP,True,0.8750273994489935,0.3890116910257684,0.4877306967622611,36.26373626373626,0.4137283476790774,0.384985283409913,0.920626230076807,35.0,2
Wheat_1,7,3,proposed_full,True,0.8764314940176807,0.3868832942024264,0.4850621793639848,35.16483516483517,0.424464774237082,0.3825650562903901,0.9148343857145916,34.230769230769226,2
Wheat_1,7,4,B_Hadamard,True,0.8766886952315549,0.3863971875687225,0.4827910898821398,25.84269662921348,0.4412259591054036,0.383987094800221,0.9042005604911988,24.26282051282051,2
Wheat_1,7,4,F_original_HCP,True,0.876690892879648,0.3863930573218234,0.4827859292690038,25.84269662921348,0.441267783047832,0.3839780088652358,0.9041792028632256,24.26282051282051,2
Wheat_1,7,4,proposed_full,True,0.876471226556034,0.3867284760200695,0.4832050243455286,26.96629213483146,0.4399099683474209,0.3843187353339393,0.904981478764354,26.346153846153847,2
Wheat_1,7,5,B_Hadamard,True,0.8762105211559117,0.3970014292501442,0.4835540152816681,33.69565217391305,0.4735452283420931,0.3961001411512573,0.8856227107205794,31.737891737891736,2
Wheat_1,7,5,F_original_HCP,True,0.8757190554766766,0.3976311248085258,0.4843209944238732,33.69565217391305,0.4663738067915263,0.3973433199197417,0.888310857511412,37.293447293447294,2
Wheat_1,7,5,proposed_full,True,0.8762564341905573,0.3969604654986975,0.4835041207849898,33.69565217391305,0.4735429433552449,0.3961714996081159,0.8857656188332479,33.58974358974359,2
Wheat_1,8,1,B_Hadamard,True,0.8803018866968823,0.3717176247798769,0.4755708286094146,36.36363636363637,0.4894089628883493,0.3718342916048159,0.8729242841179354,38.79598662207358,2
Wheat_1,8,1,F_original_HCP,True,0.8802680326601601,0.3717483888278529,0.4756101877433701,36.36363636363637,0.4888010133705907,0.3719764696506091,0.8732450486481362,38.79598662207358,2
Wheat_1,8,1,proposed_full,True,0.8804400849741796,0.3715114181514087,0.4753070104565264,36.36363636363637,0.4906990461097536,0.371593923051868,0.8723639717911897,40.20066889632107,2
Wheat_1,8,2,B_Hadamard,True,0.8702129105082789,0.3927329704643388,0.4937109742845674,37.07865168539326,0.4645007968566406,0.3873485568958097,0.8871636263974216,38.52564102564102,2
Wheat_1,8,2,F_original_HCP,True,0.8694967862141182,0.3937249016893333,0.4949579470837604,38.20224719101124,0.4623722278673977,0.3880938072346789,0.888873416025393,38.52564102564102,2
Wheat_1,8,2,proposed_full,True,0.8703148072151596,0.3926067788588858,0.4935523367747065,37.07865168539326,0.464702179569295,0.3873102740341446,0.8870748694711511,38.52564102564102,2
Wheat_1,8,3,B_Hadamard,True,0.8765136796149744,0.3866942471344872,0.484825158060271,35.16483516483517,0.427471230086358,0.3817958103392126,0.9129869510091416,33.07692307692308,2
Wheat_1,8,3,F_original_HCP,True,0.8755694076450654,0.388315197080519,0.4868574544277919,35.16483516483517,0.4209273442570843,0.3839086761873226,0.9180464206950067,31.53846153846154,2
Wheat_1,8,3,proposed_full,True,0.8764374438204827,0.3868741158590342,0.4850506718439768,35.16483516483517,0.424516429715926,0.3825503443744892,0.9147991279439952,34.230769230769226,2
Wheat_1,8,4,B_Hadamard,True,0.8766880422604731,0.3863977511196025,0.4827917940211768,25.84269662921348,0.4412263711882617,0.3839871685719059,0.9042007378808892,24.26282051282051,2
Wheat_1,8,4,F_original_HCP,True,0.8766870266711633,0.3863989957192049,0.4827933491090963,25.84269662921348,0.4412234109138404,0.3839882496966831,0.9042032848556644,24.26282051282051,2
Wheat_1,8,4,proposed_full,True,0.8764859803556391,0.3867111950546644,0.4831834323246999,26.96629213483146,0.4399820845677372,0.3843031130816923,0.9049446802631664,26.346153846153847,2
Wheat_1,8,5,B_Hadamard,True,0.8762103108371279,0.3970016056494914,0.4835542301388609,33.69565217391305,0.4735453786555373,0.3960994830071618,0.8856213627981045,31.737891737891736,2
Wheat_1,8,5,F_original_HCP,True,0.8762097015440722,0.3970028325042777,0.4835557244673806,33.69565217391305,0.4735491740963971,0.3961014828852248,0.8856257192872485,31.737891737891736,2
Wheat_1,8,5,proposed_full,True,0.8762548496924984,0.3969611292347692,0.4835049292260152,33.69565217391305,0.4735451824311476,0.396161193493238,0.8857442029254821,33.58974358974359,2
Wheat_1,9,1,B_Hadamard,True,0.8803014603839386,0.3717182674524076,0.4755716508365235,36.36363636363637,0.4894059359605095,0.3718352426755542,0.8729264808798038,38.79598662207358,2
Wheat_1,9,1,F_original_HCP,True,0.8803006956633542,0.3717195353752712,0.4755732730010017,36.36363636363637,0.4894037620946415,0.3718365666809947,0.8729295826345229,38.79598662207358,2
Wheat_1,9,1,proposed_full,True,0.8804436917055931,0.3715058358887818,0.4752998685803117,36.36363636363637,0.4907202268372816,0.3715856636818208,0.8723448942529535,40.20066889632107,2
Wheat_1,9,2,B_Hadamard,True,0.8702131362718688,0.3927326356389523,0.4937105533701543,37.07865168539326,0.4645012974903504,0.3873483101762572,0.8871630602812139,38.52564102564102,2
Wheat_1,9,2,F_original_HCP,True,0.8690525576452932,0.3944493818687348,0.4958687028443458,37.07865168539326,0.4550234082346411,0.3900560340845113,0.8933519815733615,43.46153846153846,2
Wheat_1,9,2,proposed_full,True,0.8702967658665131,0.3926326376793027,0.4935848443164258,37.07865168539326,0.4646926983855391,0.3873214936398138,0.8871007446630115,38.52564102564102,2
Wheat_1,9,3,B_Hadamard,True,0.8765138498397713,0.3866940417310688,0.4848249005318864,35.16483516483517,0.4274745642109124,0.3817952136514747,0.912985518799613,33.07692307692308,2
Wheat_1,9,3,F_original_HCP,True,0.8760182887197832,0.3873423077266144,0.4856376761707393,36.26373626373626,0.4233552070775925,0.382696609259697,0.9151445787141498,33.07692307692308,2
Wheat_1,9,3,proposed_full,True,0.8764405501574166,0.3868704805106641,0.4850461139578402,35.16483516483517,0.4245892611595476,0.3825379350185396,0.914769332956056,34.230769230769226,2
Wheat_1,9,4,B_Hadamard,True,0.8766880266623386,0.3863977215944179,0.4827917571303906,25.84269662921348,0.441227965710068,0.3839869627221465,0.9042002544862364,24.26282051282051,2
Wheat_1,9,4,F_original_HCP,True,0.8761844094593482,0.3870747086791542,0.4836376311247966,26.96629213483146,0.4385942112811083,0.3846631215232496,0.9057924260099506,26.346153846153847,2
Wheat_1,9,4,proposed_full,True,0.8764793254766674,0.3867240383894654,0.4831994796661552,26.96629213483146,0.4398471485450491,0.3843285155255297,0.9050044016100484,26.346153846153847,2
Wheat_1,9,5,B_Hadamard,True,0.8762102864631792,0.397001446932518,0.483554036819079,33.69565217391305,0.4735443005134526,0.3960980732596664,0.88561839621931,31.737891737891736,2
Wheat_1,9,5,F_original_HCP,True,0.8742621466127619,0.399899767435749,0.4870842369988559,33.69565217391305,0.4581851815506516,0.3992430224944906,0.8926124797479429,30.1994301994302,2
Wheat_1,9,5,proposed_full,True,0.8762590207991827,0.3969564856108631,0.4834992732187068,33.69565217391305,0.4735258561618813,0.396170732860328,0.8857634291521244,33.58974358974359,2
Wheat_1,10,1,B_Hadamard,True,0.8803014678276871,0.3717182640582051,0.4755716464940236,36.36363636363637,0.4894061640080222,0.3718352120700857,0.872926412207181,39.56521739130434,2
Wheat_1,10,1,F_original_HCP,True,0.8802966547556235,0.3717233254337038,0.4755781219538333,36.36363636363637,0.4893346696693613,0.3718510005473886,0.8729622250395583,39.56521739130434,2
Wheat_1,10,1,proposed_full,True,0.8804433991489783,0.3715057832989587,0.4752998012975571,36.36363636363637,0.4907038344846458,0.3715881604281273,0.8723504580696111,40.96989966555184,2
Wheat_1,10,2,B_Hadamard,True,0.8702121486350225,0.3927341142782781,0.4937124121915853,37.07865168539326,0.4644986759599443,0.3873495074694927,0.8871658057592229,37.756410256410255,2
Wheat_1,10,2,F_original_HCP,True,0.8701995982154535,0.3927522949449202,0.493735267401909,37.07865168539326,0.4644865641763305,0.3873594615806038,0.8871887036975361,37.756410256410255,2
Wheat_1,10,2,proposed_full,True,0.8702801212003863,0.3926580239847126,0.4936167578518811,37.07865168539326,0.4646346440722335,0.3873455613801617,0.8871558803213919,37.756410256410255,2
Wheat_1,10,3,B_Hadamard,True,0.8765136373058137,0.386694290039437,0.4848252118531557,35.16483516483517,0.4274701131921898,0.3817959900991355,0.9129873827354302,33.07692307692308,2
Wheat_1,10,3,F_original_HCP,True,0.8765145721104242,0.3866925583239552,0.4848230406824222,35.16483516483517,0.427468188657346,0.3817945847617362,0.9129840262940444,33.07692307692308,2
Wheat_1,10,3,proposed_full,True,0.8764308045305713,0.3868847061428684,0.4850639496107703,35.16483516483517,0.4244728840474293,0.3825652874800722,0.914834922663691,34.230769230769226,2
Wheat_1,10,4,B_Hadamard,True,0.8766881611249733,0.3863975333571144,0.4827915219338213,25.84269662921348,0.4412295029900958,0.3839866786666296,0.9041995863342918,24.26282051282051,2
Wheat_1,10,4,F_original_HCP,True,0.8766893979932558,0.3863962444889777,0.4827899115337655,25.84269662921348,0.4412235332051195,0.383987138293023,0.9042006554959792,24.26282051282051,2
Wheat_1,10,4,proposed_full,True,0.8764799240745488,0.3867206623587888,0.4831952614223836,26.96629213483146,0.4399060060526882,0.3843181079511591,0.9049799474853376,26.346153846153847,2
Wheat_1,10,5,B_Hadamard,True,0.876210551796769,0.3970013294921425,0.4835538937748455,33.69565217391305,0.4735450189129174,0.396099811353682,0.8856220074588321,31.737891737891736,2
Wheat_1,10,5,F_original_HCP,True,0.8753000812413158,0.3984055160157537,0.4852642151532321,34.78260869565217,0.4625985574022914,0.3986097541127635,0.8910685522424961,33.58974358974359,2
Wheat_1,10,5,proposed_full,True,0.8762533387654444,0.3969619615598377,0.4835059430111032,33.69565217391305,0.4735371388751597,0.3961529483516939,0.8857271141283871,33.58974358974359,2
EYT_2,0,1,B_Hadamard,True,0.9361281350501092,0.4699131448409789,0.351653797123397,39.69072164948454,0.4193125456755521,0.4616458265110935,0.9141993122752086,31.7948717948718,5
EYT_2,0,1,F_original_HCP,True,0.9395696761438188,0.4576227630263155,0.3424564390995321,41.23711340206186,0.4784816991748494,0.4477327645850354,0.8824970324285442,32.82051282051282,5
EYT_2,0,1,proposed_full,True,0.9361010338684332,0.4700074050762608,0.3517243356261363,40.20618556701031,0.4184332365942528,0.4617895848198042,0.9146065881679964,31.28205128205128,5
EYT_2,0,2,B_Hadamard,True,0.9359678393588082,0.4705176480422657,0.3523539588321623,42.2680412371134,0.4092615168494553,0.4623578577895964,0.918847499014961,25.64102564102564,5
EYT_2,0,2,F_original_HCP,True,0.9378084986832128,0.4643218879602223,0.3477141741142762,42.78350515463917,0.45042761066746,0.4544059007506502,0.8991144949222397,32.820512820512825,5
EYT_2,0,2,proposed_full,True,0.9359718496309628,0.4705032763123547,0.3523431963539631,42.2680412371134,0.4092535508639917,0.4623451251984172,0.9188245118832749,25.64102564102564,5
EYT_2,0,3,B_Hadamard,True,0.936186828499731,0.4665032381760978,0.3517268012573025,36.08247422680412,0.3876526110040336,0.4584418403537373,0.933922888996457,25.12820512820513,5
EYT_2,0,3,F_original_HCP,True,0.9385687422763382,0.4577541329884121,0.3451302880293134,37.11340206185567,0.4384523050362429,0.4492322638194315,0.9135791437788936,32.82051282051282,5
EYT_2,0,3,proposed_full,True,0.9361920771602116,0.4664840523974706,0.3517123358645808,36.08247422680412,0.3876608870642672,0.4584238728117776,0.9338877014959004,25.12820512820513,5
EYT_2,0,4,B_Hadamard,True,0.941738513872803,0.4493315376134824,0.3394017987040987,40.72164948453608,0.4270177265741152,0.4422644594523322,0.917111610857894,28.205128205128204,5
EYT_2,0,4,F_original_HCP,True,0.9433929714079962,0.4431777232230606,0.3347535256625635,42.78350515463917,0.4688553764899772,0.4343622594058423,0.8960454495974399,28.205128205128204,5
EYT_2,0,4,proposed_full,True,0.9417349064272174,0.4493447062841219,0.3394117456366584,40.72164948453608,0.4269493974681448,0.442279481516375,0.9171478278393698,28.205128205128204,5
EYT_2,0,5,B_Hadamard,True,0.9314948264047382,0.4833269289280194,0.3681709493788978,40.72164948453608,0.413180223805596,0.4723608128818554,0.9228644851257548,29.74358974358974,5
EYT_2,0,5,F_original_HCP,True,0.934674741107906,0.4721303684190201,0.3596420467549134,42.2680412371134,0.4630092356833545,0.4601630667052092,0.8965223609629497,35.38461538461538,5
EYT_2,0,5,proposed_full,True,0.9314874377805632,0.4833536233902369,0.3681912837010917,40.72164948453608,0.4125930505831851,0.4724594880096273,0.9232224930432952,30.256410256410252,5
EYT_2,1,1,B_Hadamard,True,0.93612844186408,0.4699120281046174,0.3516529614272983,39.69072164948454,0.4193136830317064,0.4616446692427849,0.9141968512389514,31.7948717948718,5
EYT_2,1,1,F_original_HCP,True,0.9360131961604484,0.4703318854013409,0.3519671565381687,39.69072164948454,0.4183450059224225,0.4620638833098066,0.9150449522792234,31.28205128205128,5
EYT_2,1,1,proposed_full,True,0.9360990076386776,0.4700145990119158,0.3517297191205483,40.20618556701031,0.4183911891394213,0.461798681396992,0.914629441048725,31.28205128205128,5
EYT_2,1,2,B_Hadamard,True,0.9359694704639706,0.4705117868569406,0.3523495695985994,42.2680412371134,0.4092496583380704,0.4623533172185712,0.9188407952007662,25.64102564102564,5
EYT_2,1,2,F_original_HCP,True,0.935969506354688,0.4705116586828595,0.3523494736135815,42.2680412371134,0.4092502299678465,0.4623531614774283,0.9188404176995484,25.64102564102564,5
EYT_2,1,2,proposed_full,True,0.93596769207992,0.4705180913931235,0.3523542908418766,42.2680412371134,0.409227266814663,0.4623610800186657,0.91885950064834,25.64102564102564,5
EYT_2,1,3,B_Hadamard,True,0.936187316281111,0.4665014625503077,0.351725462498794,36.08247422680412,0.3876466652269453,0.4584406085028747,0.9339214420409598,25.12820512820513,5
EYT_2,1,3,F_original_HCP,True,0.9359934795327536,0.4672247134160364,0.3522707678529516,36.08247422680412,0.386507145123934,0.4591033907845908,0.9351632355471504,26.153846153846157,5
EYT_2,1,3,proposed_full,True,0.9361872705140452,0.4665016265597633,0.3517255861560732,36.08247422680412,0.3876494347790026,0.4584405782580625,0.9339209054469156,25.12820512820513,5
EYT_2,1,4,B_Hadamard,True,0.9417387758243616,0.4493305004987568,0.339401015321287,40.72164948453608,0.4270210714651227,0.4422633406141943,0.9171090558319784,28.205128205128204,5
EYT_2,1,4,F_original_HCP,True,0.94173933235283,0.449326545458558,0.3393980278885229,40.72164948453608,0.4270426591314852,0.4422537404601246,0.9170746579906648,28.205128205128204,5
EYT_2,1,4,proposed_full,True,0.9417401902880768,0.4493259064175039,0.3393975451899695,40.72164948453608,0.427060131478872,0.4422575212793148,0.9170936195728056,28.205128205128204,5
EYT_2,1,5,B_Hadamard,True,0.9314954283385668,0.4833246414782765,0.3681692069298574,40.72164948453608,0.4131779757442484,0.4723593211849713,0.9228626582170004,29.74358974358974,5
EYT_2,1,5,F_original_HCP,True,0.931545663469815,0.4830404850568771,0.3679527527387559,40.20618556701031,0.4145987123909878,0.4719765152491102,0.921888777174049,30.769230769230766,5
EYT_2,1,5,proposed_full,True,0.931494113142481,0.4833296520653132,0.3681730237099205,40.72164948453608,0.4131064002332651,0.472372475950002,0.9229076117710402,29.74358974358974,5
EYT_2,2,1,B_Hadamard,True,0.936128463853566,0.4699119482380773,0.3516529016601425,39.69072164948454,0.4193139178433028,0.4616445794311333,0.9141966452783128,31.7948717948718,5
EYT_2,2,1,F_original_HCP,True,0.9358925325439454,0.4707651833155578,0.3522914097719691,39.69072164948454,0.4163039220574867,0.4624985074438272,0.915952694005354,31.7948717948718,5
EYT_2,2,1,proposed_full,True,0.9361031710349692,0.4699991933748501,0.351718190499077,40.20618556701031,0.4183696839627607,0.4617840527126166,0.9146010004054352,31.28205128205128,5
EYT_2,2,2,B_Hadamard,True,0.935969451819227,0.4705118529210836,0.3523496190716902,42.2680412371134,0.4092488866804517,0.4623534392662075,0.9188411545049376,25.64102564102564,5
EYT_2,2,2,F_original_HCP,True,0.9359697523769854,0.4705107756862841,0.3523488123688008,42.2680412371134,0.4092534292120991,0.4623520419369602,0.918837667557904,25.64102564102564,5
EYT_2,2,2,proposed_full,True,0.935969156328862,0.4705129203838378,0.3523504184566419,42.2680412371134,0.4092518913788536,0.4623542082034656,0.9188421141338704,25.64102564102564,5
EYT_2,2,3,B_Hadamard,True,0.9361868140556088,0.4665032810936526,0.3517268336156079,36.08247422680412,0.3876457047118234,0.4584423219554224,0.9339247854085728,25.12820512820513,5
EYT_2,2,3,F_original_HCP,True,0.93618758890061,0.4665004596782774,0.3517247063690559,36.08247422680412,0.387645479987195,0.4584397595945669,0.9339199865230724,25.12820512820513,5
EYT_2,2,3,proposed_full,True,0.9361870608959284,0.4665023975322372,0.3517261674418176,36.08247422680412,0.3876556089545918,0.4584408833965834,0.933920595315303,25.12820512820513,5
EYT_2,2,4,B_Hadamard,True,0.9417388316544152,0.4493302676359822,0.3394008394287935,40.72164948453608,0.4270215047362263,0.4422631010119536,0.9171085372813306,28.205128205128204,5
EYT_2,2,4,F_original_HCP,True,0.941739083599804,0.4493293720461688,0.3394001629465791,40.72164948453608,0.4270267361493406,0.4422620716136666,0.9171060310201288,28.205128205128204,5
EYT_2,2,4,proposed_full,True,0.9417376301398532,0.449335478900811,0.3394047757486562,40.72164948453608,0.4270161769220307,0.442268318842668,0.9171194645563764,28.205128205128204,5
EYT_2,2,5,B_Hadamard,True,0.9314951903028011,0.4833255305759474,0.3681698841938666,40.72164948453608,0.4131800256602537,0.4723597610566393,0.9228628751542466,29.74358974358974,5
EYT_2,2,5,F_original_HCP,True,0.9314920334590476,0.4833374293655906,0.3681789480146827,40.72164948453608,0.413156248215076,0.4723710980616736,0.9228845840655096,29.74358974358974,5
EYT_2,2,5,proposed_full,True,0.9314955896931578,0.4833236741781471,0.3681684700956658,40.72164948453608,0.4131490113707195,0.472362410059494,0.922877999285854,29.74358974358974,5
EYT_2,3,1,B_Hadamard,True,0.9361284493104668,0.4699120018452444,0.3516529417764152,39.69072164948454,0.4193138626866123,0.4616446353863463,0.9141967654354612,31.7948717948718,5
EYT_2,3,1,F_original_HCP,True,0.9361279599969304,0.4699136823682041,0.3516541993753703,39.69072164948454,0.4192966971693675,0.4616470416011938,0.9142032100746424,31.7948717948718,5
EYT_2,3,1,proposed_full,True,0.9361028026576478,0.4700008386420643,0.3517194217148229,40.20618556701031,0.4184126409292403,0.4617842609304493,0.914598534006448,31.28205128205128,5
EYT_2,3,2,B_Hadamard,True,0.935969410707782,0.4705119999669669,0.3523497291891307,42.2680412371134,0.4092493100182831,0.4623535452930056,0.9188412908283656,25.64102564102564,5
EYT_2,3,2,F_original_HCP,True,0.9359731427114732,0.4704987174901712,0.3523397824139108,42.2680412371134,0.4092909134599717,0.4623387060814086,0.9188079850464248,25.64102564102564,5
EYT_2,3,2,proposed_full,True,0.9359658565945872,0.470524683144631,0.3523592271705116,42.2680412371134,0.4092367474200183,0.462366490190199,0.918868256471554,25.64102564102564,5
EYT_2,3,3,B_Hadamard,True,0.9361868872784294,0.4665030201514141,0.3517266368744681,36.08247422680412,0.3876506719882294,0.4584417665583891,0.9339230297472724,25.12820512820513,5
EYT_2,3,3,F_original_HCP,True,0.93618829123869,0.4664978726655485,0.3517227558537379,36.08247422680412,0.3876447343169581,0.4584375119497598,0.9339159907006124,25.12820512820513,5
EYT_2,3,3,proposed_full,True,0.9361829208598264,0.4665175978515095,0.3517376279403485,36.08247422680412,0.387692158970123,0.4584523375812416,0.9339364165466432,25.12820512820513,5
EYT_2,3,4,B_Hadamard,True,0.9417388187215264,0.4493303142963494,0.339400874673621,40.72164948453608,0.427021259258635,0.4422631540883007,0.917108664725028,28.205128205128204,5
EYT_2,3,4,F_original_HCP,True,0.941740786776441,0.4493223635486459,0.3393948690901138,40.72164948453608,0.4270506787593547,0.4422542644543538,0.9170876739064076,28.205128205128204,5
EYT_2,3,4,proposed_full,True,0.9417399677000308,0.4493260053810627,0.3393976199419222,40.72164948453608,0.4270422223596574,0.4422582199114974,0.9170966655674466,28.205128205128204,5
EYT_2,3,5,B_Hadamard,True,0.9314952354395364,0.4833253405801956,0.3681697394659151,40.72164948453608,0.4131800703277869,0.472359609256281,0.9228626272286796,29.74358974358974,5
EYT_2,3,5,F_original_HCP,True,0.9315011867710976,0.4833010758697234,0.368151255990329,40.72164948453608,0.413201011594489,0.4723382642691097,0.9228237659415444,29.74358974358974,5
EYT_2,3,5,proposed_full,True,0.9314935036460532,0.4833322056775763,0.368174968906422,40.72164948453608,0.4131198346423351,0.4723726519143021,0.9229027377107248,29.74358974358974,5
EYT_3,0,1,B_Hadamard,True,0.9768453360181448,0.3818724310972611,0.2139603576588801,43.98340248962656,0.3885105478729771,0.3774498417276381,0.921767036019606,30.61224489795918,5
EYT_3,0,1,F_original_HCP,True,0.978209627578929,0.3705291342446299,0.2076047905794601,47.71784232365145,0.4524451975014557,0.3659916596025693,0.8935056157099565,34.285714285714285,5
EYT_3,0,1,proposed_full,True,0.9768453577250074,0.3818722602127646,0.2139602619135343,43.98340248962656,0.3885115790136613,0.377449645894475,0.9217664740168716,30.61224489795918,5
EYT_3,0,2,B_Hadamard,True,0.976847902046828,0.3802343473733884,0.2140721045528364,39.004149377593365,0.4101472860650759,0.3762608000537038,0.9131643007240716,27.755102040816325,5
EYT_3,0,2,F_original_HCP,True,0.9784587902379548,0.3670003573118097,0.2066213623364015,42.32365145228216,0.4741211708887053,0.3628064165878854,0.8798886218081133,33.46938775510204,5
EYT_3,0,2,proposed_full,True,0.9768480950612262,0.3802327671999312,0.2140712149144861,39.004149377593365,0.4101568958970293,0.3762592235261729,0.913160689334207,27.755102040816325,5
EYT_3,0,3,B_Hadamard,True,0.976689892770758,0.3821192322236446,0.2151754771493584,48.54771784232365,0.4090714358809196,0.3776117657585368,0.9144517899897304,28.57142857142857,5
EYT_3,0,3,F_original_HCP,True,0.9783353506216882,0.3685991874180097,0.2075621935278983,51.86721991701245,0.4715497953948606,0.3645050918782313,0.8832254084692901,31.02040816326531,5
EYT_3,0,3,proposed_full,True,0.9766895273834888,0.3821221132926786,0.215177099510527,48.54771784232365,0.4090436964357598,0.3776150332146039,0.914459827975618,28.57142857142857,5
EYT_3,0,4,B_Hadamard,True,0.9784712445360906,0.365232419993758,0.2068162350149133,46.47302904564315,0.4145016172529498,0.362259290500395,0.9136567173817244,33.46938775510204,5
EYT_3,0,4,F_original_HCP,True,0.9791674172201654,0.3591042767596805,0.2033461172435344,48.54771784232365,0.4600958048024594,0.3558651808370217,0.8970628697223374,37.55102040816327,5
EYT_3,0,4,proposed_full,True,0.9784726050321636,0.3652208770620674,0.2068096987231094,46.47302904564315,0.4145225382777644,0.3622476153638728,0.9136255386032828,33.46938775510204,5
EYT_3,0,5,B_Hadamard,True,0.9763631389379466,0.3842259459156992,0.2161366392726664,44.81327800829875,0.3822749408976981,0.379907946812375,0.9280629982711032,28.97959183673469,5
EYT_3,0,5,F_original_HCP,True,0.978061353945029,0.3704663884541284,0.208396546394411,46.88796680497925,0.4507242829085715,0.3666263516511473,0.8968719924470445,37.142857142857146,5
EYT_3,0,5,proposed_full,True,0.9763622115220704,0.384233480022938,0.2161408773951457,44.81327800829875,0.382267821197382,0.3799155002257318,0.9280820769864592,28.97959183673469,5
EYT_3,1,1,B_Hadamard,True,0.9768453232213796,0.3818725305103628,0.213960413359321,43.98340248962656,0.3885100808068464,0.3774499437506237,0.9217672986224322,30.61224489795918,5
EYT_3,1,1,F_original_HCP,True,0.97682810041525,0.3820202424732416,0.2140431753024056,43.15352697095436,0.3874459260136608,0.377636200354413,0.9223036670917124,30.61224489795918,5
EYT_3,1,1,proposed_full,True,0.976845547729569,0.3818708608408234,0.2139594778555697,43.98340248962656,0.3885028986192235,0.3774484514763407,0.9217633265931628,30.61224489795918,5
EYT_3,1,2,B_Hadamard,True,0.976847911383126,0.3802342707255409,0.2140720614000646,39.004149377593365,0.4101478028635531,0.376260722414778,0.913164123412076,27.755102040816325,5
EYT_3,1,2,F_original_HCP,True,0.97681906019122,0.3804667697044945,0.2142029584273184,38.58921161825726,0.4086763325912902,0.3765132575088449,0.913825479652384,26.93877551020408,5
EYT_3,1,2,proposed_full,True,0.97684759186168,0.3802368680723907,0.2140735237074817,39.004149377593365,0.4101336957531956,0.3762634079521577,0.9131708767984728,27.755102040816325,5
EYT_3,1,3,B_Hadamard,True,0.9766897641037432,0.3821203120848247,0.2151760852308814,48.54771784232365,0.4090669099712384,0.3776128373608636,0.914454428852528,28.57142857142857,5
EYT_3,1,3,F_original_HCP,True,0.976690241414726,0.3821172351171158,0.215174352557048,48.54771784232365,0.4090923139469634,0.3776091968250117,0.9144435551739196,28.57142857142857,5
EYT_3,1,3,proposed_full,True,0.9766897114184148,0.3821207027940872,0.2151763052434976,48.54771784232365,0.40906816170152,0.3776132753960098,0.9144558546004042,28.57142857142857,5
EYT_3,1,4,B_Hadamard,True,0.978471335963864,0.3652316375942008,0.2068157919739293,46.47302904564315,0.4145042102617945,0.3622585122505445,0.913654726816597,33.46938775510204,5
EYT_3,1,4,F_original_HCP,True,0.9784697661642616,0.365244763385192,0.2068232245744483,46.47302904564315,0.4144480893550562,0.3622721111526286,0.9136894627868692,33.46938775510204,5
EYT_3,1,4,proposed_full,True,0.9784717576642268,0.3652280782384356,0.206813776455815,46.47302904564315,0.4145267092532737,0.3622550492321009,0.9136464685174344,33.46938775510204,5
EYT_3,1,5,B_Hadamard,True,0.9763631002171648,0.3842262618493288,0.2161368169931813,44.81327800829875,0.382274793130918,0.3799082646271959,0.928063805787928,28.97959183673469,5
EYT_3,1,5,F_original_HCP,True,0.9763626812776232,0.3842293929248439,0.2161385783009387,44.398340248962654,0.3821701259724149,0.3799114187291135,0.9280708793160728,28.97959183673469,5
EYT_3,1,5,proposed_full,True,0.9763623466693876,0.384232461797861,0.2161403046182458,44.81327800829875,0.3823040652522416,0.3799145119593269,0.9280800355784272,28.97959183673469,5
EYT_3,2,1,B_Hadamard,True,0.9768453278919672,0.381872509388714,0.2139604015250141,43.98340248962656,0.3885089107591447,0.3774499425358877,0.921767287394566,30.61224489795918,5
EYT_3,2,1,F_original_HCP,True,0.9768453682353224,0.381872181052581,0.2139602175606566,43.98340248962656,0.3885119982914511,0.377449573095994,0.9217663393331752,30.61224489795918,5
EYT_3,2,1,proposed_full,True,0.9768432654830952,0.3818890675733988,0.2139696789559802,43.56846473029046,0.3884409718421474,0.3774667968585435,0.9218105511835624,30.61224489795918,5
EYT_3,2,2,B_Hadamard,True,0.9768479105958614,0.3802342784599066,0.2140720657545159,39.004149377593365,0.4101476277867611,0.3762607298781249,0.9131641246841866,27.755102040816325,5
EYT_3,2,2,F_original_HCP,True,0.9768479243057522,0.3802320873706581,0.2140708321703068,39.41908713692946,0.4102181305074031,0.3762526323050137,0.9131274196823224,27.755102040816325,5
EYT_3,2,2,proposed_full,True,0.976848201767647,0.3802318914057081,0.2140707218419539,39.004149377593365,0.4101628567658168,0.3762583161528684,0.9131585334403908,27.755102040816325,5
EYT_3,2,3,B_Hadamard,True,0.9766897924727764,0.3821200689148324,0.2151759482992258,48.54771784232365,0.4090672115638723,0.3776126096141031,0.9144538536237043,28.57142857142857,5
EYT_3,2,3,F_original_HCP,True,0.9766607158706292,0.3823089286332014,0.2152822972515616,48.54771784232365,0.4079964492878593,0.3778137795157514,0.9149846839860694,27.755102040816325,5
EYT_3,2,3,proposed_full,True,0.9766910704149157,0.3821091474476403,0.2151697983027952,48.54771784232365,0.4090879727752202,0.3776022931815532,0.9144280657208004,28.57142857142857,5
EYT_3,2,4,B_Hadamard,True,0.978471302574392,0.3652319339867579,0.2068159598089555,46.47302904564315,0.4145050961323698,0.3622588218625091,0.9136556286105164,33.46938775510204,5
EYT_3,2,4,F_original_HCP,True,0.9784653080399398,0.3652962998365861,0.2068524075665922,46.058091286307054,0.4142208615727781,0.3623465753859076,0.9139401691147636,33.06122448979592,5
EYT_3,2,4,proposed_full,True,0.9784717752570592,0.3652279679192682,0.2068137139865664,46.47302904564315,0.4145270788562696,0.3622549365809188,0.9136461613530308,33.46938775510204,5
EYT_3,2,5,B_Hadamard,True,0.9763630793591008,0.3842264306037081,0.2161369119217117,44.81327800829875,0.3822751441875874,0.3799084348835428,0.9280642442961936,28.97959183673469,5
EYT_3,2,5,F_original_HCP,True,0.9763634712199444,0.3842233007754514,0.2161351513155682,44.81327800829875,0.3822791542016661,0.3799052479276563,0.92805611855577,28.97959183673469,5
EYT_3,2,5,proposed_full,True,0.976361964299409,0.3842354131235216,0.2161419648122448,44.81327800829875,0.3822424161428116,0.3799174050158276,0.9280865498367684,28.97959183673469,5
EYT_3,3,1,B_Hadamard,True,0.9768453714002956,0.3818721563930367,0.2139602037440925,43.98340248962656,0.3885106331506284,0.3774495785546597,0.9217663538891218,30.61224489795918,5
EYT_3,3,1,F_original_HCP,True,0.9768199839619786,0.3820683573111513,0.2140701336976432,43.56846473029046,0.38815672094834,0.3775873617437958,0.9219557180838868,29.79591836734694,5
EYT_3,3,1,proposed_full,True,0.9768453273111748,0.3818725053929273,0.2139603992862038,43.98340248962656,0.3885091495026583,0.3774499110195852,0.9217671272390996,30.61224489795918,5
EYT_3,3,2,B_Hadamard,True,0.9768478906469374,0.3802344394594273,0.2140721563973168,39.004149377593365,0.4101467462612572,0.3762608934106778,0.9131645241720656,27.755102040816325,5
EYT_3,3,2,F_original_HCP,True,0.9768473593324056,0.3802642537353533,0.2140889418477562,39.004149377593365,0.4104985589273506,0.3762670229710643,0.913136730635577,26.53061224489796,5
EYT_3,3,2,proposed_full,True,0.9768480610891386,0.3802330573576223,0.2140713782733936,39.004149377593365,0.4101544620027748,0.3762595135121596,0.9131612742686624,27.755102040816325,5
EYT_3,3,3,B_Hadamard,True,0.9766897967841772,0.3821200348456786,0.2151759291145163,48.54771784232365,0.4090675659201667,0.3776125716347282,0.9144537637353056,28.57142857142857,5
EYT_3,3,3,F_original_HCP,True,0.9766784048737096,0.3822295841760643,0.2152376175286272,48.54771784232365,0.4093984628498019,0.3776981993428835,0.914640343345581,27.755102040816325,5
EYT_3,3,3,proposed_full,True,0.9766898549550692,0.3821193188743871,0.2151755259433298,48.54771784232365,0.4090424349374011,0.3776124581196705,0.9144530867523104,28.57142857142857,5
EYT_3,3,4,B_Hadamard,True,0.9784712240314882,0.3652325914799292,0.2068163321205434,46.47302904564315,0.4144985788756735,0.3622594415296037,0.9136569562383596,33.46938775510204,5
EYT_3,3,4,F_original_HCP,True,0.9783646514574628,0.3661884421703423,0.2073575914124513,46.058091286307054,0.4099525358464667,0.3632417310678236,0.9162137205608828,33.06122448979592,5
EYT_3,3,4,proposed_full,True,0.9784714476464969,0.3652306937644057,0.2068152575215806,46.47302904564315,0.4145104407385828,0.3622575780341781,0.9136524301798776,33.46938775510204,5
EYT_3,3,5,B_Hadamard,True,0.9763631157681256,0.3842261332541093,0.2161367446551759,44.81327800829875,0.3822745034278234,0.3799081350291756,0.9280634722876556,28.97959183673469,5
EYT_3,3,5,F_original_HCP,True,0.9763613843007334,0.3842499009794649,0.216150114591111,44.81327800829875,0.3829570997147565,0.379877574713564,0.9278367575561396,28.571428571428573,5
EYT_3,3,5,proposed_full,True,0.9763637001485608,0.3842214440213899,0.2161341068452842,44.81327800829875,0.3822986241547158,0.3799034315141885,0.928051783142982,28.97959183673469,5
Japonica,0,1,B_Hadamard,True,0.8355421286680105,813.8180088466685,0.5531214436410261,55.172413793103445,0.3273141055489869,792.0773649281261,0.9415767150027806,34.48809523809524,5
Japonica,0,1,F_original_HCP,True,0.8465996344884835,786.5150007535472,0.534564617559465,55.172413793103445,0.3802459156656423,774.7897788303322,0.923960513888019,30.571428571428573,5
Japonica,0,1,proposed_full,True,0.8346528967731333,815.90921541322,0.5545427579674094,53.44827586206897,0.3196593172872808,795.3060211930331,0.94569238256377,31.73809523809524,5
Japonica,0,2,B_Hadamard,True,0.8597846780503348,760.4195787169622,0.5124315051171983,57.89473684210526,0.3936428853295804,750.8695472965695,0.9158833743011284,33.75,5
Japonica,0,2,F_original_HCP,True,0.8711521281488535,731.3484699047107,0.4928410678625143,56.14035087719298,0.4298884858993223,733.8315343158158,0.8983331684385792,39.00000000000001,5
Japonica,0,2,proposed_full,True,0.8593853570760789,761.4182052370351,0.5131044595032418,57.89473684210526,0.3910551364282141,751.7460392260393,0.9169211031551472,33.75,5
Japonica,0,3,B_Hadamard,True,0.851111656792902,768.5697839608728,0.5277033953683494,47.45762711864407,0.3421567564406768,760.4207023131978,0.9759437456939696,27.440476190476197,5
Japonica,0,3,F_original_HCP,True,0.8608879963109827,747.6322203575721,0.5133275720732132,54.23728813559322,0.4193807022137661,739.9374623108106,0.9515674229201672,32.38095238095239,5
Japonica,0,3,proposed_full,True,0.8489386330946143,773.7409027937434,0.5312539083118794,49.15254237288136,0.3316361583481473,765.979707125259,0.983614170469659,28.690476190476197,5
Japonica,0,4,B_Hadamard,True,0.8373445983955591,812.5545212958601,0.5503156214211147,52.54237288135593,0.3174041188821359,800.0863394249302,0.9484812320046676,23.607142857142858,5
Japonica,0,4,F_original_HCP,True,0.8515019613762028,780.1578402560983,0.5283744480092119,52.54237288135593,0.392043048105574,773.7674188009544,0.9205274614520402,33.904761904761905,5
Japonica,0,4,proposed_full,True,0.8354849836194409,817.1612028634503,0.5534355706222028,52.54237288135593,0.3089524939402764,807.005436650895,0.9570087651933162,23.607142857142858,5
Japonica,0,5,B_Hadamard,True,0.8407860213986071,792.3577680551191,0.5475116807820125,48.27586206896552,0.3046274323274811,763.907518171434,0.9606836521420828,28.714285714285715,5
Japonica,0,5,F_original_HCP,True,0.854925325285147,763.0302663706987,0.527246656082643,55.172413793103445,0.3813904902249286,747.9302799864705,0.943994183605254,32.54761904761905,5
Japonica,0,5,proposed_full,True,0.8407856717876103,792.3602296019777,0.5475133816874774,48.27586206896552,0.3046344301925852,763.9083433838857,0.9606832876381296,28.714285714285715,5
Japonica,1,1,B_Hadamard,True,0.8355414324468368,813.819371758704,0.553122369960995,55.172413793103445,0.3273054620715304,792.080174756933,0.9415806014109226,34.48809523809524,5
Japonica,1,1,F_original_HCP,True,0.8355284099690242,813.8516038069702,0.5531442768700024,55.172413793103445,0.327146919350229,792.0924014588596,0.9415910559225722,34.48809523809524,5
Japonica,1,1,proposed_full,True,0.8346025117896093,816.0128146083739,0.5546131704377169,51.72413793103448,0.319577475557751,795.1860999790324,0.9454634104552726,30.48809523809524,5
Japonica,1,2,B_Hadamard,True,0.8597846902451642,760.4195556958077,0.512431489603704,57.89473684210526,0.3936433551121719,750.8693777127748,0.9158831527795634,33.75,5
Japonica,1,2,F_original_HCP,True,0.8597786355976696,760.4493196840585,0.5124515469585177,57.89473684210526,0.3933755176318717,750.8902621925891,0.9159036347829776,33.75,5
Japonica,1,2,proposed_full,True,0.8594052889494516,761.3701742020057,0.5130720923519199,57.89473684210526,0.3910627482852468,751.7114580924657,0.9168804642098544,33.75,5
Japonica,1,3,B_Hadamard,True,0.8511103186412824,768.5724563273507,0.5277052302269316,47.45762711864407,0.3421487763586784,760.4231764621361,0.9759469443996294,27.440476190476197,5
Japonica,1,3,F_original_HCP,True,0.8510650901084087,768.6847545713415,0.5277823346953671,47.45762711864407,0.3417654703132152,760.6211944733647,0.9762462347551096,30.297619047619047,5
Japonica,1,3,proposed_full,True,0.848938127106266,773.7417589384423,0.5312544961445966,49.15254237288136,0.3316328160633401,765.9799860582849,0.9836145621267188,28.690476190476197,5
Japonica,1,4,B_Hadamard,True,0.8373442312766052,812.5553619332356,0.5503161907563009,52.54237288135593,0.3174022789624792,800.0876654191993,0.948482869438761,23.607142857142858,5
Japonica,1,4,F_original_HCP,True,0.8373760806173308,812.4730968649254,0.5502604754153584,52.54237288135593,0.317694951795563,799.9948492859176,0.9483726433777456,23.607142857142858,5
Japonica,1,4,proposed_full,True,0.8354839171391415,817.1639104859373,0.5534374044030906,52.54237288135593,0.3089374301310407,807.0061673418775,0.9570091471041252,23.607142857142858,5
Japonica,1,5,B_Hadamard,True,0.840786758211874,792.3555840674969,0.5475101716673398,48.27586206896552,0.3046279829688908,763.9043435207326,0.9606790247768032,28.714285714285715,5
Japonica,1,5,F_original_HCP,True,0.8407904242341752,792.3422358667935,0.5475009481876225,48.27586206896552,0.304634352408384,763.8923943893324,0.9606650795781364,28.714285714285715,5
Japonica,1,5,proposed_full,True,0.8407903865516473,792.3470311297729,0.5475042616687285,48.27586206896552,0.3046337819010373,763.8874608803164,0.9606521813575573,28.714285714285715,5
Japonica,2,1,B_Hadamard,True,0.8355430091570534,813.8162615720302,0.5531202560842753,55.172413793103445,0.3273247203259862,792.0757166369083,0.9415747791203068,34.48809523809524,5
Japonica,2,1,F_original_HCP,True,0.8355402987244417,813.821038328055,0.5531235026654023,55.172413793103445,0.3272937130879215,792.0798327246464,0.9415794956073926,34.48809523809524,5
Japonica,2,1,proposed_full,True,0.8346243616100263,815.9899840684236,0.5545976533797518,53.44827586206897,0.3195531735433577,795.4370231999937,0.9458583634898904,31.73809523809524,5
Japonica,2,2,B_Hadamard,True,0.859784686207668,760.4195586370637,0.5124314915857574,57.89473684210526,0.3936428196962315,750.8695780009227,0.9158834189730886,33.75,5
Japonica,2,2,F_original_HCP,True,0.8597827550850557,760.4235076600646,0.5124341527531665,57.89473684210526,0.3936432517884292,750.8746346339567,0.9158898833041264,33.75,5
Japonica,2,2,proposed_full,True,0.8593976967893293,761.3876341789263,0.5130838582802352,57.89473684210526,0.3910970054866226,751.7272691911925,0.9168996614305438,33.75,5
Japonica,2,3,B_Hadamard,True,0.8511163847173734,768.5602561769551,0.5276968535499894,47.45762711864407,0.3421842743377948,760.4117742395271,0.9759322248451752,27.440476190476197,5
Japonica,2,3,F_original_HCP,True,0.8488314101754397,773.8713226362883,0.5313434551496168,49.15254237288136,0.3281038690423535,765.3313176953088,0.9821605762402454,33.63095238095239,5
Japonica,2,3,proposed_full,True,0.8489374795684205,773.7431998645503,0.5312554854908024,49.15254237288136,0.3316338659490774,765.9810459383823,0.9836156965576932,28.690476190476197,5
Japonica,2,4,B_Hadamard,True,0.8373478340567333,812.5470194744762,0.5503105406918978,52.54237288135593,0.3174210970523382,800.074700531055,0.9484668830189876,23.607142857142858,5
Japonica,2,4,F_original_HCP,True,0.8373391655969629,812.5672847888411,0.5503242657020672,52.54237288135593,0.3173628380981237,800.1033242866579,0.9485017789620056,23.607142857142858,5
Japonica,2,4,proposed_full,True,0.8354234995525518,817.3230580458388,0.5535451896483012,52.54237288135593,0.3088878378100873,807.1209398033553,0.9571235900490584,23.607142857142858,5
Japonica,2,5,B_Hadamard,True,0.8407863156357981,792.3570901649978,0.5475112123663868,48.27586206896552,0.3046275374471919,763.9059626932409,0.9606810791057296,28.714285714285715,5
Japonica,2,5,F_original_HCP,True,0.8407649041832957,792.4262588653046,0.5475590072803629,48.27586206896552,0.3047128617164227,763.8928637718774,0.9606597064017748,28.714285714285715,5
Japonica,2,5,proposed_full,True,0.8408091500982644,792.2940947955644,0.5474676831653232,48.27586206896552,0.3046461516271962,763.7993235345446,0.9605171754074346,28.714285714285715,5
Japonica,3,1,B_Hadamard,True,0.8355414726660305,813.8192959252038,0.5531223184198216,55.172413793103445,0.3273059436543685,792.0800955490479,0.9415805054576863,34.48809523809524,5
Japonica,3,1,F_original_HCP,True,0.83598651729542,813.2960957151452,0.5527667189462844,55.172413793103445,0.3222788933042259,793.7277901048448,0.9440695273594764,23.714285714285715,5
Japonica,3,1,proposed_full,True,0.8346191561336403,815.9848001193765,0.5545941300448666,53.44827586206897,0.319400434967053,795.388007649829,0.9457871849993428,31.73809523809524,5
Japonica,3,2,B_Hadamard,True,0.859784673546453,760.4195905508005,0.5124315130917847,57.89473684210526,0.3936432567753685,750.8694517470824,0.9158832484363986,33.75,5
Japonica,3,2,F_original_HCP,True,0.8604170421445209,759.0192698922568,0.5114878650811495,57.89473684210526,0.3980775733741689,750.9695235356861,0.9162642426237282,29.916666666666668,5
Japonica,3,2,proposed_full,True,0.8593869872610075,761.4138710795655,0.5131015388014375,57.89473684210526,0.3910749027614718,751.740743778972,0.916914660940255,33.75,5
Japonica,3,3,B_Hadamard,True,0.8510733134683451,768.6540286696649,0.5277612381560821,47.45762711864407,0.3419480347815806,760.5084151324394,0.9760601201450088,27.440476190476197,5
Japonica,3,3,F_original_HCP,True,0.849815702999019,772.5263222648707,0.530419971976611,50.84745762711864,0.3409588828909443,767.4465185550391,0.9868878692389768,26.190476190476197,5
Japonica,3,3,proposed_full,True,0.8489382520485257,773.7415886650215,0.5312543792341167,49.15254237288136,0.3316325525969545,765.9801828647091,0.9836149197525522,28.690476190476197,5
Japonica,3,4,B_Hadamard,True,0.8373441805876576,812.5554588036078,0.5503162563633187,52.54237288135593,0.3174019124137045,800.0877990176959,0.948483032796186,23.607142857142858,5
Japonica,3,4,F_original_HCP,True,0.8380840702849095,810.5927666392264,0.5489869915204164,52.54237288135593,0.3195459557572068,798.2531744419213,0.946485932561544,24.940476190476197,5
Japonica,3,4,proposed_full,True,0.8354842825417805,817.1629203324514,0.5534367338057133,52.54237288135593,0.3089455847831515,807.0061420844152,0.9570093165162592,23.607142857142858,5
Japonica,3,5,B_Hadamard,True,0.8407864412558325,792.3567256900205,0.5475109605176445,48.27586206896552,0.304627627229093,763.9054307346287,0.9606803059419222,28.714285714285715,5
Japonica,3,5,F_original_HCP,True,0.841635548459787,790.7809663606877,0.5464221258097717,51.72413793103448,0.3013743740081132,763.3132099874338,0.95962792934955,31.571428571428573,5
Japonica,3,5,proposed_full,True,0.8407853637021754,792.3613908842124,0.5475141841224554,48.27586206896552,0.3046304385408858,763.9090616502345,0.9606839185664412,28.714285714285715,5
Wheat_2,0,1,B_Hadamard,True,0.7988523475889646,0.2961918032674792,0.6029184782119157,45.833333333333336,0.313557468817928,0.309164433769976,0.9517921446697136,26.711271230056614,2
Wheat_2,0,1,F_original_HCP,True,0.804316099489741,0.2926685714314406,0.5957467011622523,54.16666666666666,0.3514218864860826,0.3050936208887024,0.9398168662074662,28.435409161091098,2
Wheat_2,0,1,proposed_full,True,0.7988569088925894,0.2961887577679191,0.6029122788912732,45.833333333333336,0.3135682937097762,0.3091627731481143,0.951784865706544,26.711271230056614,2
Wheat_2,0,2,B_Hadamard,True,0.7929236353075684,0.3021013132615096,0.6093520220156707,47.422680412371136,0.2710844506948248,0.3168690709480058,0.965738998083489,28.235294117647054,2
Wheat_2,0,2,F_original_HCP,True,0.800665918444461,0.2973024272016085,0.5996724516342862,52.577319587628864,0.3331075079709078,0.3112048549693418,0.949544614149744,25.09803921568628,2
Wheat_2,0,2,proposed_full,True,0.7929129494305339,0.3021075321878192,0.6093645658715073,47.422680412371136,0.2709830163823487,0.3168777248201858,0.9657617115060212,28.235294117647054,2
Wheat_2,0,3,B_Hadamard,True,0.7963756134267509,0.3027639916080884,0.605672089521636,49.48453608247423,0.2948450022464528,0.3138604026477562,0.9600875808823908,28.781094527363184,2
Wheat_2,0,3,F_original_HCP,True,0.8027974453111809,0.2984472908537307,0.5970366333967352,51.54639175257732,0.3372824432548972,0.3091480871293294,0.9460092483402724,30.27363184079602,2
Wheat_2,0,3,proposed_full,True,0.7943225632152876,0.3041465072204634,0.6084377787811017,49.48453608247423,0.2863837064163668,0.315175845604032,0.9642787203551648,27.288557213930343,2
Wheat_2,0,4,B_Hadamard,True,0.7869997183250984,0.3072068492777947,0.6176882966996297,42.2680412371134,0.3630062955242236,0.3204673233324353,0.9364417271266956,29.166666666666668,2
Wheat_2,0,4,F_original_HCP,True,0.7930328256508903,0.3032466363323825,0.6097256578633858,46.39175257731959,0.4001544858828171,0.3157328834832726,0.9234403315554592,34.90196078431373,2
Wheat_2,0,4,proposed_full,True,0.7870020405434623,0.3072055172163598,0.6176856183779688,42.2680412371134,0.3630174767614254,0.320466048633904,0.9364378420229392,29.166666666666668,2
Wheat_2,0,5,B_Hadamard,True,0.7804764177025285,0.3091694160934282,0.626577302863728,44.79166666666666,0.2650562537172125,0.3225007838487911,0.9718349104229532,35.615028306742154,2
Wheat_2,0,5,F_original_HCP,True,0.788195280498627,0.3042290909599616,0.6165650072217103,52.083333333333336,0.3230736375547146,0.3155013651826329,0.9531573349918327,34.12249099330931,2
Wheat_2,0,5,proposed_full,True,0.7800120660372489,0.3094996124953235,0.6272464944465473,44.79166666666666,0.2639543305070234,0.322794267272577,0.9727878404408988,36.36129696345857,2
Wheat_2,1,1,B_Hadamard,True,0.7988523335370724,0.2961916543137328,0.6029181750064756,45.833333333333336,0.3135493747113629,0.3091650325683829,0.951792911782545,26.711271230056614,2
Wheat_2,1,1,F_original_HCP,True,0.7971641874438139,0.2973556621695642,0.6052875918415215,47.91666666666666,0.3052083808839098,0.3101149981794563,0.95509383065234,24.98713329902213,2
Wheat_2,1,1,proposed_full,True,0.7988583149810087,0.296188147780165,0.602911037219882,45.833333333333336,0.3135897594410544,0.3091619326941937,0.9517825690495584,26.711271230056614,2
Wheat_2,1,2,B_Hadamard,True,0.792923931468614,0.3021011304449009,0.6093516532662968,47.422680412371136,0.2710870657000201,0.3168688385739511,0.965738359656952,28.235294117647054,2
Wheat_2,1,2,F_original_HCP,True,0.7842462599491333,0.3078092778905991,0.6208652450161904,44.329896907216494,0.2266035471757521,0.3234061958071469,0.9847057530241654,23.03921568627451,2
Wheat_2,1,2,proposed_full,True,0.7929269889581367,0.302099183986998,0.6093477271726097,47.422680412371136,0.2711086514450794,0.3168671604171635,0.9657326205812664,28.235294117647054,2
Wheat_2,1,3,B_Hadamard,True,0.7963757909457149,0.3027638662218012,0.6056718386893815,49.48453608247423,0.2948475075333694,0.3138601486491721,0.9600869804460516,29.5273631840796,2
Wheat_2,1,3,F_original_HCP,True,0.7956646261551703,0.3031909484386991,0.6065262064011169,50.51546391752577,0.2901889686836763,0.3144212221605458,0.961634465609598,27.860696517412936,2
Wheat_2,1,3,proposed_full,True,0.7943457357465109,0.3041303269970143,0.608405410632917,49.48453608247423,0.2867118488850304,0.3151488824776315,0.9642106818708532,28.034825870646763,2
Wheat_2,1,4,B_Hadamard,True,0.7869999673787451,0.3072067039483654,0.6176880044916667,42.2680412371134,0.3630070501051211,0.3204671519716049,0.9364412539640372,29.166666666666668,2
Wheat_2,1,4,F_original_HCP,True,0.7862249184272841,0.3077454028400641,0.6187711444074258,39.175257731958766,0.3569181081455987,0.3210798602455915,0.9381607628246628,29.90196078431373,2
Wheat_2,1,4,proposed_full,True,0.7870069435751551,0.3072027104830852,0.6176799749937155,42.2680412371134,0.3630327632398683,0.3204624299578008,0.9364282318457968,29.166666666666668,2
Wheat_2,1,5,B_Hadamard,True,0.7804766177263912,0.3091692700128415,0.6265770068099297,44.79166666666666,0.2650561408248344,0.322500661807338,0.9718345018163072,35.615028306742154,2
Wheat_2,1,5,F_original_HCP,True,0.7795359664436795,0.3098060709324877,0.6278675775518056,45.833333333333336,0.2604029392731966,0.3233948300972983,0.9742183574783216,31.65208440555841,2
Wheat_2,1,5,proposed_full,True,0.7800437651581422,0.3094765546334798,0.6271997642975358,44.79166666666666,0.2639583423959964,0.3227735434557925,0.972720916907066,36.36129696345857,2
Wheat_2,2,1,B_Hadamard,True,0.7988523734529996,0.2961916633586829,0.6029181934180843,45.833333333333336,0.3135510848740855,0.3091648972346023,0.9517927017393946,26.711271230056614,2
Wheat_2,2,1,F_original_HCP,True,0.7987377024249106,0.2962953583436939,0.6031292715838922,44.79166666666666,0.3128078066644247,0.3093524380753971,0.9522567299685508,24.98713329902213,2
Wheat_2,2,1,proposed_full,True,0.7988532038313095,0.2961912262555137,0.6029173036649759,45.833333333333336,0.3135641981071979,0.309162262866679,0.9517876996464368,26.711271230056614,2
Wheat_2,2,2,B_Hadamard,True,0.7929224085065455,0.3021021973496618,0.609353805261488,47.422680412371136,0.2710864246573569,0.3168699221422267,0.965741723084358,28.235294117647054,2
Wheat_2,2,2,F_original_HCP,True,0.7923504391954781,0.3024925483073037,0.6101411608104158,49.48453608247423,0.2693007491369529,0.3171309093883674,0.9667913667454596,24.166666666666664,2
Wheat_2,2,2,proposed_full,True,0.79293096788132,0.3020968554137041,0.6093430303348841,47.422680412371136,0.2711539864564286,0.3168639290538938,0.9657241277297222,28.235294117647054,2
Wheat_2,2,3,B_Hadamard,True,0.7963756526954207,0.3027639630951908,0.6056720324822695,49.48453608247423,0.2948458333687352,0.3138603366612398,0.960087430887694,28.781094527363184,2
Wheat_2,2,3,F_original_HCP,True,0.7963613633423138,0.3027731541176189,0.6056904189017684,49.48453608247423,0.2947862970350758,0.3138671962239779,0.9601122121643018,28.781094527363184,2
Wheat_2,2,3,proposed_full,True,0.79430000251145,0.3041617615532809,0.6084682947073277,49.48453608247423,0.2861891011516652,0.315196974150832,0.9643358172927567,27.288557213930343,2
Wheat_2,2,4,B_Hadamard,True,0.7869999862820081,0.3072066940031397,0.6176879844952066,42.2680412371134,0.3630071163005159,0.3204671282796759,0.9364412033182172,29.166666666666668,2
Wheat_2,2,4,F_original_HCP,True,0.786788344294385,0.3072732836011164,0.6178218734870986,43.29896907216495,0.3616216645551312,0.3206213205034377,0.9367733568531132,29.166666666666668,2
Wheat_2,2,4,proposed_full,True,0.7870028317822565,0.3072050493065341,0.6176846775707441,42.2680412371134,0.3630169067294512,0.3204648320243226,0.936435303581407,29.166666666666668,2
Wheat_2,2,5,B_Hadamard,True,0.7804764298651531,0.309169408085808,0.6265772866351077,44.79166666666666,0.2650563840959668,0.3225007682967538,0.9718348732497462,35.615028306742154,2
Wheat_2,2,5,F_original_HCP,True,0.7804802613890931,0.3091667438792188,0.6265718872285297,44.79166666666666,0.2650609168537862,0.3224981412372463,0.971826752110946,35.615028306742154,2
Wheat_2,2,5,proposed_full,True,0.78005454052174,0.3094689779702056,0.6271844090748264,44.79166666666666,0.2639568595785621,0.3227649417556578,0.972695934936628,36.36129696345857,2
Wheat_2,3,1,B_Hadamard,True,0.7988521945733333,0.29619185515498,0.6029185838324383,45.833333333333336,0.3135550463857722,0.3091646198692641,0.9517925293201976,26.711271230056614,2
Wheat_2,3,1,F_original_HCP,True,0.7973418623127425,0.2971312698802522,0.6048308261373324,46.875,0.3059419047890708,0.3100920793784013,0.9547234997527044,22.516726711271232,2
Wheat_2,3,1,proposed_full,True,0.7988603705839569,0.2961873432823561,0.602909399610099,45.833333333333336,0.3136240696284421,0.3091590662058521,0.9517766364452706,26.711271230056614,2
Wheat_2,3,2,B_Hadamard,True,0.7929235647785452,0.3021013529558666,0.6093521020809856,47.422680412371136,0.2710836999500026,0.3168691216793875,0.9657391370708964,28.235294117647054,2
Wheat_2,3,2,F_original_HCP,True,0.7913793586498349,0.303165776227774,0.6114990919964377,45.36082474226804,0.2625013523076032,0.318117092023047,0.9693160227615666,23.431372549019606,2
Wheat_2,3,2,proposed_full,True,0.7929244308784735,0.3021007751954613,0.6093509367120986,47.422680412371136,0.2710849788213379,0.3168687485991223,0.9657375998151528,28.235294117647054,2
Wheat_2,3,3,B_Hadamard,True,0.796375503090545,0.3027640710331961,0.6056722484096552,49.48453608247423,0.2948429154056701,0.3138605797715312,0.9600879877681738,29.5273631840796,2
Wheat_2,3,3,F_original_HCP,True,0.7960436586237429,0.3029725150890431,0.6060892357342795,50.51546391752577,0.2923342121055303,0.3141562565877526,0.9608789867806368,31.19402985074627,2
Wheat_2,3,3,proposed_full,True,0.7942986234445807,0.3041625306647157,0.6084698332962707,49.48453608247423,0.2861719918589939,0.3152016972246136,0.9643446990469052,28.034825870646763,2
Wheat_2,3,4,B_Hadamard,True,0.7869995948304419,0.3072069026397329,0.617688403992305,42.2680412371134,0.3630053690689439,0.3204673616555674,0.936441863312486,29.166666666666668,2
Wheat_2,3,4,F_original_HCP,True,0.7851498688748818,0.3085382880497695,0.6203653663976342,42.2680412371134,0.3479625408948062,0.3221532097086379,0.940951498489841,26.568627450980397,2
Wheat_2,3,4,proposed_full,True,0.7870071451824058,0.307202451313683,0.6176794538923568,42.2680412371134,0.3630251049847687,0.3204607345067614,0.9364252662017336,29.166666666666668,2
Wheat_2,3,5,B_Hadamard,True,0.7804765462031756,0.3091693250874623,0.6265771184267506,44.79166666666666,0.2650562448493975,0.3225007026429156,0.9718346472380772,35.615028306742154,2
Wheat_2,3,5,F_original_HCP,True,0.7799763517850282,0.3094993731012928,0.6272460092793274,43.75,0.2618832021620789,0.3228858225418389,0.9729401634968872,33.144621718991246,2
Wheat_2,3,5,proposed_full,True,0.7800388978771142,0.3094803184024652,0.6272073921290635,44.79166666666666,0.2639120659246334,0.3227800693495576,0.9727370874143714,36.36129696345857,2
Wheat_3,0,1,B_Hadamard,True,0.8498712126333915,0.3360956050080002,0.5282414201285999,33.72093023255814,0.4583005394107607,0.3602253892350368,0.8925805652754717,24.82736974262398,2
Wheat_3,0,1,F_original_HCP,True,0.8731586422512443,0.3103829568972778,0.4878288543262246,38.372093023255815,0.5656840300356618,0.3324603663460753,0.8248533148399129,39.32831136220967,2
Wheat_3,0,1,proposed_full,True,0.8499283885432296,0.3360346097041312,0.5281455538171789,33.72093023255814,0.4584522627886399,0.3601568430002005,0.892427513915231,24.82736974262398,2
Wheat_3,0,2,B_Hadamard,True,0.8363444304715854,0.356402240363343,0.5486364955238693,31.3953488372093,0.4197744914127354,0.378142598954329,0.9098277423239612,29.310344827586206,2
Wheat_3,0,2,F_original_HCP,True,0.8664484242115253,0.3242239317014959,0.4991020299769547,32.55813953488372,0.5544675483107645,0.3426324153683709,0.8339109508848257,31.89655172413793,2
Wheat_3,0,2,proposed_full,True,0.8363561825865333,0.3563847949128874,0.5486096404435222,31.3953488372093,0.4199184704242678,0.3781330799812692,0.909725535976896,29.310344827586206,2
Wheat_3,0,3,B_Hadamard,True,0.8492214923586754,0.3439183463555961,0.5297063678191043,26.74418604651163,0.4275201553372589,0.3653638861599649,0.9134893039788404,24.69211822660099,2
Wheat_3,0,3,F_original_HCP,True,0.8590067951316934,0.3327265496613096,0.5124686541608434,29.069767441860463,0.5047835651358336,0.3510501851814899,0.8914336749864329,31.773399014778324,2
Wheat_3,0,3,proposed_full,True,0.849290237993218,0.3438409789388001,0.5295872057744712,26.74418604651163,0.4276070045810858,0.365280425748514,0.9132903997731872,24.69211822660099,2
Wheat_3,0,4,B_Hadamard,True,0.8367329937475534,0.3530507311139798,0.5474070004288728,32.55813953488372,0.4247060465022603,0.3780520876319168,0.9078415962090504,26.997578692493946,2
Wheat_3,0,4,F_original_HCP,True,0.8610658962154027,0.3277948740577234,0.5082476623054168,43.02325581395349,0.5332709207547216,0.349553312242456,0.8512800991010263,35.74455205811138,2
Wheat_3,0,4,proposed_full,True,0.8369322381214714,0.352857531028071,0.5471074426877622,32.55813953488372,0.425236707426033,0.3778365711232557,0.907422157468486,28.783292978208237,2
Wheat_3,0,5,B_Hadamard,True,0.8376204549543004,0.3511173940486194,0.5460062936110047,34.48275862068966,0.4419551241137031,0.3754256682464846,0.8968457871668597,27.17917675544794,2
Wheat_3,0,5,F_original_HCP,True,0.8696982151816082,0.3172659010144499,0.4933654146398357,36.7816091954023,0.5797074245368922,0.3378578129082498,0.8179290382372877,36.68280871670702,2
Wheat_3,0,5,proposed_full,True,0.8374811082914649,0.3512612733445444,0.5462300335977639,35.632183908045974,0.441413350723466,0.3755625367065897,0.8973503970946952,27.17917675544794,2
Wheat_3,1,1,B_Hadamard,True,0.8498713131427571,0.3360954861635695,0.5282412333408231,33.72093023255814,0.4583007646121536,0.360225263722709,0.8925802444004127,25.674827369742623,2
Wheat_3,1,1,F_original_HCP,True,0.8446479806312837,0.3418916949347942,0.5373511339377104,31.3953488372093,0.4366481249113879,0.3666370814766043,0.9073899567075636,25.674827369742623,2
Wheat_3,1,1,proposed_full,True,0.8499277247746345,0.3360353869118571,0.5281467753544639,33.72093023255814,0.4584511945390832,0.3601577023312051,0.8924295038523329,25.674827369742623,2
Wheat_3,1,2,B_Hadamard,True,0.8363442538111289,0.3564024347261307,0.5486367947209747,31.3953488372093,0.4197735723789568,0.3781428059943308,0.9098282332425396,29.310344827586206,2
Wheat_3,1,2,F_original_HCP,True,0.8315466517919388,0.3616316525364182,0.5566865189057676,31.3953488372093,0.3997815645802567,0.3839772100536239,0.9211641288561184,25.0,2
Wheat_3,1,2,proposed_full,True,0.8363596720040313,0.3563802043286067,0.548602573815463,31.3953488372093,0.4199345157449776,0.3781282835503837,0.9097133399316626,29.310344827586206,2
Wheat_3,1,3,B_Hadamard,True,0.8492214931076923,0.3439183464341974,0.5297063679401667,26.74418604651163,0.4275201759576819,0.3653638865366831,0.9134893026632048,24.69211822660099,2
Wheat_3,1,3,F_original_HCP,True,0.8493077998045365,0.3438233949284235,0.5295601227113925,26.74418604651163,0.4283223481839607,0.365247087366348,0.9133195245515626,26.41625615763547,2
Wheat_3,1,3,proposed_full,True,0.8493310231123534,0.3438060525985488,0.5295334118869633,26.74418604651163,0.4277129312506238,0.3652437953159467,0.9131951693813553,24.69211822660099,2
Wheat_3,1,4,B_Hadamard,True,0.8367347606453313,0.3530488476812402,0.5474040801565845,32.55813953488372,0.4247041040051256,0.3780502067899791,0.9078355302357614,26.997578692493946,2
Wheat_3,1,4,F_original_HCP,True,0.8366305792417834,0.3531502563601925,0.5475613148423406,34.88372093023256,0.4241916056471608,0.3781689505782603,0.9080045488765618,27.93583535108959,2
Wheat_3,1,4,proposed_full,True,0.8369334013246892,0.3528564387074507,0.547105749038942,32.55813953488372,0.4252413987604436,0.3778353214675125,0.9074200624430572,28.783292978208237,2
Wheat_3,1,5,B_Hadamard,True,0.837620467178952,0.3511173881540568,0.546006284444645,34.48275862068966,0.4419552632642368,0.3754256645339838,0.896845751052407,27.17917675544794,2
Wheat_3,1,5,F_original_HCP,True,0.8381890265742268,0.3505706632001675,0.5451560979521569,35.632183908045974,0.4442126991216416,0.3747649184203683,0.8960514169543591,26.2409200968523,2
Wheat_3,1,5,proposed_full,True,0.837477864842199,0.3512645113514646,0.5462350688713993,35.632183908045974,0.4413993331617429,0.3755657379958568,0.8973607618178667,27.17917675544794,2
Wheat_3,2,1,B_Hadamard,True,0.8498712717564009,0.3360955364818551,0.5282413124260662,33.72093023255814,0.4583006947189074,0.3602253173098315,0.8925803790013724,24.82736974262398,2
Wheat_3,2,1,F_original_HCP,True,0.8498817610187785,0.3360847781051912,0.5282244034868164,33.72093023255814,0.4583183453379608,0.3602119353449859,0.8925570242706045,24.82736974262398,2
Wheat_3,2,1,proposed_full,True,0.8499320965785265,0.3360300945000657,0.528138457271517,33.72093023255814,0.458457991934465,0.3601519992257792,0.8924155351337045,24.82736974262398,2
Wheat_3,2,2,B_Hadamard,True,0.8363443140496656,0.3564023187425429,0.5486366161788054,31.3953488372093,0.4197739967619006,0.3781427038591434,0.9098278033136572,29.310344827586206,2
Wheat_3,2,2,F_original_HCP,True,0.8315489868147075,0.3613832972957255,0.5563042071987487,32.55813953488372,0.3986387754258878,0.3837068160837023,0.9205833868092156,26.724137931034484,2
Wheat_3,2,2,proposed_full,True,0.836363035069069,0.3563757939213165,0.5485957845472557,31.3953488372093,0.4199487967297705,0.3781238341228214,0.90970060128215,29.310344827586206,2
Wheat_3,2,3,B_Hadamard,True,0.8492214586814948,0.3439183782424249,0.5297064169315069,25.58139534883721,0.4275201368398783,0.3653639203304158,0.91348938713907,25.554187192118228,2
Wheat_3,2,3,F_original_HCP,True,0.8485870392823754,0.3447255786818871,0.5309496748658986,26.74418604651163,0.4260286083732299,0.3663088061381534,0.915167466505233,25.554187192118228,2
Wheat_3,2,3,proposed_full,True,0.8493177665782404,0.3438179406796607,0.5295517220246251,25.58139534883721,0.4276953711113413,0.3652563863797899,0.9132269446930372,25.554187192118228,2
Wheat_3,2,4,B_Hadamard,True,0.8367356755149595,0.3530481104448568,0.5474029370677259,32.55813953488372,0.4247121679186658,0.3780491631731322,0.9078359203928515,26.997578692493946,2
Wheat_3,2,4,F_original_HCP,True,0.8366589855316515,0.3531228020677034,0.5475187468186096,33.72093023255814,0.4243607475734982,0.3781289916704811,0.9080293545064196,26.997578692493946,2
Wheat_3,2,4,proposed_full,True,0.8369223941225846,0.3528673323094986,0.5471226396257483,32.55813953488372,0.4252212310308986,0.3778472767455348,0.9074454839967168,28.783292978208237,2
Wheat_3,2,5,B_Hadamard,True,0.8376204278228465,0.3511174251362239,0.5460063419538894,34.48275862068966,0.4419551219738098,0.3754257145268009,0.8968457605518144,26.331719128329297,2
Wheat_3,2,5,F_original_HCP,True,0.8370135316689757,0.3517145623546556,0.5469349222092097,34.48275862068966,0.4389747274003411,0.3760859038461191,0.8981930189216212,26.331719128329297,2
Wheat_3,2,5,proposed_full,True,0.8374793794560501,0.3512630716107405,0.5462328299977066,35.632183908045974,0.4414066906637596,0.3755642516967321,0.8973566580374879,26.331719128329297,2
Wheat_3,3,1,B_Hadamard,True,0.8498712424206818,0.3360955692332612,0.528241363901447,33.72093023255814,0.4583005935675169,0.3602253510074301,0.8925804699415227,25.674827369742623,2
Wheat_3,3,1,F_original_HCP,True,0.844783778232896,0.3418388066837722,0.5372680094802296,25.58139534883721,0.4394140823624988,0.3661963150525515,0.9083365422059568,21.12366603892028,2
Wheat_3,3,1,proposed_full,True,0.8499284362613502,0.3360345390359432,0.5281454427479967,33.72093023255814,0.4584519852731844,0.3601567515601751,0.892427370440064,25.674827369742623,2
Wheat_3,3,2,B_Hadamard,True,0.836344347744123,0.3564022278162625,0.5486364762092144,31.3953488372093,0.4197743209212791,0.3781426309339407,0.9098274205625774,29.310344827586206,2
Wheat_3,3,2,F_original_HCP,True,0.835294008648586,0.3575343663950169,0.5503792613882917,29.069767441860463,0.4141129776519001,0.3790842719477262,0.9142593094182192,27.58620689655172,2
Wheat_3,3,2,proposed_full,True,0.8363598121072167,0.3563823791079735,0.5486059216152105,31.3953488372093,0.4199351074076607,0.3781298259052026,0.9097238121425024,29.310344827586206,2
Wheat_3,3,3,B_Hadamard,True,0.8492214508163524,0.3439183812755633,0.5297064216031759,26.74418604651163,0.4275200248451516,0.3653639220902726,0.9134894027984743,24.69211822660099,2
Wheat_3,3,3,F_original_HCP,True,0.8450905233267115,0.3475531702686203,0.5353047588122946,26.74418604651163,0.4162529131983481,0.3690704564007118,0.9239155981303968,26.41625615763547,2
Wheat_3,3,3,proposed_full,True,0.8493064738409698,0.3438288465331175,0.5295685193257396,26.74418604651163,0.4276890502585068,0.3652680843730671,0.9132553294938434,24.69211822660099,2
Wheat_3,3,4,B_Hadamard,True,0.8367349470296774,0.3530487273765685,0.5474038936235633,32.55813953488372,0.4247068456577645,0.3780499847042263,0.9078360596900604,26.997578692493946,2
Wheat_3,3,4,F_original_HCP,True,0.8328995045861504,0.3569716947654209,0.5534864750257774,34.88372093023256,0.4153529971601508,0.3823284777108671,0.9171992819195864,27.088377723970947,2
Wheat_3,3,4,proposed_full,True,0.8369102336265571,0.352878710125225,0.5471402809883892,32.55813953488372,0.4251707880871834,0.3778603236329602,0.907467031651765,28.783292978208237,2
Wheat_3,3,5,B_Hadamard,True,0.837620538265214,0.3511173125946556,0.5460061669457421,34.48275862068966,0.4419554969959967,0.3754255821760458,0.8968455707976111,26.331719128329297,2
Wheat_3,3,5,F_original_HCP,True,0.8385265860058918,0.3502276345829302,0.5446226701383408,35.632183908045974,0.4466606609211191,0.3744930168665137,0.8944199250284167,25.484261501210653,2
Wheat_3,3,5,proposed_full,True,0.8374755075732697,0.3512669468881438,0.5462388562609667,35.632183908045974,0.4413902149699563,0.3755681209723396,0.8973687577459414,26.331719128329297,2
Wheat_5,0,1,B_Hadamard,True,0.4491842165791257,0.3468043167205688,0.8954912064187368,29.166666666666668,0.4163919234652128,0.3710113467520741,0.9124665616005838,31.957671957671955,2
Wheat_5,0,1,F_original_HCP,True,0.5096096937427802,0.3335979100254428,0.8613906474184762,39.583333333333336,0.4865679704402806,0.3565111706444608,0.8772996990420965,40.37037037037037,2
Wheat_5,0,1,proposed_full,True,0.4490229430600966,0.3468311678659496,0.8955605393636037,29.166666666666668,0.4162533279048521,0.3710556335517028,0.9125546626408898,33.80952380952381,2
Wheat_5,0,2,B_Hadamard,True,0.4515026345402939,0.3307769372965068,0.9005019487353951,29.78723404255319,0.4134363492256974,0.356723537113299,0.9181983434812864,24.285714285714285,2
Wheat_5,0,2,F_original_HCP,True,0.4920172362699218,0.3213953874314646,0.8749617644508543,30.851063829787236,0.4617508827182253,0.3462075674748257,0.8916637907020859,32.42857142857143,2
Wheat_5,0,2,proposed_full,True,0.4515694979772823,0.3307537941938978,0.9004389443156505,29.78723404255319,0.4135183037415146,0.3566969470860223,0.9181320954110376,24.285714285714285,2
Wheat_5,0,3,B_Hadamard,True,0.4355085354962578,0.340271229396883,0.9049929652167088,33.68421052631579,0.3932010876295788,0.3694872930452356,0.9272831908463136,29.395604395604398,2
Wheat_5,0,3,F_original_HCP,True,0.4829439136299283,0.3312279850285434,0.8809413504193341,38.94736842105263,0.4495634749533435,0.3589695425076744,0.9020695115122312,38.24175824175824,2
Wheat_5,0,3,proposed_full,True,0.433068657361346,0.3408198619945811,0.9064521207329876,34.73684210526316,0.3895488293609716,0.3706258113461802,0.9292026558044052,27.472527472527474,2
Wheat_5,0,4,B_Hadamard,True,0.428926105930773,0.3537116630195303,0.9048896701136148,35.1063829787234,0.3920066179311903,0.3842103816906677,0.9267729992723328,33.85714285714286,2
Wheat_5,0,4,F_original_HCP,True,0.4790126936599903,0.3441106435969369,0.8803276773766513,36.17021276595744,0.4591127250261092,0.3698285678482468,0.8980538668225007,31.714285714285715,2
Wheat_5,0,4,proposed_full,True,0.4289397726027588,0.353707196083701,0.9048782424890504,35.1063829787234,0.3920208399035322,0.3842070833649738,0.9267625786211544,33.85714285714286,2
Wheat_5,0,5,B_Hadamard,True,0.4380976251412723,0.3440035953514294,0.909763884182343,33.68421052631579,0.420253432594375,0.372074998610675,0.9294511784930832,30.87912087912088,2
Wheat_5,0,5,F_original_HCP,True,0.4896219953252014,0.3328541629317397,0.8802777070561909,37.89473684210526,0.4813127739499508,0.3580647452678147,0.8978173181326495,39.230769230769226,2
Wheat_5,0,5,proposed_full,True,0.4379487325887155,0.3440347550232944,0.9098462901353296,33.68421052631579,0.420889332241405,0.3720457159977971,0.9294895923568314,33.51648351648352,2
Wheat_5,1,1,B_Hadamard,True,0.4491436227163509,0.3468191983128539,0.8955296325120303,29.166666666666668,0.4163702125051137,0.3710226600797742,0.9125005471931528,31.957671957671955,2
Wheat_5,1,1,F_original_HCP,True,0.4400860483027152,0.3488958072229713,0.9008916909655276,29.166666666666668,0.4084553331325502,0.3727606771994176,0.9174175350516816,29.814814814814817,2
Wheat_5,1,1,proposed_full,True,0.4490169857888006,0.3468300103865465,0.8955575506100701,29.166666666666668,0.4162451740692215,0.3710576093159698,0.912555221015,33.80952380952381,2
Wheat_5,1,2,B_Hadamard,True,0.4515065605411819,0.3307747057213446,0.9004958735301564,29.78723404255319,0.4134408508663084,0.3567211196740987,0.918192135592889,24.285714285714285,2
Wheat_5,1,2,F_original_HCP,True,0.4520583028369196,0.3305356945763356,0.8998451933357958,29.78723404255319,0.4135676306034205,0.3565703085057089,0.9176599419927484,25.0,2
Wheat_5,1,2,proposed_full,True,0.4515595421610507,0.330757497274967,0.9004490255255029,29.78723404255319,0.4135066033334136,0.3567012763889778,0.918142787442804,24.285714285714285,2
Wheat_5,1,3,B_Hadamard,True,0.4355090517933359,0.340271233626345,0.9049929764654804,32.63157894736842,0.3932018401284388,0.3694873108448652,0.9272832128971172,29.395604395604398,2
Wheat_5,1,3,F_original_HCP,True,0.4326433466392427,0.3409051170616242,0.9066788670143578,33.68421052631579,0.3878517950729415,0.3703477238035599,0.9291469678450012,30.60439560439561,2
Wheat_5,1,3,proposed_full,True,0.4330760722063204,0.3408163536619677,0.9064427898931736,33.68421052631579,0.3895536454899636,0.3706223270301982,0.929193344356034,27.472527472527474,2
Wheat_5,1,4,B_Hadamard,True,0.4289410706352964,0.3537078190571596,0.9048798362228916,35.1063829787234,0.3920182678236049,0.3842069008255,0.9267635012317066,33.85714285714286,2
Wheat_5,1,4,F_original_HCP,True,0.3913807635892457,0.3625975076309186,0.9276220531242252,29.78723404255319,0.3389887037017889,0.3963383502492243,0.9519696115475376,29.714285714285715,2
Wheat_5,1,4,proposed_full,True,0.4289294733812862,0.3537103797145007,0.9048863870738216,35.1063829787234,0.3920105782034816,0.3842095478476407,0.92677009947391,33.85714285714286,2
Wheat_5,1,5,B_Hadamard,True,0.4381016669939522,0.3440037202726309,0.9097642145533016,33.68421052631579,0.4202583688335095,0.3720745740178264,0.9294511101248608,31.59340659340659,2
Wheat_5,1,5,F_original_HCP,True,0.436062125304029,0.3444540369915795,0.9109551378252644,34.73684210526316,0.418117928802331,0.3725549270466896,0.9306629374533006,34.230769230769226,2
Wheat_5,1,5,proposed_full,True,0.4379425460554506,0.3440359414763619,0.9098494278704164,32.63157894736842,0.4208921634997169,0.3720462265616235,0.9294922351657208,34.230769230769226,2
Wheat_5,2,1,B_Hadamard,True,0.4491458153371953,0.3468214418199657,0.8955354255220744,29.166666666666668,0.4163819990829705,0.3710242268973268,0.9125055150123648,31.957671957671955,2
Wheat_5,2,1,F_original_HCP,True,0.4291139141245101,0.3511301035439926,0.9066609176202824,28.125,0.3947483180218125,0.3761606697932371,0.924428240002869,32.67195767195767,2
Wheat_5,2,1,proposed_full,True,0.4490115712529955,0.3468346586945496,0.8955695531104451,29.166666666666668,0.4162461533777971,0.3710591300235962,0.9125635803612508,33.80952380952381,2
Wheat_5,2,2,B_Hadamard,True,0.4515049067491617,0.3307754029565501,0.9004977716723498,29.78723404255319,0.4134377573949025,0.3567222691084006,0.9181945596415004,24.285714285714285,2
Wheat_5,2,2,F_original_HCP,True,0.4515052626621751,0.3307742440534386,0.9004946166926862,29.78723404255319,0.4134335075337159,0.3567225493346171,0.9181932232909232,24.285714285714285,2
Wheat_5,2,2,proposed_full,True,0.451559229189962,0.3307572198380631,0.9004482702356249,29.78723404255319,0.4135072112318818,0.3567007733906782,0.918141766795806,24.285714285714285,2
Wheat_5,2,3,B_Hadamard,True,0.4355075710564163,0.3402707904524152,0.904991797790194,33.68421052631579,0.3931990034259308,0.3694869051913924,0.927282065415462,29.395604395604398,2
Wheat_5,2,3,F_original_HCP,True,0.4222267907277301,0.3435501621833225,0.9137136881247429,33.68421052631579,0.3765396962662262,0.3735291391432181,0.936595958779387,30.10989010989011,2
Wheat_5,2,3,proposed_full,True,0.4330658176615312,0.340819644738256,0.9064515429132106,34.73684210526316,0.3895425725079225,0.3706266150974403,0.9292028606183114,27.472527472527474,2
Wheat_5,2,4,B_Hadamard,True,0.4289765982235815,0.3536938318516375,0.9048440531851412,35.1063829787234,0.3920485425338199,0.3841977074239836,0.9267318076783706,33.85714285714286,2
Wheat_5,2,4,F_original_HCP,True,0.4289771754157608,0.353696074474068,0.9048497904171398,35.1063829787234,0.3922282941810433,0.3841646746864542,0.926708371229442,34.57142857142857,2
Wheat_5,2,4,proposed_full,True,0.4289493318958888,0.3537051407469967,0.904872984384366,35.1063829787234,0.3920256043301399,0.3842048872082155,0.9267572234215768,33.85714285714286,2
Wheat_5,2,5,B_Hadamard,True,0.4381032456528646,0.3440047813888195,0.9097670208181152,33.68421052631579,0.4202617547449443,0.3720746692282348,0.9294532138267054,30.87912087912088,2
Wheat_5,2,5,F_original_HCP,True,0.4371937191823834,0.344118866119062,0.9100687332673856,33.68421052631579,0.4195159723357173,0.3721726764249382,0.9297430270337426,29.67032967032967,2
Wheat_5,2,5,proposed_full,True,0.4379454189536559,0.3440356703072824,0.9098487107272286,32.63157894736842,0.4208957142868438,0.372045719872475,0.9294913470666636,33.51648351648352,2
Wheat_5,3,1,B_Hadamard,True,0.449151464770449,0.3468176560242673,0.895525650134071,29.166666666666668,0.4163790490786125,0.3710214219519392,0.9124969513967528,31.957671957671955,2
Wheat_5,3,1,F_original_HCP,True,0.4535424225612717,0.3457813449641487,0.892849768097117,29.166666666666668,0.4215014668551363,0.3699359276482983,0.909796311266602,31.957671957671955,2
Wheat_5,3,1,proposed_full,True,0.4490281195038813,0.346829749419732,0.895556876761804,29.166666666666668,0.4162587302306051,0.3710545467275357,0.9125514134808264,33.80952380952381,2
Wheat_5,3,2,B_Hadamard,True,0.4515141655536001,0.3307686363834832,0.9004793504599071,29.78723404255319,0.4134412064885996,0.3567173025154211,0.9181786412238316,25.0,2
Wheat_5,3,2,F_original_HCP,True,0.4213600418964117,0.3383952306966958,0.921241871261368,28.72340425531915,0.377484144935999,0.3656595432307064,0.9402226843413628,20.285714285714285,2
Wheat_5,3,2,proposed_full,True,0.4515609523510259,0.330757208273565,0.9004482387526165,29.78723404255319,0.4135089056527016,0.3567008180199422,0.918141804884014,25.0,2
Wheat_5,3,3,B_Hadamard,True,0.4355125913058817,0.3402727754343846,0.9049970770925952,34.73684210526316,0.3932090922789103,0.369488394882925,0.9272869442096648,29.395604395604398,2
Wheat_5,3,3,F_original_HCP,True,0.4368562169126319,0.3400700078377854,0.9044577918617472,32.63157894736842,0.3961257448046698,0.3687827698927024,0.9263411488002276,27.967032967032964,2
Wheat_5,3,3,proposed_full,True,0.4330659249279738,0.3408206618926075,0.9064542481596526,35.78947368421053,0.3895450428489326,0.3706271149106228,0.9292051690619147,27.472527472527474,2
Wheat_5,3,4,B_Hadamard,True,0.4289280889308618,0.3537123964924278,0.9048915465347726,35.1063829787234,0.3920075661254506,0.3842101631761935,0.9267740824914076,33.85714285714286,2
Wheat_5,3,4,F_original_HCP,True,0.4341694523241387,0.3526343612789291,0.9021336421999646,35.1063829787234,0.3998603617646873,0.3827275906726752,0.923690132176336,36.57142857142857,2
Wheat_5,3,4,proposed_full,True,0.4289502674781135,0.353713754019635,0.90489501945488,35.1063829787234,0.3920289754679846,0.3842065087152795,0.9267734021685102,33.85714285714286,2
Wheat_5,3,5,B_Hadamard,True,0.4380968691614171,0.3440042859989257,0.9097657106927556,33.68421052631579,0.4202533354711937,0.3720752683831355,0.9294526984506176,30.87912087912088,2
Wheat_5,3,5,F_original_HCP,True,0.437521520815515,0.3443303899774403,0.9106281366271056,29.473684210526315,0.4176787426565194,0.3727016089211866,0.9305302972013064,30.384615384615387,2
Wheat_5,3,5,proposed_full,True,0.4379429921894276,0.3440358846854477,0.9098492776791876,32.63157894736842,0.4208927359634993,0.3720460154292209,0.9294919726764326,33.51648351648352,2
Wheat_6,0,1,B_Hadamard,True,0.8857180216168183,0.3428006760753342,0.4640867254173169,32.857142857142854,0.4998877384508741,0.3341804235171258,0.8762852426774597,24.739583333333336,2
Wheat_6,0,1,F_original_HCP,True,0.9040207857090669,0.3159990150036923,0.4278023888025617,40.0,0.5904338223205976,0.3140256920587382,0.8240419924932728,36.19791666666667,2
Wheat_6,0,1,proposed_full,True,0.885492385108768,0.3431099975003432,0.4645054876230318,32.857142857142854,0.4818491772526592,0.3361579563038219,0.8816403322544253,24.739583333333336,2
Wheat_6,0,2,B_Hadamard,True,0.8948841154702987,0.3382079969277872,0.4461047017899142,38.0281690140845,0.4864570916798899,0.3292077626875263,0.8743128094408803,32.254464285714285,2
Wheat_6,0,2,F_original_HCP,True,0.9100223205746284,0.3146400191499955,0.4150179569646641,49.29577464788732,0.5242008118501641,0.3181211714953988,0.8468772316310874,38.504464285714285,2
Wheat_6,0,2,proposed_full,True,0.8948835417362753,0.338208899838296,0.4461058927511775,38.0281690140845,0.4864139514090075,0.3292131259594993,0.8743278061998171,32.254464285714285,2
Wheat_6,0,3,B_Hadamard,True,0.8854338435011212,0.3434863315337954,0.4647419111062745,35.714285714285715,0.4468369153117585,0.3312490442324927,0.8917357998869369,31.510416666666668,2
Wheat_6,0,3,F_original_HCP,True,0.9006088584989778,0.3214771824716028,0.434963218162914,38.57142857142857,0.5276981410081534,0.3154786492402833,0.8504757107337988,27.083333333333336,2
Wheat_6,0,3,proposed_full,True,0.8844797020022211,0.3448159483562322,0.4665409016522421,34.285714285714285,0.4021811641804591,0.3378897971779571,0.9107860119351812,23.177083333333336,2
Wheat_6,0,4,B_Hadamard,True,0.8849231985023795,0.3454964340649336,0.4658405207814532,35.714285714285715,0.401570710015357,0.3277182905239795,0.9206159703938904,28.348214285714285,2
Wheat_6,0,4,F_original_HCP,True,0.9028421332049232,0.3198262278515947,0.4312288112182176,42.85714285714285,0.4950686087522839,0.3061621656808707,0.8613659269003273,32.254464285714285,2
Wheat_6,0,4,proposed_full,True,0.8847554412386347,0.3457167840507122,0.4661376235646039,34.285714285714285,0.4011324066446887,0.3277447544326487,0.9206052078932376,29.129464285714285,2
Wheat_6,0,5,B_Hadamard,True,0.8902280249909722,0.3472848411492085,0.4564469629028592,32.394366197183096,0.4780111605019915,0.34073188642053,0.8839312822219532,23.549107142857142,2
Wheat_6,0,5,F_original_HCP,True,0.9109143851958134,0.313984723316687,0.4126796115878293,40.84507042253521,0.5315475430664709,0.3221568385607437,0.8379033260017457,25.892857142857142,2
Wheat_6,0,5,proposed_full,True,0.8901963968878063,0.3473395450079259,0.4565188618377163,32.394366197183096,0.4780362761418828,0.3407881056779966,0.8840775130503431,23.549107142857142,2
Wheat_6,1,1,B_Hadamard,True,0.8857160121533163,0.3428036074776271,0.46409069397685,32.857142857142854,0.499864631007905,0.3341909980079374,0.876313751189518,24.739583333333336,2
Wheat_6,1,1,F_original_HCP,True,0.8857229687233298,0.3427936916847099,0.4640772698846996,32.857142857142854,0.4999619806271808,0.3341502547005546,0.8762037725978149,24.739583333333336,2
Wheat_6,1,1,proposed_full,True,0.8854491995595356,0.3431693033279131,0.4645857764008433,32.857142857142854,0.4788940612204357,0.3365097718395946,0.8825926512511975,24.739583333333336,2
Wheat_6,1,2,B_Hadamard,True,0.8948834110133916,0.3382090840568881,0.4461061357400507,38.0281690140845,0.486412301350284,0.329213192965616,0.8743279652981562,32.254464285714285,2
Wheat_6,1,2,F_original_HCP,True,0.8948794744381315,0.3382146109773583,0.4461134258846674,38.0281690140845,0.4861753346603642,0.3292393702231195,0.8744009790593843,32.254464285714285,2
Wheat_6,1,2,proposed_full,True,0.894883390273162,0.3382092103517176,0.4461063023260502,38.0281690140845,0.4864023538359719,0.3292147139971506,0.874332239610212,32.254464285714285,2
Wheat_6,1,3,B_Hadamard,True,0.8854336384608539,0.3434865787190376,0.4647422455514368,35.714285714285715,0.446871317779015,0.3312444670969182,0.8917224274060017,31.510416666666668,2
Wheat_6,1,3,F_original_HCP,True,0.8854395797577523,0.3434786312234493,0.4647314924764258,35.714285714285715,0.4469604279110908,0.331233339125387,0.8916917147701495,31.510416666666668,2
Wheat_6,1,3,proposed_full,True,0.8844710806548792,0.3448283740185501,0.4665577137507805,34.285714285714285,0.4016203967435535,0.3379841072078919,0.911057982030676,23.177083333333336,2
Wheat_6,1,4,B_Hadamard,True,0.8849207030279668,0.3455000725200794,0.4658454265913918,35.714285714285715,0.401440512016035,0.3277442261597015,0.9206993115666342,29.129464285714285,2
Wheat_6,1,4,F_original_HCP,True,0.8849070623418376,0.3455017202419273,0.4658476482513803,35.714285714285715,0.4035232709929394,0.3284973871424745,0.923165675026358,15.625,2
Wheat_6,1,4,proposed_full,True,0.8847440186888695,0.3457321373114571,0.4661583247072957,34.285714285714285,0.4007409447858608,0.3278014760119575,0.9207842010052644,29.129464285714285,2
Wheat_6,1,5,B_Hadamard,True,0.8902269078792029,0.3472859261507147,0.4564483889531314,32.394366197183096,0.4779440271100883,0.3407371777514039,0.8839456495994853,23.549107142857142,2
Wheat_6,1,5,F_original_HCP,True,0.8902274927703588,0.3472856539620743,0.4564480312073748,32.394366197183096,0.4779661249133931,0.3407378811006746,0.883947621294221,23.549107142857142,2
Wheat_6,1,5,proposed_full,True,0.8902100026547031,0.347319757489696,0.4564928545044576,32.394366197183096,0.4783072610085329,0.3407588410256008,0.8840001015425306,23.549107142857142,2
Wheat_6,2,1,B_Hadamard,True,0.8857181843175926,0.3428004563649655,0.4640864279713879,32.857142857142854,0.4998889886516152,0.3341793732081543,0.8762824040342507,24.739583333333336,2
Wheat_6,2,1,F_original_HCP,True,0.8857137469939118,0.3428065246942717,0.4640946433317213,32.857142857142854,0.4997686612618659,0.3342049796387344,0.8763515397491073,24.739583333333336,2
Wheat_6,2,1,proposed_full,True,0.8854956811982817,0.3431053810503224,0.4644992378303016,32.857142857142854,0.4821090935677345,0.3361305958939889,0.8815662720581163,24.739583333333336,2
Wheat_6,2,2,B_Hadamard,True,0.8948838838273359,0.3382083779655452,0.4461052043881287,38.0281690140845,0.4864411677589255,0.3292098609778836,0.8743186721294847,32.254464285714285,2
Wheat_6,2,2,F_original_HCP,True,0.8948830040939515,0.3382096790421721,0.4461069205403365,38.0281690140845,0.4863976647296257,0.3292148379223258,0.8743325129391001,32.254464285714285,2
Wheat_6,2,2,proposed_full,True,0.8948801020907731,0.3382145930705932,0.446113402265202,38.0281690140845,0.4861801477595993,0.3292436223224309,0.8744129887061414,32.254464285714285,2
Wheat_6,2,3,B_Hadamard,True,0.8854347013397308,0.3434851354027234,0.464740292723855,35.714285714285715,0.4468909297127347,0.3312416308290588,0.8917144769270597,31.510416666666668,2
Wheat_6,2,3,F_original_HCP,True,0.8854388607127631,0.3434793024707224,0.4647324006835709,35.714285714285715,0.4470734810796608,0.331215708341005,0.8916402641484633,31.510416666666668,2
Wheat_6,2,3,proposed_full,True,0.884493582883208,0.3447967402457921,0.4665149128045496,34.285714285714285,0.4026667566843007,0.3378134237289976,0.9105677056959404,23.177083333333336,2
Wheat_6,2,4,B_Hadamard,True,0.8849200825368219,0.3455009553661324,0.4658466169523465,35.714285714285715,0.4014102040544233,0.3277498682814639,0.9207174015212888,29.129464285714285,2
Wheat_6,2,4,F_original_HCP,True,0.8849201132393723,0.3455012673448789,0.4658470376002243,35.714285714285715,0.4013800295672586,0.3277629016981241,0.9207599537438482,28.348214285714285,2
Wheat_6,2,4,proposed_full,True,0.8847677121122971,0.3456996969431005,0.4661145846376465,34.285714285714285,0.401625843513715,0.3276584947477603,0.9203302366207466,29.129464285714285,2
Wheat_6,2,5,B_Hadamard,True,0.8902274238358887,0.3472854839775373,0.4564478077915602,32.394366197183096,0.4779767757113361,0.3407347829955133,0.883939139929476,23.549107142857142,2
Wheat_6,2,5,F_original_HCP,True,0.8902376860680349,0.3472622084439534,0.4564172160543017,32.394366197183096,0.4789513862958188,0.3406061653438761,0.8835894491988472,23.549107142857142,2
Wheat_6,2,5,proposed_full,True,0.8902098733079497,0.3473248828711981,0.4564995909482731,32.394366197183096,0.4786623157022543,0.3407445149307803,0.8839600036235786,23.549107142857142,2
Wheat_6,3,1,B_Hadamard,True,0.8857172848844737,0.3428017596693436,0.4640881923969076,32.857142857142854,0.4998786549599087,0.3341842337966458,0.8762955123831195,24.739583333333336,2
Wheat_6,3,1,F_original_HCP,True,0.8857239286160637,0.3427913132271197,0.4640740499068185,32.857142857142854,0.4997995033213636,0.3341637979317651,0.876240889143409,24.739583333333336,2
Wheat_6,3,1,proposed_full,True,0.8854936792212587,0.3431081995977989,0.4645030536059406,32.857142857142854,0.4819520312487014,0.3361462923960718,0.8816087431365391,24.739583333333336,2
Wheat_6,3,2,B_Hadamard,True,0.8948829546505234,0.3382098210572565,0.4461071078617407,38.0281690140845,0.4863818886886037,0.3292170559173483,0.8743387527058254,32.254464285714285,2
Wheat_6,3,2,F_original_HCP,True,0.8948853511601517,0.3382059206288711,0.4461019631003586,38.0281690140845,0.4865438137430896,0.3291967282772121,0.8742819908169583,31.473214285714285,2
Wheat_6,3,2,proposed_full,True,0.8948823135892617,0.3382103315705917,0.4461077812414397,38.0281690140845,0.4863490326791562,0.3292183163363738,0.8743422283297477,31.473214285714285,2
Wheat_6,3,3,B_Hadamard,True,0.8854353566154564,0.3434842412746018,0.4647390829557394,35.714285714285715,0.4468980972732562,0.331240487209412,0.8917113368730593,31.510416666666668,2
Wheat_6,3,3,F_original_HCP,True,0.8854349749602697,0.3434847405056823,0.4647397584225197,35.714285714285715,0.4469383814510947,0.3312354655532699,0.89169661771767,31.510416666666668,2
Wheat_6,3,3,proposed_full,True,0.8844746385618114,0.3448230772354109,0.466550547127562,34.285714285714285,0.4018985473577823,0.3379354579707839,0.910917451966098,23.177083333333336,2
Wheat_6,3,4,B_Hadamard,True,0.8849246728290184,0.3454943315900464,0.4658376859678349,35.714285714285715,0.4016431285913269,0.3277047174461918,0.9205724427054048,28.348214285714285,2
Wheat_6,3,4,F_original_HCP,True,0.8849156920966382,0.3455072322819071,0.4658550802573914,35.714285714285715,0.401197969884208,0.3277903106841159,0.920847092335122,29.129464285714285,2
Wheat_6,3,4,proposed_full,True,0.8848688630149323,0.3455667179801517,0.4659352861464169,35.714285714285715,0.4015044457642381,0.327701144548301,0.9205287281428468,29.129464285714285,2
Wheat_6,3,5,B_Hadamard,True,0.890227524916257,0.3472851436281395,0.4564473604600603,32.394366197183096,0.4779712994728193,0.3407346450448839,0.8839388117546559,23.549107142857142,2
Wheat_6,3,5,F_original_HCP,True,0.8901150332914087,0.3473973643038175,0.4565948554858109,32.394366197183096,0.4771134146108589,0.3407460536344167,0.8839534527746199,30.691964285714285,2
Wheat_6,3,5,proposed_full,True,0.8902077768099073,0.3473233084461223,0.4564975216338112,32.394366197183096,0.4782669104074999,0.3407638888481465,0.8840134336602818,23.549107142857142,2
