scenario,dataset,split,subset,model,test_records,kernels_used,signed_terms,variance_parameters,cross_coefficients,converged,iterations,objective,COR_pooled,RMSE_pooled,NRMSE_pooled,PM10_pooled,COR_within,RMSE_within,NRMSE_within,PM10_within,environments_scored
ulte,EYT_1,partition_1,all,A_main,1532,E|G,,2.49314|0.0600446|0.221219,,True,13,1130.6570851458582,0.9372825708248732,0.5154096215742966,0.3486400517929617,33.11688311688312,0.2879197064228197,0.509572476873333,0.9601878851123576,25.000000000000004,4
ulte,EYT_1,partition_1,all,B_Hadamard,1532,E|G|H,,2.50128|0.0693465|0.0804547|0.15236,,True,15,1081.251624195728,0.9400257405381492,0.5044470555205574,0.3412246108761133,36.36363636363637,0.3600021153780789,0.4976589996072378,0.9355478479237735,33.97435897435897,4
ulte,EYT_1,partition_1,all,F_original,1532,E|G|H|C0|P0,,2.4301|0.0696695|0.0709625|0.0456698|0.0285121|0.131755,,True,15,1065.5871991111503,0.9424206192369864,0.494714265936945,0.3346410312872106,41.55844155844156,0.4021228358682982,0.4886739848109529,0.9196882128920884,34.61538461538461,4
ulte,EYT_1,partition_1,all,M_masks,1532,E|G|H|SGE,,2.50271|0.0693076|0.0805074|3.28723e-05|0.152381,,True,33,1081.251913788379,0.940026390558156,0.5044444181710537,0.3412228268860031,36.36363636363637,0.3600165294621315,0.4976557204868955,0.9355404093130836,33.97435897435897,4
ulte,EYT_1,partition_1,all,V1_spectral,1532,E|G|H|SEG|SGE_spec,,2.50379|0.0693527|0.0804397|0.354734|9.72246e-07|0.152374,,True,30,1081.2516700079225,0.9400258286660976,0.5044467123078242,0.3412243787157111,36.36363636363637,0.3599997879578001,0.4976588434691373,0.9355478745048263,33.97435897435897,4
ulte,EYT_1,partition_1,all,V2_CGE,1532,E|G|H,CGE,2.50126|0.0693443|0.0804533|0.152362,-4.51181e-05,True,15,1081.251624197336,0.9400257949082536,0.5044468390179682,0.3412244644266278,36.36363636363637,0.3600023999323076,0.4976587843334586,0.9355474362163364,33.97435897435897,4
ulte,EYT_1,partition_1,all,V4_CRN,1532,E|G|H|CRN,,2.49781|0.0693286|0.0804579|1.02804e-06|0.152356,,True,30,1081.2518385781375,0.9400259665263284,0.5044461535190352,0.341224000732561,36.36363636363637,0.3600055846125684,0.4976579563158789,0.9355455945376449,33.97435897435897,4
ulte,EYT_1,partition_2,all,A_main,1532,E|G,,2.49246|0.0555277|0.22511,,True,13,1138.5495388856,0.9373239530153256,0.5141029804621658,0.3483653035213261,35.714285714285715,0.2557442687797298,0.5102227884347048,0.9711905432390632,25.64102564102564,4
ulte,EYT_1,partition_2,all,B_Hadamard,1532,E|G|H,,2.55019|0.0589313|0.0790924|0.162287,,True,13,1104.3601344084766,0.9407907698542584,0.5001018887036562,0.3388779152636303,37.01298701298701,0.3606173938831475,0.4942934941286822,0.9366632876322996,33.333333333333336,4
ulte,EYT_1,partition_2,all,F_original,1532,E|G|H|C0|P0,,2.45637|0.0621551|0.068479|0.0462353|0.0461676|0.134945,,True,19,1082.4777450576107,0.9418471915559268,0.4957829567556905,0.335951330326137,37.66233766233766,0.3844606383685776,0.4903849846896786,0.9299909700490142,30.12820512820513,4
ulte,EYT_1,partition_2,all,M_masks,1532,E|G|H|SGE,,2.54908|0.0589247|0.0791585|5.25538e-05|0.162226,,True,33,1104.3603158273745,0.9407902090822108,0.5001041642259109,0.3388794571978946,37.01298701298701,0.3606327177841069,0.4942946571252002,0.936663718704848,33.97435897435897,4
ulte,EYT_1,partition_2,all,V1_spectral,1532,E|G|H|SEG|SGE_spec,,2.55447|0.058822|0.0790472|0.35631|2.09894e-06|0.162243,,True,29,1104.360381692088,0.9407918505293644,0.5000974799185176,0.3388749277925762,37.01298701298701,0.3606229596833079,0.4942889867623607,0.9366544573919964,33.333333333333336,4
ulte,EYT_1,partition_2,all,V2_CGE,1532,E|G|H,CGE,2.54951|0.0589308|0.079092|0.162287,0.0001498,True,13,1104.360134367258,0.940790776807231,0.5001018605272168,0.3388778961707749,37.01298701298701,0.3606173650358404,0.4942934700865838,0.9366632481335552,33.333333333333336,4
ulte,EYT_1,partition_2,all,V4_CRN,1532,E|G|H|CRN,,2.55116|0.058928|0.0790949|5.44097e-07|0.162283,,True,27,1104.3602138814929,0.9407907685525664,0.5001018932684436,0.3388779183568112,37.01298701298701,0.3606182641489167,0.4942934383322737,0.9366630818975604,33.333333333333336,4
ulte,EYT_1,partition_3,all,A_main,1532,E|G,,2.4882|0.0646963|0.237434,,True,12,1186.1244034248325,0.9412645814623886,0.4970012791267589,0.3376285240065888,35.714285714285715,0.2853472946639789,0.4916578375723737,0.9615762661049004,27.56410256410257,4
ulte,EYT_1,partition_3,all,B_Hadamard,1532,E|G|H,,2.57812|0.0746715|0.0732299|0.174556,,True,13,1152.241576366336,0.944238464154104,0.4845737876237324,0.3291861400742104,35.714285714285715,0.378130019598157,0.4777328184723393,0.9310852703269114,30.769230769230774,4
ulte,EYT_1,partition_3,all,F_original,1532,E|G|H|C0|P0,,2.49276|0.0739607|0.0633748|0.0379812|0.0462726|0.149834,,True,13,1137.128326355858,0.9461666445208436,0.4763862124641002,0.3236240640143727,38.31168831168832,0.4117996434368182,0.4705797034838158,0.918885631701264,28.205128205128208,4
ulte,EYT_1,partition_3,all,M_masks,1532,E|G|H|SGE,,2.5789|0.0747013|0.0732229|1.19259e-05|0.174539,,True,31,1152.2416888625712,0.944238086716598,0.4845754422173499,0.32918726409144,35.714285714285715,0.3781258661224911,0.4777345971457984,0.9310889948802176,30.769230769230774,4
ulte,EYT_1,partition_3,all,V1_spectral,1532,E|G|H|SEG|SGE_spec,,2.58543|0.0746051|0.0732402|0.35888|9.5405e-07|0.174605,,True,31,1152.2416705778005,0.9442393924796804,0.484569723606799,0.3291833792603124,35.714285714285715,0.3781389843384977,0.477728543103895,0.931076451305388,30.769230769230774,4
ulte,EYT_1,partition_3,all,V2_CGE,1532,E|G|H,CGE,2.57783|0.0746708|0.0732286|0.174557,1.32888e-05,True,13,1152.2415762943451,0.9442384797258776,0.4845737180053061,0.3291860927802345,35.714285714285715,0.3781298863369324,0.4777327628685661,0.9310851818973876,30.769230769230774,4
ulte,EYT_1,partition_3,all,V4_CRN,1532,E|G|H|CRN,,2.57028|0.0747076|0.0732409|1.48e-06|0.174546,,True,29,1152.2417173416134,0.9442379857260346,0.4845758853452275,0.3291875651220763,35.714285714285715,0.378127518763793,0.4777349020310594,0.9310893864015922,30.769230769230774,4
ulte,EYT_1,partition_4,all,A_main,1532,E|G,,2.51849|0.0467847|0.219663,,True,13,1110.4665336646765,0.9337692333994408,0.5289730526959732,0.3584829246927902,32.467532467532465,0.2762870225956553,0.5216351034484042,0.9633172822508494,19.871794871794872,4
ulte,EYT_1,partition_4,all,B_Hadamard,1532,E|G|H,,2.58456|0.0519612|0.0623226|0.167598,,True,13,1081.1178239646338,0.9375930930449567,0.513996565834158,0.348333419373977,33.76623376623377,0.374234505759369,0.5043612996651032,0.9266588387230612,26.282051282051285,4
ulte,EYT_1,partition_4,all,F_original,1532,E|G|H|C0|P0,,2.4459|0.0513734|0.0488141|0.0455063|0.036487|0.146734,,True,17,1064.2751854302724,0.9397522354654716,0.5052706070146601,0.342419871940096,33.76623376623377,0.4081891527997933,0.4964710482447957,0.9133441485527573,30.12820512820513,4
ulte,EYT_1,partition_4,all,M_masks,1532,E|G|H|SGE,,2.58526|0.0516359|0.0622106|0.00462603|0.167728,,True,26,1081.1040393712287,0.9376021079233356,0.513962655908726,0.3483104387529737,33.11688311688312,0.3744721981070908,0.5043203461752243,0.926570695468974,26.282051282051285,4
ulte,EYT_1,partition_4,all,V1_spectral,1532,E|G|H|SEG|SGE_spec,,2.58441|0.0519428|0.0623435|0.357831|6.08899e-06|0.167595,,True,28,1081.1180745364686,0.9375934718004056,0.5139950703512557,0.3483324058911882,33.76623376623377,0.3742441130105045,0.5043594109969596,0.9266546564041936,26.282051282051285,4
ulte,EYT_1,partition_4,all,V2_CGE,1532,E|G|H,CGE,2.58402|0.0519605|0.0623221|0.167598,5.23234e-05,True,13,1081.117824047426,0.93759309545204,0.5139965556895829,0.348333412499039,33.76623376623377,0.3742345491627959,0.5043612956693634,0.9266588413755914,26.282051282051285,4
ulte,EYT_1,partition_4,all,V4_CRN,1532,E|G|H|CRN,,2.58212|0.0519536|0.0623048|1.01075e-06|0.167609,,True,27,1081.1179271151664,0.9375930225139726,0.5139968415501649,0.3483336062256135,33.76623376623377,0.3742323027079989,0.5043618477546101,0.9266603132720164,26.282051282051285,4
ulte,EYT_1,partition_5,all,A_main,1532,E|G,,2.541|0.0498212|0.225661,,True,13,1133.287080514483,0.9359570060105656,0.5174113298944777,0.3530442783879697,24.675324675324678,0.2797430710586064,0.5099520658284763,0.9631962463609892,19.23076923076923,4
ulte,EYT_1,partition_5,all,B_Hadamard,1532,E|G|H,,2.56053|0.052165|0.0916442|0.154194,,True,14,1089.7894237722896,0.9394208614799228,0.5037679277641632,0.343735002031698,32.467532467532465,0.3763833116107748,0.4936894631608365,0.9269361683159651,33.333333333333336,4
ulte,EYT_1,partition_5,all,F_original,1532,E|G|H|C0|P0,,2.5023|0.0497044|0.0733111|0.0321514|0.0558208|0.134392,,True,16,1071.341634585546,0.9412504370595906,0.4961375231084947,0.3385285626867805,35.714285714285715,0.4031741241919331,0.4872011188170596,0.9164805341116816,32.05128205128205,4
ulte,EYT_1,partition_5,all,M_masks,1532,E|G|H|SGE,,2.56275|0.0522072|0.0916103|1.44153e-05|0.154172,,True,30,1089.7897214945365,0.9394207511917388,0.503768455777098,0.343735362309749,32.467532467532465,0.3763795391611069,0.4936903623077397,0.9269385026459438,33.333333333333336,4
ulte,EYT_1,partition_5,all,V1_spectral,1532,E|G|H|SEG|SGE_spec,,2.56138|0.0521555|0.0916986|0.361195|5.48513e-07|0.154157,,True,30,1089.789476194403,0.939420357882018,0.5037701206408824,0.3437364982930556,32.467532467532465,0.376384640917476,0.493690572497669,0.926936487768568,33.333333333333336,4
ulte,EYT_1,partition_5,all,V2_CGE,1532,E|G|H,CGE,2.56073|0.0521656|0.0916443|0.154194,-1.66175e-05,True,14,1089.789423722479,0.9394208561527596,0.5037679519089981,0.3437350185063968,32.467532467532465,0.3763832649461375,0.4936894843194231,0.9269362037806248,33.333333333333336,4
ulte,EYT_1,partition_5,all,V4_CRN,1532,E|G|H|CRN,,2.55317|0.0522027|0.0916168|7.39277e-07|0.154272,,True,35,1089.7896110593788,0.9394212612723014,0.5037661669250408,0.3437338005617235,32.467532467532465,0.3763808988850385,0.4936887636394904,0.9269365951347884,33.333333333333336,4
ulte,Wheat_1,partition_1,all,A_main,879,E|G,,1.19469|0.502686|0.112044,,True,15,452.59460911789046,0.8783598840060437,0.3745322496140004,0.4791718240300148,34.09090909090909,0.472849516978194,0.3759498058902116,0.8824332367820238,32.90969899665552,2
ulte,Wheat_1,partition_1,all,B_Hadamard,879,E|G|H,,1.00491|0.509228|0.0972517|0.10065,,True,18,450.7494352074955,0.8803014866895371,0.371718225881493,0.475571597651221,36.36363636363637,0.4894060959362569,0.3718351836749406,0.8729263444027006,38.79598662207358,2
ulte,Wheat_1,partition_1,all,F_original,879,E|G|H|C0|P0,,0.941516|0.376827|0.120881|0.778779|0.353699|0.0705462,,True,22,400.8201461924869,0.8934962468102458,0.3510210801734135,0.4490919311568761,43.18181818181818,0.563510038803085,0.3531565294422152,0.8288372332444693,42.50836120401338,2
ulte,Wheat_1,partition_1,all,M_masks,879,E|G|H|CSP|PSP|TSP,,6.325e-08|0.508042|0.0920963|0.00062993|0.00160714|1.44599|0.101112,,True,38,450.4424389468605,0.8804447729024545,0.3715038531674486,0.4752973319117106,36.36363636363637,0.4907174027248208,0.3715844960756641,0.8723420579412889,40.20066889632107,2
ulte,Wheat_1,partition_1,all,V1_spectral,879,E|G|H|SEG|SGE_spec,,1.06988|0.48121|0.104854|0.117596|61.5309|0.0997451,,True,33,447.2559641771208,0.8815698626498489,0.369827415170633,0.4731525183378854,39.77272727272727,0.4952956056546707,0.3703836223330007,0.8694671724117816,43.1438127090301,2
ulte,Wheat_1,partition_1,all,V2_CGE,879,E|G|H,CGE,0.830718|0.510548|0.0996919|0.100145,-0.723324,True,23,450.7311464598289,0.8803323778262813,0.3716718176316774,0.4755122235232598,36.36363636363637,0.4896342346994949,0.3717656259654908,0.872765750711753,38.79598662207358,2
ulte,Wheat_1,partition_1,all,V4_CRN,879,E|G|H|CRN,,0.686852|0.508304|0.0959124|0.225236|0.100801,,True,29,450.73082842019056,0.8803914274692766,0.3715853165319457,0.4754015551101078,36.36363636363637,0.490239931591292,0.371667235461244,0.8725361523150115,38.02675585284281,2
ulte,Wheat_1,partition_1,all,V3_CGE_dir,879,E|G|H,CGE_dir,0.158125|0.158125|0.158125|0.158125,0.0,True,1,470.59405668643865,0.875408419359998,0.3789600125688522,0.484836647963429,32.95454545454545,0.4659289050091733,0.3805340007179527,0.8931768487266925,32.14046822742475,2
ulte,Wheat_1,partition_1,all,V5_CRN_dir,879,E|G|H|CRN_dir,,0.997622|0.508998|0.0974264|4.55315e-06|0.100648,,True,41,450.7494512984856,0.8803020068986246,0.3717175830077533,0.4755707751666879,36.36363636363637,0.489414475701339,0.3718334165683947,0.8729223271644122,38.79598662207358,2
ulte,Wheat_1,partition_2,all,A_main,887,E|G,,1.20541|0.647182|0.0849506,,True,14,390.20349879152553,0.8697959493709707,0.3933094530416738,0.4944356798639784,41.57303370786517,0.4497171395218619,0.3907070941020476,0.8948206254961121,39.83974358974359,2
ulte,Wheat_1,partition_2,all,B_Hadamard,887,E|G|H,,0.738578|0.656299|0.149909|0.0687501,,True,18,386.9817255176168,0.8702131793707238,0.3927325754706638,0.4937104777316249,37.07865168539326,0.4645013001966908,0.3873482857534844,0.8871630039087579,38.52564102564102,2
ulte,Wheat_1,partition_2,all,F_original,887,E|G|H|C0|P0,,0.823464|0.550848|0.156133|0.524682|0.30079|0.048645,,True,22,348.9003236062934,0.8867447728104815,0.3681779631527883,0.4628424771247368,41.57303370786517,0.5422480058793075,0.3678707527029077,0.8424921982463891,42.37179487179488,2
ulte,Wheat_1,partition_2,all,M_masks,887,E|G|H|CSP|PSP|TSP,,0.000398294|0.657296|0.144909|7.7949e-05|0.0153389|1.2927|0.0689407,,True,43,386.3632133625197,0.8702886057565018,0.3926449199936773,0.4936002846126381,37.07865168539326,0.4646789013519513,0.3873300631288656,0.8871204160450245,38.52564102564102,2
ulte,Wheat_1,partition_2,all,V1_spectral,887,E|G|H|SEG|SGE_spec,,0.776303|0.632683|0.150072|0.127915|51.0081|0.0687311,,True,35,384.5314954798677,0.8715788365135813,0.390552833575013,0.4909702889114241,37.07865168539326,0.4726660590441812,0.3852454757966176,0.8823462466787517,38.52564102564102,2
ulte,Wheat_1,partition_2,all,V2_CGE,887,E|G|H,CGE,0.675637|0.66784|0.146704|0.069002,-1.08635,True,24,386.9591994031951,0.8701756015856218,0.3927923299217218,0.4937855960192868,37.07865168539326,0.464290595918568,0.3874272420054269,0.8873435914724861,38.52564102564102,2
ulte,Wheat_1,partition_2,all,V4_CRN,887,E|G|H|CRN,,5.72244e-05|0.657563|0.154778|1.08569|0.0680063,,True,35,386.3010241950232,0.8702146238313809,0.3927589385989595,0.4937436192469417,37.07865168539326,0.4646363335666759,0.3874208644439478,0.8873286531491948,39.2948717948718,2
ulte,Wheat_1,partition_2,all,V3_CGE_dir,887,E|G|H,CGE_dir,0.241931|0.670541|0.18301|0.0671497,-0.749407,True,10,386.9026079906565,0.8699407975145846,0.3931336284671662,0.494214647945317,37.07865168539326,0.4644657438344273,0.3875372823031974,0.887598447489877,39.2948717948718,2
ulte,Wheat_1,partition_2,all,V5_CRN_dir,887,E|G|H|CRN_dir,,0.208406|0.659508|0.154554|0.263363|0.0681335,,True,17,386.935110233701,0.8701438039500011,0.3928260326457967,0.4938279642592627,37.07865168539326,0.4641623494628236,0.3874764372400822,0.8874560666202705,39.2948717948718,2
ulte,Wheat_1,partition_3,all,A_main,907,E|G,,1.23519|0.636758|0.0930401,,True,15,410.0775775522967,0.8752612879830824,0.3883927892747799,0.4869547370952366,35.16483516483517,0.4117172259363794,0.3849908106509191,0.9206479283196088,30.384615384615387,2
ulte,Wheat_1,partition_3,all,B_Hadamard,907,E|G|H,,1.04088|0.63146|0.0713563|0.085389,,True,18,408.6873406202956,0.8765136984960286,0.3866942218283318,0.4848251263322044,35.16483516483517,0.4274715143495249,0.3817957516907393,0.9129868103058328,33.07692307692308,2
ulte,Wheat_1,partition_3,all,F_original,907,E|G|H|C0|P0,,1.05137|0.45647|0.108749|0.698063|0.253918|0.0641128,,True,23,372.6498572390022,0.8930701790233622,0.3614135458086615,0.453129005073787,39.56043956043956,0.5185194728559597,0.3612130659343727,0.863828451210525,36.15384615384615,2
ulte,Wheat_1,partition_3,all,M_masks,907,E|G|H|CSP|PSP|TSP,,1.30831e-07|0.633171|0.0581852|6.30418e-05|0.000450664|1.41068|0.0865076,,True,41,408.2958428820506,0.8764395702561524,0.3868719048792323,0.4850478997866218,35.16483516483517,0.4245796568882468,0.3825403080797344,0.9147750208601172,34.230769230769226,2
ulte,Wheat_1,partition_3,all,V1_spectral,907,E|G|H|SEG|SGE_spec,,1.06825|0.590242|0.0730086|0.124065|47.7869|0.0864215,,True,41,406.61949414202354,0.8772419756223684,0.3848169985954913,0.4824715225294052,31.86813186813187,0.4332725977491706,0.3796930172502389,0.90795516573227,33.07692307692308,2
ulte,Wheat_1,partition_3,all,V2_CGE,907,E|G|H,CGE,1.13484|0.630226|0.0676761|0.085681,-1.15929,True,21,408.6547119321304,0.8764897134432647,0.3867218838219816,0.4848598080750618,35.16483516483517,0.4269959870568482,0.3818779705734908,0.9131841663325332,32.30769230769231,2
ulte,Wheat_1,partition_3,all,V4_CRN,907,E|G|H|CRN,,0.441293|0.632209|0.0633428|0.408048|0.0860834,,True,20,408.5974810869701,0.8764652964929773,0.3868358939459078,0.4850027504042083,35.16483516483517,0.4253180228396204,0.3823884457023982,0.9144102843641766,34.230769230769226,2
ulte,Wheat_1,partition_3,all,V3_CGE_dir,907,E|G|H,CGE_dir,0.960115|0.620587|0.0769253|0.0848792,-1.75031,True,17,408.35409852887705,0.8766808406892269,0.3864387140125857,0.484504778620614,35.16483516483517,0.4288222006139511,0.3814588391680125,0.9121800029421878,33.07692307692308,2
ulte,Wheat_1,partition_3,all,V5_CRN_dir,907,E|G|H|CRN_dir,,1.03755|0.63144|0.071389|4.51595e-05|0.0853823,,True,41,408.68736586952446,0.876513897570034,0.3866940156488783,0.4848248678308512,35.16483516483517,0.4274755138203325,0.3817951184204881,0.9129852901299876,33.07692307692308,2
ulte,Wheat_1,partition_4,all,A_main,882,E|G,,1.1903|0.694792|0.0888713,,True,14,415.7751869318438,0.8752368704973561,0.3886405236676331,0.4855940675305533,25.84269662921348,0.4226152442111371,0.3881392946514952,0.913963377831572,27.115384615384613,2
ulte,Wheat_1,partition_4,all,B_Hadamard,882,E|G|H,,0.845839|0.707712|0.0844735|0.0785798,,True,18,413.2553214231369,0.8766880867909833,0.386397633691543,0.482791647298523,25.84269662921348,0.4412286175761757,0.3839868309771244,0.9041999445926988,24.26282051282051,2
ulte,Wheat_1,partition_4,all,F_original,882,E|G|H|C0|P0,,0.642001|0.518991|0.118072|0.623942|0.338426|0.0566142,,True,24,372.45489350111137,0.8863149192421861,0.3705628848952804,0.4630066284751189,28.08988764044944,0.4849048249772325,0.3731377471997488,0.8786151024153053,22.179487179487182,2
ulte,Wheat_1,partition_4,all,M_masks,882,E|G|H|CSP|PSP|TSP,,7.69431e-08|0.706786|0.0733188|7.74073e-05|0.00156589|1.47398|0.0794206,,True,58,412.2871725527236,0.8764868697411073,0.3867073087987878,0.4831785765706452,26.96629213483146,0.4398678502561534,0.3843136054862586,0.904969278962274,26.346153846153847,2
ulte,Wheat_1,partition_4,all,V1_spectral,882,E|G|H|SEG|SGE_spec,,0.944971|0.652098|0.0845821|0.10466|126.65|0.0783402,,True,35,405.0749392906507,0.8748385747546603,0.3897175880423623,0.4869398254710308,24.719101123595507,0.434315776525688,0.3878790105984585,0.9133606332133252,24.03846153846154,2
ulte,Wheat_1,partition_4,all,V2_CGE,882,E|G|H,CGE,0.706041|0.706637|0.0806158|0.079333,-0.886045,True,23,413.2340321266996,0.8766832228723568,0.3864173229843601,0.4828162484484381,25.84269662921348,0.4409664706599443,0.3840396164266578,0.9043239910299168,24.26282051282051,2
ulte,Wheat_1,partition_4,all,V4_CRN,882,E|G|H|CRN,,0.000661388|0.703925|0.077809|1.66365|0.0789782,,True,38,412.10169896471314,0.8762835452901714,0.387020244859213,0.48356958030084,26.96629213483146,0.439405596062814,0.3845692729956499,0.9055717346277332,27.115384615384613,2
ulte,Wheat_1,partition_4,all,V3_CGE_dir,882,E|G|H,CGE_dir,0.199386|0.718379|0.0826401|0.0760308,-0.779255,True,9,413.059761766062,0.876405628616881,0.386753298313877,0.4832360390181666,26.96629213483146,0.4399413912706341,0.3843325716197646,0.9050141418532672,26.346153846153847,2
ulte,Wheat_1,partition_4,all,V5_CRN_dir,882,E|G|H|CRN_dir,,0.445053|0.710386|0.0811026|0.149531|0.078727,,True,23,413.2129646312068,0.8766100862865742,0.3865391568329582,0.4829684759967785,25.84269662921348,0.4409183941106659,0.3841316636960936,0.90454096037891,26.346153846153847,2
ulte,Wheat_1,partition_5,all,A_main,911,E|G,,1.17621|0.482033|0.099145,,True,15,393.5336015855762,0.8755751765262278,0.3981321168698331,0.4849312106725325,33.69565217391305,0.4564715594896533,0.3998114941149615,0.8935324017011212,32.50712250712251,2
ulte,Wheat_1,partition_5,all,B_Hadamard,911,E|G|H,,0.765058|0.491262|0.11602|0.0857413,,True,20,390.4941124846894,0.8762105197839815,0.3970014293778602,0.4835540154372282,33.69565217391305,0.4735452675324014,0.3961001505109672,0.8856227302796106,31.737891737891736,2
ulte,Wheat_1,partition_5,all,F_original,911,E|G|H|C0|P0,,0.799239|0.391338|0.132429|0.521529|0.461373|0.0584308,,True,21,345.49342854593493,0.8899386335940112,0.3756125952932607,0.4575020774798846,34.78260869565217,0.545468050236487,0.378653088791991,0.846023027114294,29.88603988603989,2
ulte,Wheat_1,partition_5,all,M_masks,911,E|G|H|CSP|PSP|TSP,,1.01286e-05|0.494356|0.106844|1.3499e-07|0.000594317|1.23617|0.0861252,,True,46,389.7483708955533,0.8762549250037012,0.3969612841988841,0.4835051179747562,33.69565217391305,0.4735388483190366,0.3961632206519387,0.8857484575944843,33.58974358974359,2
ulte,Wheat_1,partition_5,all,V1_spectral,911,E|G|H|SEG|SGE_spec,,0.81701|0.451312|0.114412|0.11243|58.2852|0.0867228,,True,36,387.1242800310108,0.8770944443192984,0.3952270798556713,0.48139282967629,33.69565217391305,0.4800321054097926,0.3944790240549125,0.8819760014225075,30.96866096866097,2
ulte,Wheat_1,partition_5,all,V2_CGE,911,E|G|H,CGE,0.745358|0.489826|0.1208|0.0860897,-0.878549,True,26,390.4721399472263,0.8761948335345472,0.3970216939442085,0.4835786979993142,33.69565217391305,0.47360566850769,0.3960906901915368,0.8856059751099998,31.737891737891736,2
ulte,Wheat_1,partition_5,all,V4_CRN,911,E|G|H|CRN,,0.000136055|0.497189|0.108889|1.03283|0.0856881,,True,36,389.6118030933178,0.8761702008640556,0.3970987789669812,0.4836725887753504,33.69565217391305,0.4729402967575289,0.3963035845484403,0.8860618190897703,33.58974358974359,2
ulte,Wheat_1,partition_5,all,V3_CGE_dir,911,E|G|H,CGE_dir,0.210025|0.482402|0.110946|0.0873578,-0.70836,True,11,390.41515359538295,0.876275698785129,0.396957111955832,0.4835000361167781,33.69565217391305,0.4737682801291025,0.3961944470854114,0.8858130248314297,33.58974358974359,2
ulte,Wheat_1,partition_5,all,V5_CRN_dir,911,E|G|H|CRN_dir,,0.0098234|0.50284|0.111895|0.438841|0.0853029,,True,40,390.32367884660886,0.876048388319819,0.3972465105018442,0.4838525281196538,33.69565217391305,0.4718678358828565,0.39641440036271,0.8863150125569437,33.58974358974359,2
ulte,Indica,partition_1,all,A_main,489,E|G,,432713|236948|782078,,True,11,4061.762630179017,0.6147358974328248,908.2497902548452,0.79400365864328,46.93877551020408,0.4330745333302525,904.7929747573309,0.9232584059766656,23.529411764705884,3
ulte,Indica,partition_1,all,B_Hadamard,489,E|G|H,,440615|280444|52710.8|679705,,True,10,4044.849080766468,0.6644888855035368,860.4058210205274,0.7521778448378006,48.97959183673469,0.4591036136987799,859.3302129320842,0.8782969625864605,25.49019607843137,3
ulte,Indica,partition_2,all,A_main,489,E|G,,326734|198819|743583,,True,17,4048.589820399782,0.6227364397813101,942.1981295671692,0.7831352588912068,46.93877551020408,0.4095908649775733,940.8269856187226,0.9335265307740368,11.764705882352942,3
ulte,Indica,partition_2,all,B_Hadamard,489,E|G|H,,330456|252088|63318|609185,,True,14,4023.414416554943,0.6562321255019523,909.383831254698,0.7558607046357493,46.93877551020408,0.4168808334348632,907.5933543922793,0.8961455276498821,17.647058823529413,3
ulte,Indica,partition_3,all,A_main,489,E|G,,383439|176576|809406,,True,12,4065.7400582252094,0.6162440196568731,912.4002844854624,0.7943905465131208,55.10204081632653,0.413190864035289,909.9858779929988,0.9472260779315572,17.647058823529413,3
ulte,Indica,partition_3,all,B_Hadamard,489,E|G|H,,382323|199028|69751.6|686686,,True,10,4045.066070601352,0.6670059140834321,863.8513734915621,0.7521209455574277,57.142857142857146,0.4437183377226432,862.3889103797898,0.8927091181473648,13.725490196078432,3
ulte,Indica,partition_4,all,A_main,489,E|G,,467878|167612|778270,,True,13,4056.02179249136,0.5973254938219265,928.2833288020128,0.8123096886474745,48.97959183673469,0.4316310455091329,925.862022133982,0.925153637989772,9.803921568627452,3
ulte,Indica,partition_4,all,B_Hadamard,489,E|G|H,,476500|201639|68338.9|641998,,True,14,4030.380349950117,0.6443287067588246,888.7348543128917,0.7777021415743196,48.97959183673469,0.458292557898009,886.0297741312528,0.882668038170745,19.607843137254903,3
ulte,Indica,partition_5,all,A_main,489,E|G,,373719|160474|821457,,True,18,4066.610082063534,0.648260634526344,907.3250478883688,0.7630922379126469,42.85714285714285,0.4934488486048062,903.5579368793544,0.8850762896770696,21.5686274509804,3
ulte,Indica,partition_5,all,B_Hadamard,489,E|G|H,,367295|181717|51989.2|711916,,True,9,4046.41606136101,0.6876982406312369,865.0222624750093,0.7275141093619726,44.89795918367347,0.4955471229938275,863.8240955357918,0.8499116156847428,23.529411764705884,3
ulte,Japonica,partition_1,all,A_main,576,E|G,,1.23971e+06|245955|449413,,True,12,4611.284221095593,0.8331528969081649,819.0684225803896,0.5566899520698628,53.44827586206897,0.3110606627464652,800.6575567589323,0.9529799415297256,27.630952380952387,5
ulte,Japonica,partition_1,all,B_Hadamard,576,E|G|H,,1.24626e+06|250674|21617.9|426600,,True,11,4609.20097634972,0.8355421286680105,813.8180088466685,0.5531214436410261,55.172413793103445,0.3273141055489869,792.0773649281261,0.9415767150027806,34.48809523809524,5
ulte,Japonica,partition_1,all,F_original,576,E|G|H|C0|P0,,1.14634e+06|230596|3488.59|78392.3|124696|358726,,True,17,4596.153980778169,0.8465996344884835,786.5150007535472,0.534564617559465,55.172413793103445,0.3802459156656423,774.7897788303322,0.923960513888019,30.571428571428573,5
ulte,Japonica,partition_1,all,M_masks,576,E|G|H|CSP|PSP|TSP,,1.16452e+06|247758|14754.4|11.8121|5173.29|13508.1|429260,,True,37,4608.497334883288,0.8345957706950008,816.0283680755975,0.5546237415434812,51.72413793103448,0.3195413723693462,795.1676419330292,0.9454272241808386,30.48809523809524,5
ulte,Japonica,partition_1,all,V1_spectral,576,E|G|H|SEG|SGE_spec,,1.25942e+06|198366|21533|79.9256|955611|416041,,True,24,4600.737890298607,0.8348436948058457,817.0967838706363,0.5553499035115582,48.27586206896552,0.3208550490509756,799.2562283684445,0.9501806323593212,30.48809523809524,5
ulte,Japonica,partition_1,all,V2_CGE,576,E|G|H,CGE,1.24626e+06|250674|21618|426600,3.29497e-05,True,11,4609.200976337629,0.8355421390927376,813.8179867918808,0.5531214286512177,55.172413793103445,0.3273142347225094,792.0773332585434,0.9415766736187472,34.48809523809524,5
ulte,Japonica,partition_1,all,V4_CRN,576,E|G|H|CRN,,1.24714e+06|251926|16832.7|3972.84|428339,,True,21,4609.02014452385,0.8350656149740768,814.9152102189634,0.5538671700815957,55.172413793103445,0.322735836477701,793.5871608216802,0.9434977612340942,35.73809523809524,5
ulte,Japonica,partition_1,all,V3_CGE_dir,576,E|G|H,CGE_dir,1.24629e+06|250672|21616.8|426601,9.02337e-06,True,11,4609.200976406574,0.8355420636771266,813.8181469518611,0.553121537505923,55.172413793103445,0.3273132982404551,792.0775702658739,0.9415769851041864,34.48809523809524,5
ulte,Japonica,partition_1,all,V5_CRN_dir,576,E|G|H|CRN_dir,,1.24526e+06|250690|15954.9|4130.18|428773,,True,21,4608.857045235633,0.8348403909472738,815.4412056029391,0.5542246693295485,53.44827586206897,0.3204806473358187,794.4327739278045,0.9445958143319642,35.73809523809524,5
ulte,Japonica,partition_2,all,A_main,569,E|G,,1.17197e+06|303761|512704,,True,12,4707.992609498824,0.8571274292662703,767.0466767209066,0.5168973735663646,56.14035087719298,0.3872315849431156,756.1611414634025,0.9222689743335456,30.416666666666664,5
ulte,Japonica,partition_2,all,B_Hadamard,569,E|G|H,,1.17942e+06|325840|40076.3|469743,,True,12,4704.547743143816,0.8597846780503348,760.4195787169622,0.5124315051171983,57.89473684210526,0.3936428853295804,750.8695472965695,0.9158833743011284,33.75,5
ulte,Japonica,partition_2,all,F_original,569,E|G|H|C0|P0,,1.10985e+06|311660|11731.7|175178|147383|376361,,True,16,4690.161646358338,0.871159294057143,731.327421791597,0.4928268839611727,56.14035087719298,0.4298814179218844,733.8141257564782,0.898313367358971,39.00000000000001,5
ulte,Japonica,partition_2,all,M_masks,569,E|G|H|CSP|PSP|TSP,,1.11864e+06|322664|33732.5|0.215024|2.35774|13938|472928,,True,35,4704.328724969861,0.8593829455015141,761.424360653332,0.5131086075148473,57.89473684210526,0.3910413619032093,751.7509551221139,0.916926880036888,33.75,5
ulte,Japonica,partition_2,all,V1_spectral,569,E|G|H|SEG|SGE_spec,,1.19236e+06|250175|41463|79.4304|920801|463282,,True,30,4697.809118023768,0.85790295492463,763.0958946357978,0.5142350207457307,52.63157894736842,0.3735810671211872,757.4296155672492,0.924073458342983,32.5,5
ulte,Japonica,partition_2,all,V2_CGE,569,E|G|H,CGE,1.17942e+06|325840|40076.3|469743,0.0,True,12,4704.547743143816,0.8597846780503348,760.4195787169622,0.5124315051171983,57.89473684210526,0.3936428853295804,750.8695472965695,0.9158833743011284,33.75,5
ulte,Japonica,partition_2,all,V4_CRN,569,E|G|H|CRN,,1.18129e+06|325546|38134.6|1602.97|470556,,True,19,4704.529739154988,0.8596838637750966,760.6772279154007,0.5126051297452896,57.89473684210526,0.3931145290449219,751.0445667116048,0.9160842756172466,33.75,5
ulte,Japonica,partition_2,all,V3_CGE_dir,569,E|G|H,CGE_dir,1.17928e+06|325833|40073.7|469744,-5.69443e-05,True,12,4704.547743109568,0.8597846839433931,760.4195677014553,0.5124314976940691,57.89473684210526,0.3936432454589308,750.869436823696,0.9158832308811048,33.75,5
ulte,Japonica,partition_2,all,V5_CRN_dir,569,E|G|H|CRN_dir,,1.17848e+06|325525|38105.4|1426.69|470572,,True,21,4704.526694531203,0.8597067505504803,760.6260655497122,0.5125706524530304,57.89473684210526,0.3938153509896989,750.9194680057096,0.9159256241761554,33.75,5
ulte,Japonica,partition_3,all,A_main,582,E|G,,1.22286e+06|412499|478291,,True,10,4594.5074026177135,0.8487733478362245,774.1380206462519,0.531526571176727,49.15254237288136,0.3317001657449699,766.2932722251805,0.9839901537457328,28.690476190476197,5
ulte,Japonica,partition_3,all,B_Hadamard,582,E|G|H,,1.22894e+06|425266|16562.1|460617,,True,13,4593.96067890789,0.8510825218722914,768.6301300650589,0.527744829269006,47.45762711864407,0.3419942882113168,760.4791779788295,0.9760195648352752,27.440476190476197,5
ulte,Japonica,partition_3,all,F_original,582,E|G|H|C0|P0,,1.14191e+06|446842|10190|89836.5|178822|356682,,True,15,4579.611396745982,0.8608806448524746,747.6472498190934,0.5133378913676233,54.23728813559322,0.4193631387593031,739.9435120328933,0.9515692254707488,32.38095238095239,5
ulte,Japonica,partition_3,all,M_masks,582,E|G|H|CSP|PSP|TSP,,1.23052e+06|425061|16570.6|6.00624|12.3914|21.365|460504,,True,40,4593.96128673828,0.8510847181878348,768.6248575900148,0.5277412091644419,47.45762711864407,0.3420004795244757,760.4733892630557,0.9760119564836488,27.440476190476197,5
ulte,Japonica,partition_3,all,V1_spectral,582,E|G|H|SEG|SGE_spec,,1.22915e+06|406304|16585.7|54.2088|460130|455913,,True,33,4592.262549026316,0.8553186832570581,759.6084422931452,0.5215504987494571,49.15254237288136,0.3756683610108396,753.8130187521095,0.9684699975374086,32.38095238095239,5
ulte,Japonica,partition_3,all,V2_CGE,582,E|G|H,CGE,1.2289e+06|425261|16561.7|460617,5.51484e-05,True,13,4593.960678856034,0.8510825042318575,768.6301466711501,0.5277448406708213,47.45762711864407,0.341994144542361,760.4791690739644,0.976019545264714,27.440476190476197,5
ulte,Japonica,partition_3,all,V4_CRN,582,E|G|H|CRN,,1.227e+06|426386|16529.1|5.01221|460499,,True,29,4593.961021116828,0.8510777533324368,768.6459216256422,0.5277556718239853,47.45762711864407,0.3419818073311262,760.5021676541656,0.9760514077649132,27.440476190476197,5
ulte,Japonica,partition_3,all,V3_CGE_dir,582,E|G|H,CGE_dir,1.22896e+06|425246|16559.3|460613,-6.62286e-05,True,13,4593.960678375866,0.8510823340540671,768.6305199226523,0.527745096946945,47.45762711864407,0.3419930427842848,760.4795588234704,0.9760200822184482,27.440476190476197,5
ulte,Japonica,partition_3,all,V5_CRN_dir,582,E|G|H|CRN_dir,,1.24057e+06|425776|16617.5|0.223276|460707,,True,30,4593.960812604566,0.8510858357059963,768.6265050942575,0.527742340348104,47.45762711864407,0.3420153141473408,760.4797918878047,0.9760221973458016,27.440476190476197,5
ulte,Japonica,partition_4,all,A_main,583,E|G,,1.22485e+06|255389|473819,,True,12,4568.824472980193,0.8353695505124519,817.4636150984575,0.553640384173382,52.54237288135593,0.3088160492927639,807.2200611820226,0.9572227183831364,23.607142857142858,5
ulte,Japonica,partition_4,all,B_Hadamard,583,E|G|H,,1.22766e+06|259020|11595|461709,,True,12,4568.239495966778,0.8373412450833367,812.5628085894035,0.5503212341239877,52.54237288135593,0.317384960237357,800.0987030747067,0.9484964072011032,23.607142857142858,5
ulte,Japonica,partition_4,all,F_original,583,E|G|H|C0|P0,,1.15372e+06|230435|0.853491|172658|110265|369702,,True,22,4554.621564658335,0.8514758467635288,780.2304108153917,0.5284235975879634,52.54237288135593,0.3918330533439148,773.8876786135723,0.9206819217305484,33.904761904761905,5
ulte,Japonica,partition_4,all,M_masks,583,E|G|H|CSP|PSP|TSP,,1.22687e+06|255247|20.1369|100.465|172.356|174.845|473601,,True,24,4568.82241081071,0.8354244449325701,817.3212694014528,0.5535439782601163,52.54237288135593,0.3089008145171359,807.1205403032633,0.9571236905964844,23.607142857142858,5
ulte,Japonica,partition_4,all,V1_spectral,583,E|G|H|SEG|SGE_spec,,1.23137e+06|201252|10759.9|82.7636|578300|460061,,True,25,4563.888989578963,0.8388752650828742,808.6783632382653,0.5476904310193803,47.45762711864407,0.3195576332557074,798.7672817114975,0.9469169424908608,29.714285714285715,5
ulte,Japonica,partition_4,all,V2_CGE,583,E|G|H,CGE,1.22764e+06|259020|11594.8|461709,2.44279e-05,True,12,4568.239495910348,0.8373412277757204,812.5628483348656,0.5503212610422413,52.54237288135593,0.3173848618483317,800.0987631205292,0.9484964810588656,23.607142857142858,5
ulte,Japonica,partition_4,all,V4_CRN,583,E|G|H|CRN,,1.22596e+06|259030|11576|0.215927|461723,,True,26,4568.239519200147,0.8373392538741826,812.5674789059118,0.5503243971709761,52.54237288135593,0.3173742935839338,800.1060094707514,0.9485054303992912,23.607142857142858,5
ulte,Japonica,partition_4,all,V3_CGE_dir,583,E|G|H,CGE_dir,1.2277e+06|259017|11594.3|461710,-7.13046e-05,True,12,4568.239496001341,0.8373411706865888,812.5630011951891,0.5503213645693545,52.54237288135593,0.3173843837494253,800.0989548481978,0.9484967118808214,23.607142857142858,5
ulte,Japonica,partition_4,all,V5_CRN_dir,583,E|G|H|CRN_dir,,1.22643e+06|258706|11591.4|0.215927|461752,,True,24,4568.239526725367,0.8373401281924873,812.5653957427216,0.5503229863151929,52.54237288135593,0.3173649354770941,800.0997340964468,0.9484973614318808,23.607142857142858,5
ulte,Japonica,partition_5,all,A_main,575,E|G,,1.23806e+06|252656|520022,,True,13,4656.751574883337,0.8390955519225916,795.3832920448157,0.5496022890799674,48.27586206896552,0.3008648037558106,771.3552217444558,0.9716265197347432,33.214285714285715,5
ulte,Japonica,partition_5,all,B_Hadamard,575,E|G|H,,1.24638e+06|265416|41846.3|476757,,True,11,4652.455468585418,0.8407863133843927,792.3570616339539,0.5475111926517069,48.27586206896552,0.304627554477121,763.9059468784972,0.9606810572977212,28.714285714285715,5
ulte,Japonica,partition_5,all,F_original,575,E|G|H|C0|P0,,1.20204e+06|223201|9887.52|233256|182484|361259,,True,16,4634.528905649508,0.8549267285883999,763.0350834444547,0.5272499846347881,55.172413793103445,0.3814128903931899,747.9444128157234,0.9440157158749825,32.54761904761905,5
ulte,Japonica,partition_5,all,M_masks,575,E|G|H|CSP|PSP|TSP,,1.24266e+06|264454|42005.7|3.03736|1.54538|5.08147|476317,,True,26,4652.455901467213,0.8407915642096501,792.3429367261417,0.5475014324747655,48.27586206896552,0.3046325766130221,763.8803861768299,0.960640887443826,28.714285714285715,5
ulte,Japonica,partition_5,all,V1_spectral,575,E|G|H|SEG|SGE_spec,,1.25422e+06|198553|43019.7|44.8938|690858|473428,,True,21,4647.482135006413,0.8400797184696038,792.3653876348939,0.5475169458391591,44.82758620689656,0.2793306389259608,770.8756890061676,0.9710442513106152,28.714285714285715,5
ulte,Japonica,partition_5,all,V2_CGE,575,E|G|H,CGE,1.24648e+06|265420|41848.8|476755,-4.49193e-05,True,11,4652.4554685814965,0.8407862843207622,792.3572046305277,0.5475112914609792,48.27586206896552,0.3046275006317288,763.9060460776624,0.96068115298022,28.714285714285715,5
ulte,Japonica,partition_5,all,V4_CRN,575,E|G|H|CRN,,1.2471e+06|265088|41863.2|0.986517|476654,,True,24,4652.455561912061,0.8407882206045725,792.3517967464136,0.5475075546644964,48.27586206896552,0.3046291401892342,763.8975082311541,0.9606683795287396,28.714285714285715,5
ulte,Japonica,partition_5,all,V3_CGE_dir,575,E|G|H,CGE_dir,1.24647e+06|265419|41849|476755,1.48918e-08,True,11,4652.455468580432,0.840786290091344,792.3571876664157,0.5475112797389392,48.27586206896552,0.3046275047555944,763.9060172329474,0.960681108081772,28.714285714285715,5
ulte,Japonica,partition_5,all,V5_CRN_dir,575,E|G|H|CRN_dir,,1.24639e+06|265521|41821.6|0.631913|476747,,True,23,4652.455525835231,0.8407855578187329,792.3591158562315,0.5475126120997609,48.27586206896552,0.3046273801081953,763.9096398758272,0.9606868255818576,28.714285714285715,5
ulte,Wheat_2,partition_1,all,A_main,955,E|G,,0.34864|0.201198|0.0813693,,True,12,284.4287076296779,0.7945579489375422,0.2989898919718168,0.6086141772991647,48.958333333333336,0.2940914399017719,0.3115218935338978,0.95984530984151,25.73340195573855,2
ulte,Wheat_2,partition_1,all,B_Hadamard,955,E|G|H,,0.305388|0.193589|0.0826809|0.0716234,,True,16,280.6663974157449,0.7988523402033499,0.2961917984846956,0.6029184684762359,45.833333333333336,0.3135569611560678,0.3091644700261056,0.9517921974273592,26.711271230056614,2
ulte,Wheat_2,partition_1,all,F_original,955,E|G|H|C0|P0,,0.181299|0.163463|0.064566|0.179449|0.241892|0.0638493,,True,21,267.858312417898,0.804316099489741,0.2926685714314406,0.5957467011622523,54.16666666666666,0.3514218864860826,0.3050936208887024,0.9398168662074662,28.435409161091098,2
ulte,Wheat_2,partition_1,all,M_masks,955,E|G|H|CSP|PSP|TSP,,0.296543|0.193344|0.0827817|8.61634e-06|0.0140724|2.64853e-08|0.0715914,,True,48,280.667646467114,0.7988579327488153,0.2961882619592179,0.602911269639078,45.833333333333336,0.3135839840929774,0.309162301361413,0.9517833479965,26.711271230056614,2
ulte,Wheat_2,partition_1,all,V1_spectral,955,E|G|H|SEG|SGE_spec,,0.30185|0.193537|0.0827294|0.0489839|0.0471674|0.0716119,,True,21,280.6557846293573,0.7988836978089887,0.2961717516754367,0.6028776618381114,45.833333333333336,0.3137269917274575,0.3091486651224169,0.9517362338487738,26.711271230056614,2
ulte,Wheat_2,partition_1,all,V2_CGE,955,E|G|H,CGE,0.235325|0.193192|0.0825415|0.0716482,2.64853,True,31,280.5580747135426,0.7988625467640457,0.2961835852038352,0.6029017497867148,46.875,0.3135839962486545,0.309159470983039,0.9517717071092342,26.711271230056614,2
ulte,Wheat_2,partition_1,all,V4_CRN,955,E|G|H|CRN,,0.305004|0.193499|0.0829918|5.75045e-05|0.0715909,,True,40,280.66650869036823,0.7988567388125318,0.2961891238249227,0.6029130240250989,45.833333333333336,0.3135799267644129,0.3091638634805603,0.9517872116866486,26.711271230056614,2
ulte,Wheat_2,partition_1,all,V3_CGE_dir,955,E|G|H,CGE_dir,0.40577|0.204448|0.095665|0.070159,1.97884,True,17,279.387573750504,0.7975544896604579,0.2970711967771072,0.6047085432668071,44.79166666666666,0.3073173804329806,0.310470239921629,0.9552546510621214,24.009264024704063,2
ulte,Wheat_2,partition_1,all,V5_CRN_dir,955,E|G|H|CRN_dir,,0.305418|0.193624|0.0827053|1.16108e-05|0.0716236,,True,38,280.6664095785418,0.7988527425664259,0.2961915955348259,0.6029180553580291,45.833333333333336,0.3135611651622569,0.3091642774065116,0.9517915770044656,26.711271230056614,2
ulte,Wheat_2,partition_2,all,A_main,966,E|G,,0.338413|0.236703|0.0762841,,True,14,271.28123064189856,0.7894768696719912,0.3042589326675357,0.613704038011921,44.329896907216494,0.2433230056220008,0.3194101029768328,0.9730029406805046,21.96078431372549,2
ulte,Wheat_2,partition_2,all,B_Hadamard,966,E|G|H,,0.351727|0.232475|0.0514435|0.0700824,,True,18,269.44381817683404,0.7929234320627807,0.3021014638001726,0.6093523256589677,47.422680412371136,0.2710852742204718,0.3168692057733117,0.965739448639342,28.235294117647054,2
ulte,Wheat_2,partition_2,all,F_original,966,E|G|H|C0|P0,,0.169174|0.198256|0.0146712|0.224463|0.329875|0.0622173,,True,32,255.91969789129496,0.800665918444461,0.2973024272016085,0.5996724516342862,52.577319587628864,0.3331075079709078,0.3112048549693418,0.949544614149744,25.09803921568628,2
ulte,Wheat_2,partition_2,all,M_masks,966,E|G|H|CSP|PSP|TSP,,0.350841|0.232395|0.0515057|7.44409e-05|0.0043895|3.07167e-08|0.0700649,,True,51,269.4446670704332,0.7929281923308151,0.3020984061422812,0.6093461582246104,47.422680412371136,0.2711162598984271,0.3168661672973516,0.9657298983437868,28.235294117647054,2
ulte,Wheat_2,partition_2,all,V1_spectral,966,E|G|H|SEG|SGE_spec,,0.327018|0.224978|0.0511117|0.0440948|21.3713|0.0698409,,True,39,267.48728076664827,0.7958214585506402,0.3002992510639203,0.6057171810014298,48.45360824742268,0.2872162686442723,0.3154191961100941,0.9605561037239252,28.43137254901961,2
ulte,Wheat_2,partition_2,all,V2_CGE,966,E|G|H,CGE,0.279069|0.232037|0.0512517|0.0701144,2.60962,True,30,269.3418517894139,0.7929489872780894,0.302084550578355,0.6093182109250656,47.422680412371136,0.2711813043858306,0.3168563142137348,0.9656918271076664,28.235294117647054,2
ulte,Wheat_2,partition_2,all,V4_CRN,966,E|G|H|CRN,,0.352851|0.232447|0.0515942|0.00011298|0.0700697,,True,33,269.4441226203154,0.79292836242309,0.3020984744065361,0.6093462959167021,47.422680412371136,0.2711304265969082,0.3168654013804384,0.9657290029813012,28.235294117647054,2
ulte,Wheat_2,partition_2,all,V3_CGE_dir,966,E|G|H,CGE_dir,0.316077|0.234144|0.0504146|0.0698514,-0.445369,True,22,269.43144882959257,0.79275987183989,0.3022084080161085,0.6095680369828274,47.422680412371136,0.2704236601491404,0.3169560665772291,0.96604764307388,28.235294117647054,2
ulte,Wheat_2,partition_2,all,V5_CRN_dir,966,E|G|H|CRN_dir,,0.349443|0.232545|0.0512612|1.03981e-05|0.0701046,,True,34,269.4438840521485,0.79291701592583,0.3021053672030083,0.6093601989991559,47.422680412371136,0.2710288874072458,0.3168741036631423,0.9657529953458376,28.235294117647054,2
ulte,Wheat_2,partition_3,all,A_main,967,E|G,,0.33692|0.19177|0.0793468,,True,12,268.26480791132053,0.7945104594074918,0.3040139966992117,0.6081726946676844,45.36082474226804,0.2717362079228233,0.3161761334936297,0.965691470097886,27.11442786069652,2
ulte,Wheat_2,partition_3,all,B_Hadamard,967,E|G|H,,0.473301|0.179143|0.0652451|0.0718924,,True,17,264.98565363097055,0.7963758730545368,0.3027638097172573,0.6056717256533994,49.48453608247423,0.2948484228349297,0.3138601014900979,0.9600868199371408,28.781094527363184,2
ulte,Wheat_2,partition_3,all,F_original,967,E|G|H|C0|P0,,0.391876|0.166099|0.0499533|0.0186805|0.0855047|0.0712336,,True,28,262.18858061904587,0.8027978414798135,0.2984470216098436,0.5970360947808094,51.54639175257732,0.3372852512034573,0.3091478393577678,0.9460084461900784,30.27363184079602,2
ulte,Wheat_2,partition_3,all,M_masks,967,E|G|H|CSP|PSP|TSP,,9.87812e-07|0.176852|0.0580875|0.00219011|3.2527|1.60578e-05|0.0725685,,True,49,263.1157522507997,0.7943048855395242,0.3041583874940584,0.6084615449829349,49.48453608247423,0.286214531873349,0.3151950183147867,0.9643276484710064,27.288557213930343,2
ulte,Wheat_2,partition_3,all,V1_spectral,967,E|G|H|SEG|SGE_spec,,0.423453|0.175871|0.0625948|0.0507039|20.9526|0.0715544,,True,35,262.923385041766,0.7984641998158067,0.301463783294203,0.6030710540348806,50.51546391752577,0.3051912385022706,0.3129109720764911,0.9566119342226796,29.701492537313435,2
ulte,Wheat_2,partition_3,all,V2_CGE,967,E|G|H,CGE,0.39034|0.178617|0.0697428|0.0712603,1.3569,True,22,264.96352866828454,0.7964548711295721,0.3027094182315245,0.605562916793267,49.48453608247423,0.2957891446482064,0.3137604961184066,0.9598436056714256,28.781094527363184,2
ulte,Wheat_2,partition_3,all,V4_CRN,967,E|G|H|CRN,,0.474877|0.178841|0.0653429|0.000198877|0.0718897,,True,32,264.9858233842564,0.7963713884290664,0.302766897380579,0.6056779024496751,49.48453608247423,0.2948065222399191,0.3138640284853803,0.9600977987721936,28.781094527363184,2
ulte,Wheat_2,partition_3,all,V3_CGE_dir,967,E|G|H,CGE_dir,0.180464|0.181868|0.0406097|0.0740583,1.16815,True,11,263.88022668953363,0.7943464687098666,0.3041423929898552,0.6084295483616385,45.36082474226804,0.2812830118825868,0.3154795836559543,0.9647688185123044,28.95522388059701,2
ulte,Wheat_2,partition_3,all,V5_CRN_dir,967,E|G|H|CRN_dir,,0.472319|0.179191|0.065286|5.84589e-06|0.0718815,,True,39,264.9856752837592,0.7963774090001001,0.3027627333411776,0.6056695723889182,49.48453608247423,0.2948679930732695,0.3138581782295435,0.9600820861052416,28.781094527363184,2
ulte,Wheat_2,partition_4,all,A_main,964,E|G,,0.356998|0.190399|0.0738242,,True,12,238.85201085185668,0.7831834231310107,0.309548578094113,0.6223967154321045,41.23711340206186,0.3419982504181937,0.3234072813566933,0.9443328075524706,29.166666666666668,2
ulte,Wheat_2,partition_4,all,B_Hadamard,964,E|G|H,,0.322194|0.191429|0.0554015|0.06643,,True,19,234.97178276781145,0.7869997346557516,0.3072068341325352,0.6176882662476734,42.2680412371134,0.3630062016074548,0.3204673110660629,0.9364416863531276,29.166666666666668,2
ulte,Wheat_2,partition_4,all,F_original,964,E|G|H|C0|P0,,0.332394|0.180066|0.0452317|0.016519|0.111702|0.0642304,,True,23,230.5357462509912,0.7930328256508903,0.3032466363323825,0.6097256578633858,46.39175257731959,0.4001544858828171,0.3157328834832726,0.9234403315554592,34.90196078431373,2
ulte,Wheat_2,partition_4,all,M_masks,964,E|G|H|CSP|PSP|TSP,,0.321934|0.191433|0.0553837|9.30215e-06|0.00113238|2.59347e-08|0.0664309,,True,46,234.9721473678194,0.7869997667854487,0.3072068102754492,0.6176882182792026,42.2680412371134,0.3630079256020845,0.3204674933239544,0.9364419298561316,29.166666666666668,2
ulte,Wheat_2,partition_4,all,V1_spectral,964,E|G|H|SEG|SGE_spec,,0.285473|0.186982|0.0568289|0.0476391|30.8089|0.0654336,,True,33,231.1886166863561,0.7878658779092232,0.3068411087715076,0.6169529171633544,41.23711340206186,0.3642242877328047,0.3203901701579711,0.935789252592174,29.166666666666668,2
ulte,Wheat_2,partition_4,all,V2_CGE,964,E|G|H,CGE,0.255549|0.192009|0.056786|0.0661364,0.804509,True,21,234.94330466628597,0.7870766623064397,0.3071613340766643,0.6175967811389373,42.2680412371134,0.3632132564795932,0.3204059377722412,0.9362817525743916,29.166666666666668,2
ulte,Wheat_2,partition_4,all,V4_CRN,964,E|G|H|CRN,,0.322862|0.191403|0.0553208|6.70425e-05|0.0664409,,True,36,234.97189993811105,0.7869959443299261,0.3072090100672645,0.6176926413109892,42.2680412371134,0.3629938673982937,0.3204702111245443,0.9364492811866088,29.166666666666668,2
ulte,Wheat_2,partition_4,all,V3_CGE_dir,964,E|G|H,CGE_dir,0.526955|0.191881|0.054315|0.0644653,2.03025,True,15,233.77623177599287,0.7854783400209492,0.3082383410112335,0.6197622751066393,41.23711340206186,0.3467697663824394,0.3221401582279626,0.9404883114339994,28.235294117647054,2
ulte,Wheat_2,partition_4,all,V5_CRN_dir,964,E|G|H|CRN_dir,,0.320355|0.191423|0.0554667|6.79292e-06|0.0664317,,True,38,234.971801256851,0.7870010224303151,0.3072060358249977,0.6176866611232297,42.2680412371134,0.3630085650826172,0.3204662940727254,0.9364389716750436,29.166666666666668,2
ulte,Wheat_2,partition_5,all,A_main,954,E|G,,0.345583|0.248848|0.0717734,,True,12,254.941224721552,0.7823187071363219,0.3077877947222355,0.6237772439080932,45.833333333333336,0.2703230790913068,0.3207899802980998,0.9670409127524232,27.9722079258878,2
ulte,Wheat_2,partition_5,all,B_Hadamard,954,E|G|H,,0.546509|0.237505|0.124534|0.0577162,,True,18,247.9563063575074,0.7804795450070925,0.3091671394476302,0.6265726889061067,44.79166666666666,0.2650586172208827,0.3224986236579678,0.9718281118913624,35.615028306742154,2
ulte,Wheat_2,partition_5,all,F_original,954,E|G|H|C0|P0,,0.255296|0.242301|0.06545|0.40529|0.142678|0.0505316,,True,25,236.59338134578263,0.7881952804980429,0.304229090960414,0.6165650072226272,52.083333333333336,0.3230736375540936,0.3155013651830091,0.9531573349930882,34.12249099330931,2
ulte,Wheat_2,partition_5,all,M_masks,954,E|G|H|CSP|PSP|TSP,,3.18142e-08|0.238321|0.119668|0.00494568|3.10742|8.39727e-05|0.057905,,True,64,246.80948819626872,0.7800614679079885,0.3094636599801512,0.6271736313856648,44.79166666666666,0.2639335459973149,0.3227633505869903,0.9726858219925164,36.36129696345857,2
ulte,Wheat_2,partition_5,all,V1_spectral,954,E|G|H|SEG|SGE_spec,,0.484671|0.238234|0.12949|0.0563572|37.4123|0.0559628,,True,32,243.64300197392836,0.7817376933273354,0.3086729417142851,0.6255711244992731,45.833333333333336,0.2739535674021084,0.3221941004710317,0.970625442713161,35.383427689140504,2
ulte,Wheat_2,partition_5,all,V2_CGE,954,E|G|H,CGE,0.459661|0.237284|0.124279|0.0577385,2.63081,True,29,247.88210710278588,0.780511734109271,0.3091464339296251,0.6265307261279316,44.79166666666666,0.2651677617014628,0.322481532308162,0.9717705402128548,35.615028306742154,2
ulte,Wheat_2,partition_5,all,V4_CRN,954,E|G|H|CRN,,0.545713|0.237537|0.124751|5.02315e-05|0.057688,,True,37,247.95637038609777,0.7804718939870194,0.309172583731413,0.6265837225480877,44.79166666666666,0.2650513351386196,0.3225039503829027,0.9718446379332653,35.615028306742154,2
ulte,Wheat_2,partition_5,all,V3_CGE_dir,954,E|G|H,CGE_dir,0.682405|0.226122|0.129523|0.0590015,2.63081,True,13,246.421148033028,0.7782489313083,0.3106719456785078,0.6296224001013139,45.833333333333336,0.2560446303657561,0.3242136290356412,0.9768000844999274,32.166752444673186,2
ulte,Wheat_2,partition_5,all,V5_CRN_dir,954,E|G|H|CRN_dir,,0.545213|0.237554|0.124513|2.65191e-06|0.0577072,,True,35,247.9563176118479,0.7804784910847856,0.3091678801595986,0.626574190067875,44.79166666666666,0.2650606908266478,0.3224991637178659,0.9718300524539718,35.615028306742154,2
ulte,Wheat_3,partition_1,all,A_main,853,E|G,,0.612599|0.233324|0.10373,,True,16,346.1593724928388,0.8435035635930012,0.3426239462147382,0.5385020131823212,27.906976744186046,0.4240917392579175,0.3666803259206902,0.9113101859111524,23.979912115505336,2
ulte,Wheat_3,partition_1,all,B_Hadamard,853,E|G|H,,0.140234|0.246685|0.394867|0.0584451,,True,20,319.830882425964,0.8498802145025673,0.3360862534781687,0.5282267223303396,33.72093023255814,0.4583069937753145,0.3602132114827117,0.8925618020617843,24.82736974262398,2
ulte,Wheat_3,partition_1,all,F_original,853,E|G|H|C0|P0,,0.260095|0.249805|0.202464|0.404234|0.551776|0.0470279,,True,23,285.9002344889418,0.8731556657020266,0.3103867855178253,0.4878348717686576,38.372093023255815,0.5656721268249982,0.3324644116409465,0.8248636342703851,39.32831136220967,2
ulte,Wheat_3,partition_1,all,M_masks,853,E|G|H|CSP|PSP|TSP,,6.99195e-07|0.246603|0.391155|0.000137515|5.60663e-05|0.32037|0.0586971,,True,41,319.74726210906306,0.849937332705933,0.336023136219047,0.5281275209421148,33.72093023255814,0.458495986275511,0.3601476313715571,0.8923883504888561,24.82736974262398,2
ulte,Wheat_3,partition_1,all,V1_spectral,853,E|G|H|SEG|SGE_spec,,0.137791|0.246653|0.394784|0.0705639|0.0693406|0.0584453,,True,20,319.83070709523827,0.8499097012373507,0.3360538008161807,0.5281757164855739,33.72093023255814,0.4584527285504682,0.3601798779614757,0.892471533743052,24.82736974262398,2
ulte,Wheat_3,partition_1,all,V2_CGE,853,E|G|H,CGE,0.121497|0.241481|0.396189|0.0587686,-0.285282,True,14,319.82695332088656,0.8499426687320882,0.3360157578452712,0.5281159243529792,33.72093023255814,0.4585311591259554,0.360141843237832,0.8923627772573521,24.82736974262398,2
ulte,Wheat_3,partition_1,all,V4_CRN,853,E|G|H|CRN,,0.000287069|0.246441|0.393006|0.239026|0.0585753,,True,40,319.7866197003269,0.8499170173945939,0.3360425709431147,0.5281580664954881,33.72093023255814,0.4584977557832711,0.3601783237872837,0.8924121125335205,24.82736974262398,2
ulte,Wheat_3,partition_1,all,V3_CGE_dir,853,E|G|H,CGE_dir,0.10498|0.234982|0.405305|0.0578909,-0.406998,True,11,319.6838565230639,0.8499527961164841,0.3360164992784206,0.5281170896633668,33.72093023255814,0.458806806731446,0.3601434667468072,0.8923624077187211,24.82736974262398,2
ulte,Wheat_3,partition_1,all,V5_CRN_dir,853,E|G|H|CRN_dir,,0.140363|0.246677|0.39491|1.14943e-07|0.0584496,,True,29,319.83088362014627,0.8498803857723282,0.3360860747180237,0.5282264413730422,33.72093023255814,0.4583077219410462,0.360213026623546,0.892561308351906,24.82736974262398,2
ulte,Wheat_3,partition_2,all,A_main,854,E|G,,0.623009|0.220421|0.0922432,,True,15,298.25241991697453,0.8281827271820849,0.364174899972169,0.5606015289769105,31.3953488372093,0.3829650554922338,0.3865776512957687,0.9283911404851576,25.86206896551724,2
ulte,Wheat_3,partition_2,all,B_Hadamard,854,E|G|H,,0.214384|0.204908|0.268241|0.0621608,,True,21,276.2698025905187,0.8363444304715854,0.356402240363343,0.5486364955238693,31.3953488372093,0.4197744914127354,0.378142598954329,0.9098277423239612,29.310344827586206,2
ulte,Wheat_3,partition_2,all,F_original,854,E|G|H|C0|P0,,0.258611|0.197321|0.183607|0.440849|0.736792|0.0407152,,True,24,243.793955474884,0.8664476359864538,0.3242248224238591,0.4991034011321846,32.55813953488372,0.5544641294906314,0.3426334071193949,0.8339130732054237,31.89655172413793,2
ulte,Wheat_3,partition_2,all,M_masks,854,E|G|H|CSP|PSP|TSP,,2.88981e-05|0.205276|0.262975|3.20634e-05|0.000182762|0.454204|0.0625008,,True,49,276.074251231246,0.8363572503057323,0.3563835825159784,0.5486077741107219,31.3953488372093,0.4199222599549653,0.3781317769557654,0.9097225482026426,29.310344827586206,2
ulte,Wheat_3,partition_2,all,V1_spectral,854,E|G|H|SEG|SGE_spec,,0.28092|0.203646|0.258551|0.110142|10.4249|0.0624847,,True,30,275.6475958158437,0.8373698398396499,0.3553307632101626,0.5469870909921933,31.3953488372093,0.426035631154062,0.377103508709257,0.9064474850754652,31.03448275862069,2
ulte,Wheat_3,partition_2,all,V2_CGE,854,E|G|H,CGE,0.132898|0.204885|0.277754|0.0611177,-0.22922,True,16,276.28290776993833,0.8363381688588807,0.3564272658868788,0.5486750191748917,31.3953488372093,0.4198071143457288,0.3781640810060696,0.9099240095573032,29.310344827586206,2
ulte,Wheat_3,partition_2,all,V4_CRN,854,E|G|H|CRN,,2.56737e-05|0.204814|0.261781|0.388922|0.0626216,,True,33,276.0894227907411,0.8363125917953627,0.3564170476774475,0.5486592895245752,31.3953488372093,0.419883740752597,0.3781817844379337,0.9097142821976544,30.17241379310345,2
ulte,Wheat_3,partition_2,all,V3_CGE_dir,854,E|G|H,CGE_dir,0.103149|0.193882|0.276184|0.0620434,-0.457686,True,10,276.0013643193428,0.8365930071089684,0.3561380209480744,0.5482297629121592,31.3953488372093,0.4210385315074906,0.3778611635024272,0.909160266356413,29.310344827586206,2
ulte,Wheat_3,partition_2,all,V5_CRN_dir,854,E|G|H|CRN_dir,,0.213385|0.204977|0.268327|5.7179e-05|0.0621518,,True,32,276.2698635256471,0.83634366228898,0.3564033135298719,0.5486381475289828,31.3953488372093,0.4197716391986764,0.3781436861022968,0.9098308112286196,29.310344827586206,2
ulte,Wheat_3,partition_3,all,A_main,854,E|G,,0.592409|0.230863|0.104702,,True,14,347.04255403216183,0.8443974537046538,0.3495091129353048,0.5383173206503321,26.74418604651163,0.3851111003921287,0.3713396908972137,0.928147749586715,27.27832512315271,2
ulte,Wheat_3,partition_3,all,B_Hadamard,854,E|G|H,,0.107059|0.229121|0.452796|0.0569294,,True,11,322.49280564722216,0.8492214923586754,0.3439183463555961,0.5297063678191043,26.74418604651163,0.4275201553372589,0.3653638861599649,0.9134893039788404,24.69211822660099,2
ulte,Wheat_3,partition_3,all,F_original,854,E|G|H|C0|P0,,0.169462|0.261531|0.240121|0.849092|0.714504|0.032966,,True,24,265.7922409426179,0.859021381022938,0.332711874418111,0.5124460512091429,29.069767441860463,0.5047746388825434,0.3510385136143711,0.8913868093507212,31.773399014778324,2
ulte,Wheat_3,partition_3,all,M_masks,854,E|G|H|CSP|PSP|TSP,,2.3004e-07|0.229497|0.447018|0.000482256|4.81063e-05|0.433283|0.0572491,,True,39,322.37385878433616,0.8492949216480867,0.3438376696652295,0.5295821087992683,26.74418604651163,0.4276287622493624,0.3652768027543419,0.9132821677003704,24.69211822660099,2
ulte,Wheat_3,partition_3,all,V1_spectral,854,E|G|H|SEG|SGE_spec,,0.243378|0.234846|0.44358|0.0671972|34.3523|0.0557055,,True,34,319.05563139117214,0.8493705510936531,0.3437320199245646,0.5294193860455052,26.74418604651163,0.4315236254078161,0.3652472729955759,0.9125613142131292,24.69211822660099,2
ulte,Wheat_3,partition_3,all,V2_CGE,854,E|G|H,CGE,0.108311|0.225625|0.456368|0.0566572,-0.207386,True,15,322.48722307280286,0.849217124100623,0.3439258829552585,0.5297179757628943,26.74418604651163,0.4276053409771042,0.3653731866707589,0.9135025924078466,24.69211822660099,2
ulte,Wheat_3,partition_3,all,V4_CRN,854,E|G|H|CRN,,9.9692e-05|0.225791|0.445959|0.604851|0.0575329,,True,33,322.3533789460556,0.8493679186759971,0.3437683673813101,0.5294753687504006,26.74418604651163,0.4280550007995093,0.3652020414424606,0.9131039999236495,23.830049261083744,2
ulte,Wheat_3,partition_3,all,V3_CGE_dir,854,E|G|H,CGE_dir,0.104587|0.232094|0.445938|0.057431,-0.72146,True,8,322.02180891837884,0.8492760160815185,0.3438492717941036,0.5295999785105238,26.74418604651163,0.4274637295092217,0.3652883572800114,0.9133169890623992,24.69211822660099,2
ulte,Wheat_3,partition_3,all,V5_CRN_dir,854,E|G|H|CRN_dir,,0.114368|0.22912|0.452668|2.66977e-05|0.0569387,,True,39,322.492736668769,0.8492238109572421,0.3439158628417526,0.5297025426870302,26.74418604651163,0.4275183710256489,0.3653612340182346,0.913482779022998,24.69211822660099,2
ulte,Wheat_3,partition_4,all,A_main,856,E|G,,0.610352|0.20051|0.0975304,,True,15,311.741720868434,0.831532563502038,0.3584446975047226,0.5557703734575988,33.72093023255814,0.3876150847586798,0.3832881621120482,0.925712417719217,30.65980629539952,2
ulte,Wheat_3,partition_4,all,B_Hadamard,856,E|G|H,,0.000179076|0.158399|0.426764|0.0542046,,True,28,283.0224675774172,0.8367422786527363,0.3530414300744252,0.5473925791185207,32.55813953488372,0.424718466702436,0.3780420293804348,0.9078185656580912,26.997578692493946,2
ulte,Wheat_3,partition_4,all,F_original,856,E|G|H|C0|P0,,0.275148|0.244652|0.20997|0.582891|0.545003|0.0391757,,True,23,254.65361756892128,0.8610657949763998,0.3277949833499509,0.5082478317635857,43.02325581395349,0.5332701262013262,0.3495534254173843,0.8512803962781907,35.74455205811138,2
ulte,Wheat_3,partition_4,all,M_masks,856,E|G|H|CSP|PSP|TSP,,7.33539e-05|0.159537|0.420923|0.000501526|0.000195335|0.176342|0.0545165,,True,40,282.9782101800533,0.8369103582068244,0.3528786057336736,0.5471401191287442,32.55813953488372,0.4251716592281682,0.3778601795705341,0.9074670515608716,28.783292978208237,2
ulte,Wheat_3,partition_4,all,V1_spectral,856,E|G|H|SEG|SGE_spec,,3.41385e-05|0.169189|0.42629|0.045122|18.7786|0.0526604,,True,25,281.5535868296462,0.8380413669263859,0.3517570935349832,0.5454012086138377,34.88372093023256,0.4319482642340234,0.3766797328794499,0.9043984918776234,31.41646489104116,2
ulte,Wheat_3,partition_4,all,V2_CGE,856,E|G|H,CGE,0.0764988|0.16283|0.426774|0.0535871,-0.193216,True,16,283.0524009283905,0.8367260704975454,0.3530608781718536,0.5474227334950427,32.55813953488372,0.4248005896324013,0.3780588820522503,0.907904236236346,28.783292978208237,2
ulte,Wheat_3,partition_4,all,V4_CRN,856,E|G|H|CRN,,0.000249088|0.159648|0.419396|0.236954|0.0545839,,True,38,282.93755625912723,0.8369179911397395,0.3528713423330559,0.5471288571881939,32.55813953488372,0.4252354214193116,0.3778550778894508,0.9074244407936598,28.783292978208237,2
ulte,Wheat_3,partition_4,all,V3_CGE_dir,856,E|G|H,CGE_dir,0.0995792|0.149193|0.42965|0.0540583,-0.481799,True,10,282.88091546529296,0.8369173296185166,0.3528727943347641,0.5471311085244174,33.72093023255814,0.4253400413952469,0.3778539480574027,0.9074521846455464,28.783292978208237,2
ulte,Wheat_3,partition_4,all,V5_CRN_dir,856,E|G|H|CRN_dir,,3.55236e-06|0.159304|0.42651|3.97291e-08|0.0541585,,True,30,283.02248732660166,0.8367374347290197,0.3530464294240329,0.5474003306361688,32.55813953488372,0.4247176251760348,0.37804723352808,0.9078327629811196,26.997578692493946,2
ulte,Wheat_3,partition_5,all,A_main,865,E|G,,0.622691|0.204458|0.0972211,,True,16,309.3637534828918,0.8298111102658016,0.3586880167121582,0.5577790160420497,29.885057471264368,0.4097045902575578,0.3834940635927002,0.9163953112229176,27.17917675544794,2
ulte,Wheat_3,partition_5,all,B_Hadamard,865,E|G|H,,0.16288|0.173512|0.234843|0.072581,,True,19,296.6410700557548,0.8376204549543004,0.3511173940486194,0.5460062936110047,34.48275862068966,0.4419551241137031,0.3754256682464846,0.8968457871668597,27.17917675544794,2
ulte,Wheat_3,partition_5,all,F_original,865,E|G|H|C0|P0,,0.327952|0.167361|0.163288|0.336611|0.680527|0.0537964,,True,22,272.0092729061419,0.8696982151816082,0.3172659010144499,0.4933654146398357,36.7816091954023,0.5797074245368922,0.3378578129082498,0.8179290382372877,36.68280871670702,2
ulte,Wheat_3,partition_5,all,M_masks,865,E|G|H|CSP|PSP|TSP,,1.67738e-07|0.169802|0.222316|0.0027799|0.344244|0.957843|0.0736829,,True,36,296.21796046324926,0.8374807156261831,0.35126168857884,0.5462306793092625,35.632183908045974,0.441411928749581,0.3755629323089092,0.897351846053905,27.17917675544794,2
ulte,Wheat_3,partition_5,all,V1_spectral,865,E|G|H|SEG|SGE_spec,,0.286537|0.171649|0.213973|0.0761404|19.5808|0.0732969,,True,30,293.94542947473,0.8381505994517818,0.350595521425349,0.5451947538194741,36.7816091954023,0.4458426046072841,0.3749058676515555,0.8951975995954102,29.81234866828087,2
ulte,Wheat_3,partition_5,all,V2_CGE,865,E|G|H,CGE,0.122371|0.167678|0.236706|0.0727582,-0.208577,True,14,296.6397763954259,0.8376464768777772,0.3510952975309878,0.5459719323463729,34.48275862068966,0.4421230570056748,0.3754046212608549,0.8967683563926524,27.17917675544794,2
ulte,Wheat_3,partition_5,all,V4_CRN,865,E|G|H|CRN,,3.47664e-05|0.164849|0.218325|1.50506|0.0742834,,True,38,295.82118673937407,0.8373523960388737,0.3513940516571227,0.5464365109627466,35.632183908045974,0.4408692120800346,0.3756858313730871,0.897838433972059,26.331719128329297,2
ulte,Wheat_3,partition_5,all,V3_CGE_dir,865,E|G|H,CGE_dir,0.09999|0.09999|0.09999|0.09999,0.0,True,1,303.60654332163784,0.8357454423270152,0.353136635698466,0.5491463221821469,31.03448275862069,0.439607069168711,0.3775961727409901,0.9019098151180992,27.17917675544794,2
ulte,Wheat_3,partition_5,all,V5_CRN_dir,865,E|G|H|CRN_dir,,0.163|0.173502|0.234901|2.03035e-05|0.0725763,,True,32,296.6411099196499,0.8376205526974361,0.3511172865852266,0.5460061264996914,34.48275862068966,0.4419555497988833,0.3754255814633165,0.8968452840560133,27.17917675544794,2
ulte,Wheat_5,partition_1,all,A_main,958,E|G,,0.00745251|0.400126|0.0881721,,True,19,349.3034659741107,0.4297630860359294,0.3501076449974177,0.9040208044693172,30.20833333333333,0.3926254850864751,0.3750997089187495,0.921774287015192,25.3968253968254,2
ulte,Wheat_5,partition_1,all,B_Hadamard,958,E|G|H,,5.75546e-06|0.433346|0.155831|0.0699406,,True,30,341.44147075340413,0.449129183552063,0.3468231562806125,0.8955398524693728,29.166666666666668,0.4163577905598351,0.371025733327063,0.9125096581691048,31.957671957671955,2
ulte,Wheat_5,partition_1,all,F_original,958,E|G|H|C0|P0,,6.31887e-05|0.420023|0.111202|0.139998|0.328184|0.0609714,,True,40,329.0783380198227,0.5096096937427802,0.3335979100254428,0.8613906474184762,39.583333333333336,0.4865679704402806,0.3565111706444608,0.8772996990420965,40.37037037037037,2
ulte,Wheat_5,partition_1,all,M_masks,958,E|G|H|CSP|PSP|TSP,,1.06977e-07|0.432621|0.153155|0.276466|0.151803|1.0624e-07|0.0700983,,True,51,341.4103447421837,0.4489106417810038,0.3468476216511056,0.8956030250513797,29.166666666666668,0.4161794129695042,0.3710942197305029,0.9126214754494028,33.80952380952381,2
ulte,Wheat_5,partition_1,all,V1_spectral,958,E|G|H|SEG|SGE_spec,,9.57047e-06|0.433283|0.155725|9.02703e-05|2.83858e-05|0.0699617,,True,39,341.4415236488402,0.44913213257224,0.3468214416389664,0.8955354250547122,29.166666666666668,0.4163571900242823,0.3710244615727519,0.9125057780781048,31.957671957671955,2
ulte,Wheat_5,partition_1,all,V2_CGE,958,E|G|H,CGE,0.00012272|0.432582|0.156275|0.0699531,-0.418082,True,26,341.4384602890058,0.4491607662909885,0.3468150352451311,0.8955188829614686,29.166666666666668,0.4163860934951449,0.3710199262794162,0.9124915235813352,31.957671957671955,2
ulte,Wheat_5,partition_1,all,V4_CRN,958,E|G|H|CRN,,2.08177e-05|0.432916|0.155857|1.16932e-05|0.0699618,,True,32,341.4415545484486,0.4491442317761215,0.3468179920848453,0.8955265178836286,29.166666666666668,0.4163671157470314,0.371021790209924,0.912497845402734,31.957671957671955,2
ulte,Wheat_5,partition_1,all,V3_CGE_dir,958,E|G|H,CGE_dir,0.0273148|0.42578|0.147507|0.0710441,-0.3036,True,16,341.513819685571,0.4492236687940569,0.346721315957524,0.8952768882864381,29.166666666666668,0.4162025833137392,0.3709617152569004,0.9122920890893318,33.80952380952381,2
ulte,Wheat_5,partition_1,all,V5_CRN_dir,958,E|G|H|CRN_dir,,6.69962e-06|0.432969|0.155867|3.69338e-08|0.0699518,,True,42,341.44146081546467,0.4491415929701113,0.3468190354027231,0.8955292118581266,29.166666666666668,0.4163659504878432,0.3710225782493299,0.912500222299871,31.957671957671955,2
ulte,Wheat_5,partition_2,all,A_main,938,E|G,,0.00946598|0.320296|0.106957,,True,19,408.4002464072322,0.4421861938429372,0.3305146074292781,0.8997877860172149,30.851063829787236,0.4078034469420549,0.3562144959156789,0.9171913664603504,29.714285714285715,2
ulte,Wheat_5,partition_2,all,B_Hadamard,938,E|G|H,,1.62769e-05|0.352311|0.201249|0.0827573,,True,32,395.0608689174589,0.4515026345402939,0.3307769372965068,0.9005019487353951,29.78723404255319,0.4134363492256974,0.356723537113299,0.9181983434812864,24.285714285714285,2
ulte,Wheat_5,partition_2,all,F_original,938,E|G|H|C0|P0,,7.23785e-05|0.327528|0.147595|6.6771e-07|0.1927|0.0822209,,True,38,390.492254375048,0.4920157760936562,0.3213957398595681,0.8749627238955985,30.851063829787236,0.4617487470865475,0.3462080572782505,0.8916649053130812,32.42857142857143,2
ulte,Wheat_5,partition_2,all,M_masks,938,E|G|H|CSP|PSP|TSP,,2.63016e-05|0.352074|0.200294|0.0397977|0.0195176|7.06076e-05|0.0828144,,True,26,395.0623616402961,0.4515694979772823,0.3307537941938978,0.9004389443156505,29.78723404255319,0.4135183037415146,0.3566969470860223,0.9181320954110376,24.285714285714285,2
ulte,Wheat_5,partition_2,all,V1_spectral,938,E|G|H|SEG|SGE_spec,,2.31201e-05|0.352638|0.201152|0.000334536|1.42383e-05|0.0827337,,True,35,395.06101399951154,0.4514992350003838,0.3307798136015549,0.9005097791431681,29.78723404255319,0.4134369590603495,0.3567251660872358,0.9182045172132548,24.285714285714285,2
ulte,Wheat_5,partition_2,all,V2_CGE,938,E|G|H,CGE,0.00708118|0.361567|0.198225|0.0819668,-0.134375,True,22,395.0953226476024,0.4514024231328763,0.3308628443016987,0.9007358206196248,29.78723404255319,0.4134550702566761,0.3567723372427978,0.9183828863813948,24.285714285714285,2
ulte,Wheat_5,partition_2,all,V4_CRN,938,E|G|H|CRN,,2.76716e-05|0.352|0.201344|2.92777e-05|0.0827573,,True,29,395.0609992675196,0.4515033899377659,0.3307757516459313,0.9004987209388549,29.78723404255319,0.4134335297932026,0.3567234675411521,0.9181965384078172,24.285714285714285,2
ulte,Wheat_5,partition_2,all,V3_CGE_dir,938,E|G|H,CGE_dir,0.0195672|0.358549|0.190001|0.0822621,-0.336413,True,20,395.122128855174,0.4516071178545887,0.3307147160086119,0.9003325584766299,28.72340425531915,0.4137228915591757,0.3566037549808698,0.9179608264274892,24.285714285714285,2
ulte,Wheat_5,partition_2,all,V5_CRN_dir,938,E|G|H|CRN_dir,,4.11773e-05|0.352077|0.201055|2.9609e-07|0.0827865,,True,29,395.0609476892807,0.4515132380322813,0.330770517222155,0.9004844708256227,29.78723404255319,0.4134466334217733,0.3567172010153869,0.9181812443310694,24.285714285714285,2
ulte,Wheat_5,partition_3,all,A_main,942,E|G,,0.00564206|0.365779|0.0950087,,True,15,372.6490115541109,0.4112541569226802,0.3439235126932547,0.9147066594836424,33.68421052631579,0.3608873962455449,0.3743431535518885,0.9379233393497513,28.18681318681319,2
ulte,Wheat_5,partition_3,all,B_Hadamard,942,E|G|H,,8.83808e-05|0.383491|0.154614|0.0780393,,True,31,367.0447842898798,0.4355085354962578,0.340271229396883,0.9049929652167088,33.68421052631579,0.3932010876295788,0.3694872930452356,0.9272831908463136,29.395604395604398,2
ulte,Wheat_5,partition_3,all,F_original,942,E|G|H|C0|P0,,0.000113778|0.382162|0.10543|0.0935078|0.431384|0.0664697,,True,41,350.16390460984906,0.4829439136299283,0.3312279850285434,0.8809413504193341,38.94736842105263,0.4495634749533435,0.3589695425076744,0.9020695115122312,38.24175824175824,2
ulte,Wheat_5,partition_3,all,M_masks,942,E|G|H|CSP|PSP|TSP,,0.000701288|0.37994|0.143125|1.83853|1.03572|0.000239611|0.0786406,,True,35,366.13298590541206,0.4330678722918928,0.3408191888992488,0.9064503305536008,34.73684210526316,0.3895455693625863,0.3706257956288016,0.9292013696805234,27.472527472527474,2
ulte,Wheat_5,partition_3,all,V1_spectral,942,E|G|H|SEG|SGE_spec,,2.12176e-06|0.383514|0.154612|0.000485328|6.26576e-06|0.0780354,,True,41,367.0447030905347,0.4355078335675694,0.3402716824990693,0.9049941702974084,33.68421052631579,0.3932007803505046,0.3694876410595464,0.9272843108576224,29.395604395604398,2
ulte,Wheat_5,partition_3,all,V2_CGE,942,E|G|H,CGE,0.0123101|0.382964|0.146144|0.0781526,-0.39523,True,21,367.0762988640825,0.4353452637304024,0.3402454570549023,0.9049244205200826,32.63157894736842,0.3929410954057025,0.3694812237944197,0.9272304100408036,29.395604395604398,2
ulte,Wheat_5,partition_3,all,V4_CRN,942,E|G|H|CRN,,0.000152649|0.383566|0.154531|1.7871e-06|0.0780322,,True,37,367.0449301400942,0.4355051553829668,0.3402721952651965,0.904995534061658,33.68421052631579,0.3931979113993918,0.36948818103082,0.9272856948061676,29.395604395604398,2
ulte,Wheat_5,partition_3,all,V3_CGE_dir,942,E|G|H,CGE_dir,0.0358401|0.380675|0.147182|0.0781485,-0.464404,True,16,367.0015442170234,0.4348338956677977,0.3403567680032504,0.905220465605602,33.68421052631579,0.392366851402586,0.3696270413384649,0.9275535824981208,29.395604395604398,2
ulte,Wheat_5,partition_3,all,V5_CRN_dir,942,E|G|H|CRN_dir,,9.79143e-05|0.38364|0.154605|1.5524e-08|0.0780422,,True,33,367.0448085024307,0.4355056301859529,0.3402725922587067,0.9049965899144692,33.68421052631579,0.3931991483811814,0.3694884469017478,0.9272866450039984,29.395604395604398,2
ulte,Wheat_5,partition_4,all,A_main,938,E|G,,0.00482517|0.317966|0.0944516,,True,22,359.63530250423685,0.4264228800367454,0.3534023004551587,0.9040982373787428,35.1063829787234,0.3945324105016015,0.3844052512534371,0.9263950943248984,28.428571428571427,2
ulte,Wheat_5,partition_4,all,B_Hadamard,938,E|G|H,,1.48176e-05|0.362826|0.161744|0.072577,,True,37,343.2697680054632,0.4289424491896753,0.3537075734654867,0.9048792079332676,35.1063829787234,0.3920193172651758,0.3842066013004402,0.926762830691966,33.85714285714286,2
ulte,Wheat_5,partition_4,all,F_original,938,E|G|H|C0|P0,,7.54585e-05|0.354253|0.135283|0.146174|0.384402|0.0595523,,True,44,325.9773553303776,0.4790456862205364,0.3441020743825757,0.8803057550190728,36.17021276595744,0.4591587507031291,0.3698167672876337,0.8980289897841267,31.714285714285715,2
ulte,Wheat_5,partition_4,all,M_masks,938,E|G|H|CSP|PSP|TSP,,9.47052e-08|0.362395|0.16212|9.1564e-05|0.000336456|1.43999e-08|0.0725278,,True,35,343.26991488447175,0.4289553132013634,0.3537060340393922,0.9048752696668306,35.1063829787234,0.392029224925277,0.3842039720011846,0.926758006617466,33.85714285714286,2
ulte,Wheat_5,partition_4,all,V1_spectral,938,E|G|H|SEG|SGE_spec,,1.37436e-07|0.362981|0.161657|0.000329787|6.69819e-05|0.0725814,,True,38,343.2698683584388,0.4289371423520299,0.3537088113408261,0.9048823747516812,35.1063829787234,0.3920152547739125,0.3842078133485536,0.9267659646040588,33.85714285714286,2
ulte,Wheat_5,partition_4,all,V2_CGE,938,E|G|H,CGE,0.000324717|0.362917|0.162539|0.0726186,-0.373283,True,28,343.267641623288,0.4289638228164421,0.3537055051959989,0.9048739167430409,35.1063829787234,0.3920428715780939,0.3842023167667996,0.926755728227404,33.85714285714286,2
ulte,Wheat_5,partition_4,all,V4_CRN,938,E|G|H|CRN,,1.87219e-05|0.362808|0.161716|2.37365e-05|0.0725816,,True,28,343.269870765032,0.4289432891523124,0.3537071025483949,0.9048780032005534,35.1063829787234,0.3920201026629032,0.3842063570014244,0.9267618175363892,33.85714285714286,2
ulte,Wheat_5,partition_4,all,V3_CGE_dir,938,E|G|H,CGE_dir,0.0124721|0.362871|0.14568|0.072258,0.570449,True,21,343.29463349877983,0.4288751318908852,0.3536695527576306,0.9047819407255774,35.1063829787234,0.3920934055538749,0.3842212146868667,0.9267093281515648,34.57142857142857,2
ulte,Wheat_5,partition_4,all,V5_CRN_dir,938,E|G|H|CRN_dir,,3.82603e-05|0.362734|0.16178|4.26957e-07|0.0725827,,True,29,343.26986246273805,0.4289465634421407,0.3537063516667223,0.9048760822430616,35.1063829787234,0.3920226636387501,0.3842056123519468,0.9267599087461234,33.85714285714286,2
ulte,Wheat_5,partition_5,all,A_main,946,E|G,,0.00499204|0.364214|0.0931925,,True,17,364.4660112572959,0.41733352646372,0.3469989848934804,0.9176855956447816,30.526315789473685,0.394897441194241,0.3764926459137835,0.9383621717225998,30.384615384615387,2
ulte,Wheat_5,partition_5,all,B_Hadamard,946,E|G|H,,3.49162e-05|0.3835|0.116545|0.0791992,,True,31,358.85198343671345,0.4380976251412723,0.3440035953514294,0.909763884182343,33.68421052631579,0.420253432594375,0.372074998610675,0.9294511784930832,30.87912087912088,2
ulte,Wheat_5,partition_5,all,F_original,946,E|G|H|C0|P0,,5.08224e-05|0.358227|0.0407819|0.101297|0.442925|0.0713506,,True,43,342.3903498793039,0.4896391387679216,0.3328482769935283,0.8802621408990879,37.89473684210526,0.4813347964356393,0.3580604329708079,0.8978030971929426,38.51648351648352,2
ulte,Wheat_5,partition_5,all,M_masks,946,E|G|H|CSP|PSP|TSP,,5.33083e-06|0.382198|0.113495|0.0961349|0.350552|9.6973e-06|0.0793879,,True,47,358.7059919492792,0.4380334734636828,0.3440062031076524,0.9097707807452352,34.73684210526316,0.4210950301558297,0.3720024925594078,0.9294034558669656,33.51648351648352,2
ulte,Wheat_5,partition_5,all,V1_spectral,946,E|G|H|SEG|SGE_spec,,3.76739e-08|0.38354|0.116646|2.12364e-05|0.00134488|0.0791837,,True,51,358.85200474608416,0.4380970667096517,0.3440050317249638,0.9097676828657972,33.68421052631579,0.4202544622034612,0.3720755109364162,0.9294543042682284,30.87912087912088,2
ulte,Wheat_5,partition_5,all,V2_CGE,946,E|G|H,CGE,0.00425943|0.384051|0.107639|0.0795476,-0.397187,True,22,358.8772712494756,0.4377509141372649,0.3440096563626162,0.9097799133435316,33.68421052631579,0.4198770110748403,0.3721177376820443,0.929493760115947,30.87912087912088,2
ulte,Wheat_5,partition_5,all,V4_CRN,946,E|G|H|CRN,,1.08358e-05|0.383581|0.116628|4.11336e-06|0.0791862,,True,34,358.8518988324344,0.4380979514534515,0.3440048288402985,0.909767146309948,33.68421052631579,0.4202553627718163,0.3720752862160449,0.9294537522722311,30.87912087912088,2
ulte,Wheat_5,partition_5,all,V3_CGE_dir,946,E|G|H,CGE_dir,0.0331948|0.381582|0.108854|0.0792111,0.501245,True,17,358.8448782435214,0.4378008896932219,0.3440091374852191,0.9097785411023036,33.68421052631579,0.4202752238036026,0.3721017008939721,0.929481158298026,30.87912087912088,2
ulte,Wheat_5,partition_5,all,V5_CRN_dir,946,E|G|H|CRN_dir,,4.01719e-05|0.383553|0.116642|1.5254e-08|0.0791888,,True,35,358.8520033675471,0.438099233669173,0.3440044512354335,0.9097661476829766,33.68421052631579,0.4202565469759873,0.3720750371182428,0.9294528475763548,30.87912087912088,2
ulte,Wheat_6,partition_1,all,A_main,697,E|G,,2.54224|0.297322|0.10336,,True,13,302.3345336444644,0.8853001755509099,0.3434695302548865,0.4649922263910136,32.857142857142854,0.4677815898477624,0.3371274090802472,0.8842451553965578,25.520833333333336,2
ulte,Wheat_6,partition_1,all,B_Hadamard,697,E|G|H,,1.95584|0.0700514|0.296426|0.0929465,,True,26,296.7220665754027,0.8857180216168183,0.3428006760753342,0.4640867254173169,32.857142857142854,0.4998877384508741,0.3341804235171258,0.8762852426774597,24.739583333333336,2
ulte,Wheat_6,partition_1,all,F_original,697,E|G|H|C0|P0,,2.19417|0.131558|0.0190294|0.634551|0.514498|0.0738728,,True,29,245.5633339858048,0.9040206249605351,0.3159992957091379,0.4278027688241899,40.0,0.5904329528187291,0.3140257375941384,0.8240420886427524,36.19791666666667,2
ulte,Wheat_6,partition_1,all,M_masks,697,E|G|H|CSP|PSP|TSP,,1.09278|0.0687291|0.297962|0.380496|0.000249052|0.0188034|0.0928704,,True,77,296.68338295672754,0.8854210736791533,0.3432084817434356,0.4646388165020912,32.857142857142854,0.4772822282733459,0.3367168075497841,0.8831526523879164,24.739583333333336,2
ulte,Wheat_6,partition_1,all,V1_spectral,697,E|G|H|SEG|SGE_spec,,1.88678|0.0705749|0.295645|0.140498|0.000835548|0.0929366,,True,35,296.7224588352548,0.8857193429811429,0.3427989050909715,0.4640843278423089,32.857142857142854,0.4998649517079794,0.3341742500861677,0.876268605170975,24.739583333333336,2
ulte,Wheat_6,partition_1,all,V2_CGE,697,E|G|H,CGE,0.144023|0.144023|0.144023|0.144023,0.0,True,1,315.26030885583464,0.8840612180031132,0.3453626088184799,0.4675550936571875,34.285714285714285,0.4812556651488567,0.3374361621303937,0.8848991070142268,26.302083333333336,2
ulte,Wheat_6,partition_1,all,V4_CRN,697,E|G|H|CRN,,1.9527|0.070217|0.296162|0.00200186|0.0929561,,True,41,296.72248330426936,0.8857179830964698,0.3428007792352794,0.4640868650762047,32.857142857142854,0.4998605489049459,0.3341808742044429,0.8762864598631672,24.739583333333336,2
ulte,Wheat_6,partition_1,all,V3_CGE_dir,697,E|G|H,CGE_dir,0.144023|0.144023|0.144023|0.144023,0.0,True,1,315.26030885583464,0.8840612180031132,0.3453626088184799,0.4675550936571875,34.285714285714285,0.4812556651488567,0.3374361621303937,0.8848991070142268,26.302083333333336,2
ulte,Wheat_6,partition_1,all,V5_CRN_dir,697,E|G|H|CRN_dir,,0.137522|0.0700766|0.297396|0.346855|0.0927828,,True,22,296.5495978836513,0.8851358950870172,0.3435994240525712,0.465168077815549,32.857142857142854,0.4566339256138039,0.3391674608919047,0.889788797596043,24.739583333333336,2
ulte,Wheat_6,partition_2,all,A_main,702,E|G,,2.51549|0.344528|0.0976348,,True,15,296.3188347321469,0.8920331413976078,0.3424213226673568,0.4516621825108558,39.436619718309856,0.3908276435341425,0.3475652175788098,0.9254842417782416,33.816964285714285,2
ulte,Wheat_6,partition_2,all,B_Hadamard,702,E|G|H,,2.69527|0.169444|0.225687|0.089962,,True,23,293.05361630964984,0.894882418828912,0.3382106236956124,0.4461081665615575,38.0281690140845,0.4863489289913798,0.329220941552824,0.8743495934406069,32.254464285714285,2
ulte,Wheat_6,partition_2,all,F_original,702,E|G|H|C0|P0,,2.41518|0.180299|0.0295957|0.59959|0.354555|0.0726636,,True,29,249.09502355611016,0.9100220279248086,0.3146406062441671,0.4150187313563778,49.29577464788732,0.5240745193503993,0.3181357870530136,0.8469184487001189,38.504464285714285,2
ulte,Wheat_6,partition_2,all,M_masks,702,E|G|H|CSP|PSP|TSP,,2.70687|0.169217|0.226095|1.75852e-07|3.62424e-06|0.00616957|0.0899496,,True,53,293.0547151842163,0.8948835096039496,0.3382089063458987,0.4461059013348661,38.0281690140845,0.4864138324257131,0.3292129022349784,0.8743271734029843,32.254464285714285,2
ulte,Wheat_6,partition_2,all,V1_spectral,702,E|G|H|SEG|SGE_spec,,2.64886|0.169133|0.226143|0.178332|8.37088e-05|0.0899603,,True,41,293.0536586104949,0.8948837317823788,0.3382086652238167,0.4461055832888842,38.0281690140845,0.4864290901538097,0.3292116024759489,0.8743235426674529,32.254464285714285,2
ulte,Wheat_6,partition_2,all,V2_CGE,702,E|G|H,CGE,2.77624|0.169467|0.22595|0.0898939,-0.289364,True,28,293.05068179874365,0.8948830550488248,0.3382091424525321,0.4461062127653475,38.0281690140845,0.4863718408366179,0.3292144226729291,0.8743314280919087,32.254464285714285,2
ulte,Wheat_6,partition_2,all,V4_CRN,702,E|G|H|CRN,,2.67742|0.16947|0.225612|0.000121455|0.090016,,True,38,293.0537355270401,0.8948824448360947,0.3382107614613887,0.4461083482780194,38.0281690140845,0.4863433968489855,0.3292223690367073,0.8743536017282953,32.254464285714285,2
ulte,Wheat_6,partition_2,all,V3_CGE_dir,702,E|G|H,CGE_dir,2.14343|0.16247|0.249733|0.0896329,-1.51142,True,25,292.98884456240984,0.8948986162098281,0.3381764443334272,0.4460630831385945,38.0281690140845,0.4862241316419647,0.3293081387852291,0.8746014011095287,31.473214285714285,2
ulte,Wheat_6,partition_2,all,V5_CRN_dir,702,E|G|H|CRN_dir,,2.69388|0.16925|0.225961|9.12864e-06|0.0899576,,True,38,293.0536345510085,0.8948832246368799,0.3382094212870962,0.4461065805550248,38.0281690140845,0.4863981962264078,0.3292152000478242,0.8743335776027306,32.254464285714285,2
ulte,Wheat_6,partition_3,all,A_main,698,E|G,,2.55915|0.286193|0.103098,,True,13,299.5904139814104,0.8830903039601061,0.3468174340486406,0.4692489403727005,34.285714285714285,0.3810437841472623,0.3458870368723573,0.9336525405047414,32.29166666666667,2
ulte,Wheat_6,partition_3,all,B_Hadamard,698,E|G|H,,2.15708|0.182551|0.131128|0.0984719,,True,17,297.7366920097667,0.8854342030803865,0.3434858482411525,0.464741257204428,35.714285714285715,0.4468412715339528,0.3312484111061944,0.8917340590379793,31.510416666666668,2
ulte,Wheat_6,partition_3,all,F_original,698,E|G|H|C0|P0,,2.25902|0.151601|4.15441e-05|0.514053|0.382119|0.0805057,,True,36,253.8501972289997,0.9006081326299015,0.3214784938257662,0.4349649924438215,38.57142857142857,0.5277123426601463,0.3154777957519434,0.8504729475633963,27.083333333333336,2
ulte,Wheat_6,partition_3,all,M_masks,698,E|G|H|CSP|PSP|TSP,,0.00547559|0.19357|0.115443|0.684866|7.04716e-08|1.42516|0.0988529,,True,37,297.386619149292,0.8844797020022064,0.3448159483562258,0.4665409016522334,34.285714285714285,0.4021811641969031,0.3378897971751205,0.9107860119269232,23.177083333333336,2
ulte,Wheat_6,partition_3,all,V1_spectral,698,E|G|H|SEG|SGE_spec,,2.11502|0.182387|0.131271|0.166399|0.000470151|0.098475,,True,38,297.7369327029893,0.8854350859359343,0.3434845842335699,0.4647395469841203,35.714285714285715,0.4469010944680754,0.3312400222098561,0.8917099114621939,31.510416666666668,2
ulte,Wheat_6,partition_3,all,V2_CGE,698,E|G|H,CGE,0.143842|0.143842|0.143842|0.143842,0.0,True,1,314.8933996641936,0.8839588438632199,0.3455021437236803,0.4674693337823826,32.857142857142854,0.4412168850998703,0.3322772817511542,0.8943041697381643,31.510416666666668,2
ulte,Wheat_6,partition_3,all,V4_CRN,698,E|G|H|CRN,,0.270339|0.193526|0.118041|1.29453|0.0986609,,True,31,297.6329377062233,0.8846933993100965,0.3445131738938422,0.4661312434814001,34.285714285714285,0.4135905959893893,0.3360791164263561,0.9055783297882216,23.958333333333336,2
ulte,Wheat_6,partition_3,all,V3_CGE_dir,698,E|G|H,CGE_dir,0.143842|0.143842|0.143842|0.143842,0.0,True,1,314.8933996641936,0.8839588438632199,0.3455021437236803,0.4674693337823826,32.857142857142854,0.4412168850998703,0.3322772817511542,0.8943041697381643,31.510416666666668,2
ulte,Wheat_6,partition_3,all,V5_CRN_dir,698,E|G|H|CRN_dir,,0.000238081|0.194254|0.113945|0.429785|0.0989161,,True,32,297.25639062261365,0.8843737268514265,0.3449702226391234,0.4667496369598313,35.714285714285715,0.3944567913808453,0.3391623501960982,0.9144587822089468,23.177083333333336,2
ulte,Wheat_6,partition_4,all,A_main,699,E|G,,2.53354|0.330615|0.0958643,,True,14,288.776746329336,0.8824428151276951,0.3490319395428252,0.4706075213946554,37.142857142857146,0.3203305048838793,0.3479050924494017,0.985254552617,29.910714285714285,2
ulte,Wheat_6,partition_4,all,B_Hadamard,699,E|G|H,,2.34855|0.234331|0.157764|0.0880958,,True,22,286.6263087148556,0.8849194741275643,0.3455019168803687,0.4658479133833612,35.714285714285715,0.4013728953871364,0.3277587608660045,0.9207461033991686,28.348214285714285,2
ulte,Wheat_6,partition_4,all,F_original,699,E|G|H|C0|P0,,2.11381|0.177104|0.04542|0.442899|0.504791|0.0677604,,True,28,237.30784922638645,0.902841856432836,0.3198263982374965,0.4312290409533158,42.85714285714285,0.4951158407916113,0.3061545881594797,0.8613410185480088,32.254464285714285,2
ulte,Wheat_6,partition_4,all,M_masks,699,E|G|H|CSP|PSP|TSP,,0.86721|0.233203|0.159144|0.000602652|3.33173e-06|2.00263|0.0880477,,True,51,286.58521108749846,0.8847640781881365,0.3457041370192734,0.466120571291032,34.285714285714285,0.4015784773740618,0.327655074963593,0.920317072819261,29.129464285714285,2
ulte,Wheat_6,partition_4,all,V1_spectral,699,E|G|H|SEG|SGE_spec,,2.22202|0.236463|0.155931|0.225544|0.00730625|0.0880165,,True,27,286.62806600311825,0.8849045401443976,0.3455238754249613,0.4658775205770687,35.714285714285715,0.4006603574617797,0.3279090036031663,0.9212285078894128,28.348214285714285,2
ulte,Wheat_6,partition_4,all,V2_CGE,699,E|G|H,CGE,2.3176|0.228252|0.162865|0.0877674,-0.864126,True,30,286.62210479114594,0.8849603834814054,0.3454418353575702,0.4657669041308473,35.714285714285715,0.4033862755234962,0.3273546084871437,0.9194489326103196,29.129464285714285,2
ulte,Wheat_6,partition_4,all,V4_CRN,699,E|G|H|CRN,,2.35071|0.234235|0.157785|0.000151722|0.088092,,True,45,286.6263522240587,0.8849197688957593,0.3455014572578135,0.4658472936640548,35.714285714285715,0.4013908144967346,0.3277546282287163,0.9207327704667014,29.129464285714285,2
ulte,Wheat_6,partition_4,all,V3_CGE_dir,699,E|G|H,CGE_dir,0.142939|0.142939|0.142939|0.142939,0.0,True,1,307.70421296502525,0.883411024721825,0.3476758112952033,0.4687790235381482,37.142857142857146,0.4145039667987759,0.323746093444314,0.9066517741384944,29.129464285714285,2
ulte,Wheat_6,partition_4,all,V5_CRN_dir,699,E|G|H|CRN_dir,,2.35752|0.234118|0.158034|2.58456e-07|0.0880731,,True,39,286.626321058882,0.8849211861490219,0.3454994689065239,0.4658446127258195,35.714285714285715,0.4014563002424158,0.3277429124548082,0.920695275573506,28.348214285714285,2
ulte,Wheat_6,partition_5,all,A_main,701,E|G,,2.49166|0.299509|0.101227,,True,14,296.4687181807439,0.8874868461625126,0.3506813676874684,0.4609111203871809,32.394366197183096,0.410180413753899,0.3553781543388034,0.923654778639803,30.691964285714285,2
ulte,Wheat_6,partition_5,all,B_Hadamard,701,E|G|H,,2.19654|0.165648|0.160421|0.0963733,,True,19,294.2256769784251,0.8902272848000082,0.347285647530949,0.4564480227547524,32.394366197183096,0.4779757857870075,0.3407346521115264,0.8839387562367031,23.549107142857142,2
ulte,Wheat_6,partition_5,all,F_original,701,E|G|H|C0|P0,,1.98127|0.155094|0.000629498|0.541129|0.55152|0.0759627,,True,29,252.89415441732612,0.9109143851958136,0.3139847233166864,0.4126796115878284,40.84507042253521,0.5315475430664419,0.3221568385607463,0.8379033260017529,25.892857142857142,2
ulte,Wheat_6,partition_5,all,M_masks,701,E|G|H|CSP|PSP|TSP,,0.970135|0.161395|0.164521|1.06563e-05|5.53171e-08|1.58778|0.096336,,True,65,294.1958907359499,0.8901494109884929,0.3474287962341959,0.4566361674218917,32.394366197183096,0.4788136359864617,0.3408565519108782,0.8842521796259365,24.330357142857142,2
ulte,Wheat_6,partition_5,all,V1_spectral,701,E|G|H|SEG|SGE_spec,,2.14023|0.165982|0.160226|0.184255|0.00025604|0.0963645,,True,34,294.22578494125923,0.8902259973963785,0.3472866587370238,0.4564493518134588,32.394366197183096,0.4778711505959598,0.3407431062932069,0.8839618190049182,23.549107142857142,2
ulte,Wheat_6,partition_5,all,V2_CGE,701,E|G|H,CGE,2.3296|0.16721|0.158665|0.0965953,-0.5307,True,21,294.2189035683688,0.890216974077357,0.3472952309999874,0.456460618597756,32.394366197183096,0.4774861315804229,0.3407611550786902,0.8840101020301518,23.549107142857142,2
ulte,Wheat_6,partition_5,all,V4_CRN,701,E|G|H|CRN,,2.20327|0.165138|0.161186|0.000867469|0.0963598,,True,40,294.22595245676183,0.8902318392953238,0.3472805276869033,0.4564412935889833,32.394366197183096,0.4782013542208188,0.3407161970652262,0.8838888444504107,23.549107142857142,2
ulte,Wheat_6,partition_5,all,V3_CGE_dir,701,E|G|H,CGE_dir,0.135679|0.135679|0.135679|0.135679,0.0,True,1,307.7151675186064,0.8892261479617798,0.34926437158135,0.459048719578258,30.985915492957748,0.4802363925328397,0.3430584849011664,0.8900252462558025,22.767857142857142,2
ulte,Wheat_6,partition_5,all,V5_CRN_dir,701,E|G|H|CRN_dir,,2.18806|0.165535|0.160551|8.87451e-06|0.0963898,,True,35,294.2257030761596,0.8902279290436982,0.3472852380275547,0.4564474845320647,32.394366197183096,0.4780214989105911,0.3407317129846969,0.8839307470013356,23.549107142857142,2
ulte,EYT_2,partition_1,all,A_main,1935,E|G,,1.86594|0.1038|0.165723,,True,16,1216.6974831397804,0.9337252086428448,0.4783464312434572,0.3579647446212888,41.23711340206186,0.381509676185506,0.4705773069618627,0.9338252677701012,29.74358974358975,5
ulte,EYT_2,partition_1,all,B_Hadamard,1935,E|G|H,,1.84308|0.114112|0.0447214|0.127132,,True,15,1184.5455227910402,0.9361283923352428,0.4699122164196709,0.3516531023505824,39.69072164948454,0.419314726740242,0.4616448113889871,0.9141970439877336,31.7948717948718,5
ulte,EYT_2,partition_1,all,F_original,1935,E|G|H|C0|P0,,1.85583|0.109905|0.0361994|0.0492775|0.0215929|0.10969,,True,17,1157.9279604052745,0.9395696761438188,0.4576227630263155,0.3424564390995321,41.23711340206186,0.4784816991748494,0.4477327645850354,0.8824970324285442,32.82051282051282,5
ulte,EYT_2,partition_1,all,M_masks,1935,E|G|H|CSP|PSP|TSP,,1.8691|0.11432|0.0432178|3.85879e-07|0.00374306|2.56607e-05|0.127803,,True,42,1184.148228778748,0.9361010219525828,0.4700071402741315,0.3517241374646776,40.20618556701031,0.418381151723928,0.4617916983792215,0.9146161495059886,31.28205128205128,5
ulte,EYT_2,partition_1,all,V1_spectral,1935,E|G|H|SEG|SGE_spec,,1.84765|0.114122|0.0447542|0.288467|2.10202e-06|0.127104,,True,31,1184.5457017839394,0.9361283324476178,0.4699125063295016,0.3516533193010847,39.69072164948454,0.4193243899515015,0.4616446877305059,0.9141959066403996,31.7948717948718,5
ulte,EYT_2,partition_1,all,V2_CGE,1935,E|G|H,CGE,1.84244|0.114112|0.0447204|0.127131,-1.86209e-05,True,15,1184.5455227495338,0.9361283866025834,0.4699122351294116,0.3516531163517897,39.69072164948454,0.4193144951633244,0.461644839464205,0.914197121265304,31.7948717948718,5
ulte,EYT_2,partition_1,all,V4_CRN,1935,E|G|H|CRN,,1.84088|0.114113|0.0445868|0.000194253|0.127201,,True,26,1184.543420272097,0.936127460809116,0.4699153892133593,0.3516554766722208,39.69072164948454,0.4192558199984414,0.4616512238338801,0.914217756556188,31.7948717948718,5
ulte,EYT_2,partition_1,all,V3_CGE_dir,1935,E|G|H,CGE_dir,1.84454|0.110934|0.0440581|0.129297,3.015,True,21,1184.4417529425511,0.9361825124099408,0.4697153916151473,0.3515058108976007,40.20618556701031,0.419435389113384,0.4614465560074915,0.9137894687776276,31.7948717948718,5
ulte,EYT_2,partition_1,all,V5_CRN_dir,1935,E|G|H|CRN_dir,,1.84594|0.114124|0.0447223|4.34057e-07|0.127133,,True,29,1184.5457328171867,0.9361282699953726,0.469912664580374,0.3516534377262038,39.69072164948454,0.4193141006177331,0.4616452849565338,0.9141980713219868,31.7948717948718,5
ulte,EYT_2,partition_2,all,A_main,1935,E|G,,1.86443|0.0871601|0.174255,,True,14,1244.142732737048,0.9335613789175932,0.4790101253457317,0.3587136735221833,41.23711340206186,0.3618878369605348,0.4722385718970541,0.9418139627299442,28.205128205128204,5
ulte,EYT_2,partition_2,all,B_Hadamard,1935,E|G|H,,1.85199|0.0952922|0.0556595|0.129054,,True,15,1212.3275487498968,0.9359695397961464,0.4705115389951356,0.352349383983695,42.2680412371134,0.4092495357721369,0.4623530934007485,0.9188403846773636,25.64102564102564,5
ulte,EYT_2,partition_2,all,F_original,1935,E|G|H|C0|P0,,1.84813|0.0940513|0.0467187|0.0514398|0.0159745|0.111777,,True,18,1186.7138059936087,0.9378089436628854,0.4643201888676752,0.3477129017242013,42.78350515463917,0.4504265864276567,0.4544046640557786,0.899112777725272,32.820512820512825,5
ulte,EYT_2,partition_2,all,M_masks,1935,E|G|H|CSP|PSP|TSP,,1.85349|0.0953405|0.0556494|1.77982e-06|1.77643e-06|3.67186e-07|0.129058,,True,37,1212.3280011591066,0.9359689335941428,0.4705136953473133,0.3523509987992702,42.2680412371134,0.4092426855584762,0.4623556797910268,0.918846493190666,25.64102564102564,5
ulte,EYT_2,partition_2,all,V1_spectral,1935,E|G|H|SEG|SGE_spec,,1.85298|0.0953105|0.0556575|0.291149|2.13712e-06|0.129056,,True,31,1212.3277422318642,0.9359693060209778,0.4705123696250133,0.3523500060129154,42.2680412371134,0.4092470951385707,0.4623540691440617,0.9188426632093846,25.64102564102564,5
ulte,EYT_2,partition_2,all,V2_CGE,1935,E|G|H,CGE,1.85188|0.0952922|0.0556598|0.129054,0.000119763,True,15,1212.3275487617393,0.9359695377558084,0.4705115463329265,0.3523493894787061,42.2680412371134,0.4092495947332402,0.4623530957275137,0.9188403796130862,25.64102564102564,5
ulte,EYT_2,partition_2,all,V4_CRN,1935,E|G|H|CRN,,1.85174|0.09528|0.0556644|1.14179e-06|0.129039,,True,30,1212.327863077288,0.9359695700455442,0.4705114351028939,0.3523493061824844,42.2680412371134,0.4092519651064517,0.4623528092397164,0.9188394449163686,25.64102564102564,5
ulte,EYT_2,partition_2,all,V3_CGE_dir,1935,E|G|H,CGE_dir,2.27424|0.0932589|0.0509971|0.130249,5.83036,True,21,1212.0902916366297,0.9360070933583836,0.4703727904934244,0.3522454801576358,41.75257731958763,0.4085644070319406,0.4622803798684373,0.9188200325986424,25.64102564102564,5
ulte,EYT_2,partition_2,all,V5_CRN_dir,1935,E|G|H|CRN_dir,,1.85392|0.0953424|0.0556484|3.23168e-07|0.129077,,True,30,1212.3276885924206,0.9359690820384589,0.4705131613186518,0.3523505988841686,42.2680412371134,0.4092418838792976,0.4623552303098399,0.9188457587767384,25.64102564102564,5
ulte,EYT_2,partition_3,all,A_main,1935,E|G,,1.87796|0.102818|0.173679,,True,14,1258.235585138064,0.9343594387023564,0.4728601799551711,0.3565197086044716,36.597938144329895,0.3400436099681723,0.4662297217500322,0.953696913742086,20.512820512820515,5
ulte,EYT_2,partition_3,all,B_Hadamard,1935,E|G|H,,1.84818|0.115066|0.0582791|0.126193,,True,16,1226.1871696975684,0.936186926872238,0.4665028764960333,0.3517265285634351,36.08247422680412,0.3876520049063767,0.4584415506083802,0.9339224330190816,25.12820512820513,5
ulte,EYT_2,partition_3,all,F_original,1935,E|G|H|C0|P0,,1.83884|0.116991|0.0421135|0.0789376|0.0205883|0.105616,,True,17,1188.9068377347144,0.9385685686315048,0.4577547685694525,0.3451307672347465,37.11340206185567,0.4384524729420892,0.4492328550194031,0.9135802863555738,32.82051282051282,5
ulte,EYT_2,partition_3,all,M_masks,1935,E|G|H|CSP|PSP|TSP,,1.84845|0.115078|0.0582731|6.38742e-06|6.60464e-06|1.38717e-05|0.12619,,True,37,1226.1874946552675,0.9361867096789768,0.4665036781936724,0.3517271330148582,36.08247422680412,0.3876517110462985,0.4584422946048788,0.9339236997175036,25.12820512820513,5
ulte,EYT_2,partition_3,all,V1_spectral,1935,E|G|H|SEG|SGE_spec,,1.85351|0.115111|0.0583521|0.298571|3.29608e-05|0.126191,,True,31,1226.187443309852,0.9361850893344056,0.466509656049098,0.351731640104617,36.08247422680412,0.3876570108260463,0.458447393918343,0.9339325832251127,25.12820512820513,5
ulte,EYT_2,partition_3,all,V2_CGE,1935,E|G|H,CGE,1.84833|0.115066|0.0582805|0.126193,-4.47473e-05,True,16,1226.187169849078,0.9361869003820976,0.4665029737062614,0.3517266018564796,36.08247422680412,0.3876522147584755,0.4584416254718161,0.933922543091282,25.12820512820513,5
ulte,EYT_2,partition_3,all,V4_CRN,1935,E|G|H|CRN,,1.84789|0.115069|0.0582681|2.36348e-06|0.126196,,True,28,1226.1875447485422,0.9361870490799596,0.4665024304189095,0.3517261922371955,36.08247422680412,0.3876500829434515,0.4584412701595829,0.933922170311786,25.12820512820513,5
ulte,EYT_2,partition_3,all,V3_CGE_dir,1935,E|G|H,CGE_dir,1.39295|0.114145|0.0609464|0.124708,2.41533,True,20,1226.0129669005255,0.9361345789416204,0.4666937860011655,0.3518704675204986,36.597938144329895,0.388107109017967,0.4585867835065746,0.9341293324632172,25.12820512820513,5
ulte,EYT_2,partition_3,all,V5_CRN_dir,1935,E|G|H|CRN_dir,,1.84538|0.115139|0.0583005|1.11706e-06|0.126225,,True,29,1226.1875560948672,0.9361861222801852,0.4665057962641434,0.3517287299644411,36.08247422680412,0.3876487440875791,0.4584444131494624,0.9339282452065688,25.12820512820513,5
ulte,EYT_2,partition_4,all,A_main,1935,E|G,,1.87935|0.110596|0.183609,,True,12,1313.8746931788814,0.9390443890470324,0.458851269769195,0.3465925118999515,42.78350515463917,0.3857242275116642,0.4522842109129474,0.939837119239526,26.666666666666668,5
ulte,EYT_2,partition_4,all,B_Hadamard,1935,E|G|H,,1.8579|0.121149|0.0401608|0.148775,,True,14,1294.6361399027596,0.9417387935872452,0.4493304251103145,0.3394009583767577,40.72164948453608,0.4270211827581879,0.4422632639889385,0.917108892360534,28.205128205128204,5
ulte,EYT_2,partition_4,all,F_original,1935,E|G|H|C0|P0,,1.84989|0.11876|0.0277246|0.0607257|0.025942|0.128191,,True,21,1267.7305468307218,0.9433920273803704,0.4431814982804323,0.3347563771456109,42.78350515463917,0.468848450794231,0.4343659456267829,0.8960530865843012,28.205128205128204,5
ulte,EYT_2,partition_4,all,M_masks,1935,E|G|H|CSP|PSP|TSP,,1.83696|0.121204|0.0399663|7.28554e-07|7.45402e-07|3.12717e-07|0.148782,,True,30,1294.6368442801258,0.9417349064272174,0.4493447062841219,0.3394117456366584,40.72164948453608,0.4269493974681448,0.442279481516375,0.9171478278393698,28.205128205128204,5
ulte,EYT_2,partition_4,all,V1_spectral,1935,E|G|H|SEG|SGE_spec,,1.85723|0.121145|0.0401615|0.293383|1.17744e-05|0.148775,,True,34,1294.6367753117784,0.9417388218869984,0.4493303613790577,0.3394009102374632,40.72164948453608,0.4270211628235041,0.4422632416715877,0.917108922352012,28.205128205128204,5
ulte,EYT_2,partition_4,all,V2_CGE,1935,E|G|H,CGE,1.85694|0.121145|0.0401607|0.148775,0.000132531,True,15,1294.6361395937174,0.9417388649884826,0.4493301342047436,0.3394007386417386,40.72164948453608,0.4270219440066404,0.4422629554456767,0.9171081999541648,28.205128205128204,5
ulte,EYT_2,partition_4,all,V4_CRN,1935,E|G|H|CRN,,1.85053|0.121154|0.0402266|1.77862e-07|0.148761,,True,33,1294.636237794377,0.9417396648385062,0.449327375792053,0.3393986550794902,40.72164948453608,0.4270410966624819,0.4422596221131057,0.9170997168305856,28.205128205128204,5
ulte,EYT_2,partition_4,all,V3_CGE_dir,1935,E|G|H,CGE_dir,1.67304|0.119923|0.0440086|0.147081,2.7679,True,19,1294.49818167108,0.9417899265118028,0.4491524888986868,0.3392665545674863,40.72164948453608,0.4281681835310836,0.4420565204824527,0.916599880142236,27.69230769230769,5
ulte,EYT_2,partition_4,all,V5_CRN_dir,1935,E|G|H|CRN_dir,,1.85252|0.121137|0.0401585|1.77862e-07|0.148774,,True,32,1294.6362160994304,0.9417389406661176,0.4493298056784635,0.3394004904899819,40.72164948453608,0.4270224915842651,0.4422626122866826,0.9171074349220424,28.205128205128204,5
ulte,EYT_2,partition_5,all,A_main,1935,E|G,,1.95134|0.103536|0.1637,,True,13,1206.210924873028,0.930587208348966,0.4858825570260685,0.3701176814287858,37.628865979381445,0.389568658485767,0.4760202016048747,0.9313096238150969,28.20512820512821,5
ulte,EYT_2,partition_5,all,B_Hadamard,1935,E|G|H,,1.91022|0.122645|0.0609543|0.110467,,True,13,1148.177777169897,0.931494962843691,0.4833264408902964,0.3681705776195336,40.72164948453608,0.413179158584034,0.4723605648629976,0.9228643397658006,29.74358974358974,5
ulte,EYT_2,partition_5,all,F_original,1935,E|G|H|C0|P0,,1.91036|0.118096|0.0508409|0.0449627|0.0275013|0.0924694,,True,19,1114.8061752301694,0.9346744230290644,0.4721317150596604,0.3596430725491188,42.2680412371134,0.4630069342149011,0.4601643503589578,0.8965248604483562,35.38461538461538,5
ulte,EYT_2,partition_5,all,M_masks,1935,E|G|H|CSP|PSP|TSP,,1.93252|0.12271|0.0601789|5.14051e-07|0.00246562|1.19972e-05|0.110781,,True,48,1148.0399005755175,0.9314873842197114,0.4833537656225242,0.368191392045554,40.72164948453608,0.4125906696573974,0.4724598638294757,0.923223843793598,30.256410256410252,5
ulte,EYT_2,partition_5,all,V1_spectral,1935,E|G|H|SEG|SGE_spec,,1.91348|0.122659|0.0610107|0.302883|1.0897e-05|0.110448,,True,32,1148.1785110251583,0.9314938965091838,0.4833307432414324,0.3681738549057916,40.72164948453608,0.4131777238959992,0.4723640006497133,0.9228699686510956,29.74358974358974,5
ulte,EYT_2,partition_5,all,V2_CGE,1935,E|G|H,CGE,1.90989|0.122646|0.0609523|0.110467,0.000134415,True,13,1148.1777771432462,0.9314949837171488,0.4833263549444302,0.3681705121508638,40.72164948453608,0.4131790556548795,0.4723605108502953,0.922864279254138,29.74358974358974,5
ulte,EYT_2,partition_5,all,V4_CRN,1935,E|G|H|CRN,,1.91284|0.122583|0.0610478|2.71841e-06|0.110483,,True,29,1148.1782297037375,0.9314951763622475,0.4833253873017443,0.368169775055732,40.72164948453608,0.4131918478589226,0.4723582758422289,0.9228579080985015,29.74358974358974,5
ulte,EYT_2,partition_5,all,V3_CGE_dir,1935,E|G|H,CGE_dir,1.62572|0.117349|0.0583922|0.112183,4.87653,True,21,1148.086372721113,0.9316705303155284,0.4826210035874304,0.3676332156271044,40.20618556701031,0.4146364668809058,0.4716849874307072,0.9215460819760724,28.71794871794872,5
ulte,EYT_2,partition_5,all,V5_CRN_dir,1935,E|G|H|CRN_dir,,1.9117|0.122637|0.0609456|6.27163e-07|0.110475,,True,34,1148.1779930339198,0.93149528222606,0.4833251532781615,0.3681695967898845,40.72164948453608,0.4131803588984784,0.4723594274379826,0.9228622697657194,29.74358974358974,5
ulte,EYT_3,partition_1,all,A_main,2410,E|G,,3.71888|0.0292189|0.140159,,True,12,1190.070726943222,0.9749075077963436,0.3973862279930344,0.222652625710096,45.64315352697096,0.2927029312636433,0.3922244273692214,0.9559108206955428,28.16326530612245,5
ulte,EYT_3,partition_1,all,B_Hadamard,2410,E|G|H,,3.70822|0.0368233|0.0474485|0.0970824,,True,19,1099.636811445418,0.9768453360181448,0.3818724310972611,0.2139603576588801,43.98340248962656,0.3885105478729771,0.3774498417276381,0.921767036019606,30.61224489795918,5
ulte,EYT_3,partition_1,all,F_original,2410,E|G|H|C0|P0,,3.6247|0.0393599|0.0374034|0.0344656|0.0451086|0.0745723,,True,20,1035.5308425282242,0.97820965023054,0.370528947280267,0.2076046858246815,47.71784232365145,0.4524458383994685,0.3659913533740248,0.8935046340293524,34.285714285714285,5
ulte,EYT_3,partition_1,all,M_masks,2410,E|G|H|CSP|PSP|TSP,,3.70664|0.0368197|0.0474481|3.323e-06|3.64314e-06|3.14218e-07|0.0970821,,True,27,1099.6385404243422,0.9768453577250076,0.3818722602127603,0.2139602619135318,43.98340248962656,0.3885115790136643,0.3774496458944701,0.9217664740168588,30.61224489795918,5
ulte,EYT_3,partition_1,all,V1_spectral,2410,E|G|H|SEG|SGE_spec,,3.6953|0.0365899|0.0473816|0.510233|0.000638179|0.0971614,,True,26,1099.613938053831,0.9768490837576914,0.3818416531077879,0.2139431129742696,43.98340248962656,0.3885527809347732,0.3774313720775949,0.9217451346528792,30.61224489795918,5
ulte,EYT_3,partition_1,all,V2_CGE,2410,E|G|H,CGE,3.71025|0.0368197|0.0474472|0.0970833,-0.000303078,True,19,1099.6368115127582,0.97684536116314,0.3818722319165421,0.2139602460593657,43.98340248962656,0.388510968823773,0.3774496451340075,0.921766528786624,30.61224489795918,5
ulte,EYT_3,partition_1,all,V4_CRN,2410,E|G|H|CRN,,3.70865|0.0368216|0.0474481|3.14218e-07|0.0970814,,True,34,1099.636977932449,0.976845346418383,0.3818723476759188,0.2139603109185061,43.98340248962656,0.3885108762184798,0.3774497572906573,0.921766821087239,30.61224489795918,5
ulte,EYT_3,partition_1,all,V3_CGE_dir,2410,E|G|H,CGE_dir,2.40999|0.0367927|0.0428159|0.0987922,-4.85602,True,23,1099.0842777631583,0.9768492726372948,0.381850606498988,0.2139481294945194,43.56846473029046,0.3877321626171385,0.3774576146978308,0.921813539498458,30.20408163265306,5
ulte,EYT_3,partition_1,all,V5_CRN_dir,2410,E|G|H|CRN_dir,,3.70664|0.0368244|0.0474436|3.24038e-07|0.0970842,,True,34,1099.6370735726998,0.9768453312926768,0.3818724794628064,0.2139603847577448,43.98340248962656,0.3885094874443489,0.3774499046498994,0.9217671923381788,30.61224489795918,5
ulte,EYT_3,partition_2,all,A_main,2410,E|G,,3.76231|0.0311663|0.136641,,True,12,1166.0277990542695,0.974355781973177,0.3999719239641535,0.2251843688412824,40.24896265560166,0.2931779782205644,0.3952743720338677,0.9574724049329316,24.081632653061227,5
ulte,EYT_3,partition_2,all,B_Hadamard,2410,E|G|H,,3.726|0.0358288|0.0438969|0.098943,,True,13,1095.8263916040426,0.9768478724491444,0.3802345870134734,0.2140722394703095,39.004149377593365,0.4101460028092852,0.3762610438182305,0.9131649001193274,27.755102040816325,5
ulte,EYT_3,partition_2,all,F_original,2410,E|G|H|C0|P0,,3.6858|0.0350122|0.0369689|0.0253164|0.0375784|0.0814726,,True,15,1055.1989656745366,0.9784587858638364,0.3670004007239794,0.2066213867774721,42.32365145228216,0.4741210536542858,0.3628064464349937,0.8798885939934042,33.46938775510204,5
ulte,EYT_3,partition_2,all,M_masks,2410,E|G|H|CSP|PSP|TSP,,3.70805|0.0358273|0.0438876|2.53284e-06|2.72863e-06|3.31227e-07|0.0989631,,True,37,1095.8271933170158,0.9768477559064556,0.380235535734651,0.2140727736007491,39.004149377593365,0.4101398226773591,0.3762620319721756,0.9131673042789166,27.755102040816325,5
ulte,EYT_3,partition_2,all,V1_spectral,2410,E|G|H|SEG|SGE_spec,,3.72737|0.0353921|0.0437969|0.526607|0.00143229|0.0990649,,True,25,1095.7027451829774,0.9768500288083668,0.3802218915479693,0.2140650919176554,39.41908713692946,0.4101713691335369,0.3762608893118602,0.9131890051539646,27.346938775510203,5
ulte,EYT_3,partition_2,all,V2_CGE,2410,E|G|H,CGE,3.72259|0.0358336|0.0438897|0.0989435,0.000516435,True,13,1095.8263929264997,0.9768477741646744,0.3802353839851162,0.2140726881656944,39.004149377593365,0.4101416769134065,0.3762618544801943,0.913166886149593,27.755102040816325,5
ulte,EYT_3,partition_2,all,V4_CRN,2410,E|G|H|CRN,,3.75412|0.0358317|0.0438579|2.84645e-06|0.0989585,,True,36,1095.8270230640865,0.9768474938328549,0.3802376866205971,0.2140739845504813,39.004149377593365,0.4101278130408382,0.3762642064792729,0.913172527538341,27.755102040816325,5
ulte,EYT_3,partition_2,all,V3_CGE_dir,2410,E|G|H,CGE_dir,3.66176|0.0385295|0.0406752|0.0994505,-4.72588,True,16,1095.3241290178892,0.976798119936754,0.3806397137711755,0.2143003260128091,38.58921161825726,0.4079666019528382,0.3766788789250762,0.9142020774934,27.346938775510203,5
ulte,EYT_3,partition_2,all,V5_CRN_dir,2410,E|G|H|CRN_dir,,3.72723|0.0358404|0.0438937|6.81987e-07|0.098961,,True,34,1095.826898696521,0.9768477347963666,0.3802357061519943,0.2140728695457883,39.004149377593365,0.4101397617828558,0.376262185755376,0.9131677003002155,27.755102040816325,5
ulte,EYT_3,partition_3,all,A_main,2410,E|G,,3.76369|0.0258702|0.140023,,True,16,1178.7824095309509,0.9743223294223684,0.4007321362477756,0.2256566049408629,45.22821576763486,0.2948980797771357,0.3956708992475624,0.9564190273988684,23.265306122448983,5
ulte,EYT_3,partition_3,all,B_Hadamard,2410,E|G|H,,3.76854|0.030647|0.0540015|0.0946222,,True,14,1086.4828694730245,0.976689892770758,0.3821192322236446,0.2151754771493584,48.54771784232365,0.4090714358809196,0.3776117657585368,0.9144517899897304,28.57142857142857,5
ulte,EYT_3,partition_3,all,F_original,2410,E|G|H|C0|P0,,3.67348|0.0356046|0.041032|0.0209936|0.0383212|0.0782257,,True,22,1034.8341293094263,0.9783357707083444,0.3685956969577781,0.2075602280119482,51.86721991701245,0.4715590888169535,0.3645015809237444,0.8832164545337925,31.02040816326531,5
ulte,EYT_3,partition_3,all,M_masks,2410,E|G|H|CSP|PSP|TSP,,3.76652|0.0306923|0.0538899|7.82527e-06|8.47737e-06|4.96942e-07|0.0946723,,True,35,1086.4849669773462,0.976689527383489,0.3821221132926693,0.2151770995105217,48.54771784232365,0.4090436964357905,0.3776150332145939,0.9144598279755932,28.57142857142857,5
ulte,EYT_3,partition_3,all,V1_spectral,2410,E|G|H|SEG|SGE_spec,,3.76587|0.0306486|0.0540012|0.591424|1.02984e-05|0.0946207,,True,31,1086.4841096144287,0.976689991192901,0.3821182710081626,0.2151749358785128,48.54771784232365,0.4090748643144691,0.377610956896875,0.914450243323668,28.57142857142857,5
ulte,EYT_3,partition_3,all,V2_CGE,2410,E|G|H,CGE,3.76659|0.0306465|0.054002|0.0946219,0.000112816,True,14,1086.4828687935094,0.9766898959165764,0.3821192056179582,0.2151754621674084,48.54771784232365,0.4090716109124461,0.3776117383363833,0.9144517243760546,28.57142857142857,5
ulte,EYT_3,partition_3,all,V4_CRN,2410,E|G|H|CRN,,3.7562|0.0306234|0.0540708|1.69875e-06|0.0945757,,True,33,1086.4834781989805,0.9766900203426828,0.3821182343716324,0.2151749152480859,48.54771784232365,0.4090869686838497,0.3776105802582206,0.9144491428496472,28.57142857142857,5
ulte,EYT_3,partition_3,all,V3_CGE_dir,2410,E|G|H,CGE_dir,3.05149|0.0277197|0.0523776|0.095159,-2.25882,True,23,1086.2834645147411,0.9767080072390416,0.3819593260801399,0.2150854322685302,48.96265560165975,0.4093614839264125,0.3774667449164533,0.9141064882169392,27.755102040816325,5
ulte,EYT_3,partition_3,all,V5_CRN_dir,2410,E|G|H|CRN_dir,,3.73909|0.0306078|0.0539166|3.44014e-07|0.094691,,True,33,1086.4832885735448,0.9766901376221948,0.3821170373385172,0.2151742411857776,48.54771784232365,0.4090627411708233,0.3776099289528242,0.9144469163883608,28.57142857142857,5
ulte,EYT_3,partition_4,all,A_main,2410,E|G,,3.78806|0.0397882|0.144776,,True,16,1251.8057110629754,0.9759900395126307,0.3855642362768381,0.2183293139873479,42.738589211618255,0.2938367414600376,0.3815966894401289,0.9596625189942593,25.306122448979597,5
ulte,EYT_3,partition_4,all,B_Hadamard,2410,E|G|H,,3.78933|0.046218|0.0428071|0.107687,,True,13,1193.4425454175291,0.9784712814321308,0.3652321072492331,0.2068160579204342,46.47302904564315,0.4145028930399997,0.3622589813123748,0.9136559402911726,33.46938775510204,5
ulte,EYT_3,partition_4,all,F_original,2410,E|G|H|C0|P0,,3.69519|0.0461287|0.0285074|0.0399349|0.0405165|0.0849531,,True,18,1108.8677801829672,0.9791674657160024,0.3591038697715029,0.2033458867827156,48.54771784232365,0.4600979115100811,0.3558647657873249,0.8970617796276604,37.55102040816327,5
ulte,EYT_3,partition_4,all,M_masks,2410,E|G|H|CSP|PSP|TSP,,3.78812|0.0462219|0.0428164|9.67484e-07|1.06409e-06|8.36858e-07|0.107683,,True,27,1193.4432161301409,0.9784712863974012,0.3652320719070894,0.2068160379076185,46.47302904564315,0.4145062307477171,0.3622589646898866,0.9136560586114404,33.46938775510204,5
ulte,EYT_3,partition_4,all,V1_spectral,2410,E|G|H|SEG|SGE_spec,,3.78349|0.0458234|0.0427733|0.541846|0.0020504|0.107742,,True,23,1193.2740799530895,0.978474702764408,0.3652047717165348,0.2068005789222804,46.47302904564315,0.4146957869153769,0.3622291106112283,0.9135707224257292,32.6530612244898,5
ulte,EYT_3,partition_4,all,V2_CGE,2410,E|G|H,CGE,3.78965|0.0462187|0.042807|0.107687,0.000317877,True,13,1193.4425453667754,0.9784712704637818,0.3652322011053076,0.2068161110673042,46.47302904564315,0.4145025826479828,0.3622590746759099,0.9136561791323624,33.46938775510204,5
ulte,EYT_3,partition_4,all,V4_CRN,2410,E|G|H|CRN,,3.81199|0.046322|0.0427999|1.0195e-06|0.107726,,True,31,1193.4428647282275,0.9784698751402146,0.3652440976187605,0.2068228475780504,46.47302904564315,0.4144592748114837,0.3622708741035866,0.9136861245129396,33.46938775510204,5
ulte,EYT_3,partition_4,all,V3_CGE_dir,2410,E|G|H,CGE_dir,2.63764|0.0495403|0.0445736|0.106549,-2.95054,True,20,1193.1616292023743,0.9784346743734104,0.3655436852692237,0.2069924918553214,46.47302904564315,0.4142219362651744,0.3625724935802598,0.91449227923835,33.87755102040816,5
ulte,EYT_3,partition_4,all,V5_CRN_dir,2410,E|G|H|CRN_dir,,3.79508|0.0462184|0.0427964|5.09934e-07|0.107673,,True,29,1193.4429743648257,0.9784711477940043,0.365233254756665,0.2068167077071282,46.47302904564315,0.414498031288521,0.3622601141602297,0.9136587736549888,33.46938775510204,5
ulte,EYT_3,partition_5,all,A_main,2410,E|G,,3.7497|0.0353568|0.13307,,True,11,1145.781672555535,0.973821118734018,0.4041249022557101,0.2273302965310627,42.738589211618255,0.250279750257411,0.3991333467256631,0.9733115735999208,23.26530612244898,5
ulte,EYT_3,partition_5,all,B_Hadamard,2410,E|G|H,,3.76366|0.0425103|0.0499597|0.0917475,,True,14,1069.666332208195,0.976363062977948,0.3842265622267441,0.2161369859629392,44.81327800829875,0.38227424182208,0.3799085665998897,0.9280645684101108,28.97959183673469,5
ulte,EYT_3,partition_5,all,F_original,2410,E|G|H|C0|P0,,3.71085|0.0443764|0.0384034|0.0319902|0.0259226|0.0762186,,True,15,1015.059689343742,0.9780615567079406,0.3704646373361728,0.2083955613470608,46.88796680497925,0.4507267779238503,0.3666246919200878,0.8968680350144037,37.55102040816327,5
ulte,EYT_3,partition_5,all,M_masks,2410,E|G|H|CSP|PSP|TSP,,3.75344|0.0426052|0.0499656|3.58203e-06|3.75393e-06|3.17287e-07|0.091723,,True,28,1069.669187954667,0.9763620132289972,0.384235074865474,0.2161417745336903,44.81327800829875,0.3822603168971122,0.3799170996053059,0.9280860578839124,28.97959183673469,5
ulte,EYT_3,partition_5,all,V1_spectral,2410,E|G|H|SEG|SGE_spec,,3.76658|0.0424362|0.049921|0.528382|2.41885e-05|0.0917807,,True,29,1069.6670196422956,0.9763640899447772,0.384218064844503,0.216132205974342,44.81327800829875,0.3822840769402102,0.3798996676411564,0.928041246449881,28.97959183673469,5
ulte,EYT_3,partition_5,all,V2_CGE,2410,E|G|H,CGE,3.76211|0.0425113|0.04996|0.0917475,-0.000502063,True,14,1069.66633216973,0.9763630541749884,0.3842266331638594,0.2161370258668287,44.81327800829875,0.3822741726215729,0.3799086379765221,0.92806474948157,28.97959183673469,5
ulte,EYT_3,partition_5,all,V4_CRN,2410,E|G|H|CRN,,3.76013|0.0425142|0.0499553|3.85221e-06|0.0917547,,True,37,1069.6670876507717,0.9763630345440186,0.3842267845855903,0.2161371110453138,44.81327800829875,0.3822715706635312,0.3799087704197159,0.928065019608962,28.97959183673469,5
ulte,EYT_3,partition_5,all,V3_CGE_dir,2410,E|G|H,CGE_dir,2.13742|0.0452721|0.0464305|0.0929109,-6.714,True,24,1069.0629264270306,0.9763328189523244,0.3844536078914444,0.2162647047894562,44.398340248962654,0.3810234363435126,0.3801104059734206,0.928501543329503,28.9795918367347,5
ulte,EYT_3,partition_5,all,V5_CRN_dir,2410,E|G|H|CRN_dir,,3.75962|0.0425209|0.0499775|1.02371e-06|0.0917386,,True,33,1069.667140817157,0.9763629867740258,0.3842271992043516,0.2161373442786668,44.81327800829875,0.3822795999186802,0.3799092123262776,0.9280662810228096,28.97959183673469,5
