"Line","Hybrid_Name","Env","DTHD","DTMT","GY","Height"
"GID7305339","GID7305339","Bed2IR",80,114,3.647078633,75
"GID7305341","GID7305341","Bed2IR",81,115,3.543745299,69
"GID7305349","GID7305349","Bed2IR",84,117,3.710411966,80
"GID7305427","GID7305427","Bed2IR",79,113,3.837078633,82
"GID7305649","GID7305649","Bed2IR",83,116,3.567078633,78
"GID7305677","GID7305677","Bed2IR",86,121,3.487004928,80
"GID7305682","GID7305682","Bed2IR",82,117,3.864320647,80
"GID7305695","GID7305695","Bed2IR",81,114,3.71765398,86
"GID7305714","GID7305714","Bed2IR",80,113,4.133716641,75
"GID7305743","GID7305743","Bed2IR",80,112,3.923716641,85
"GID7305802","GID7305802","Bed2IR",84,115,3.763745299,79
"GID7305805","GID7305805","Bed2IR",91,119,3.063745299,70
"GID7305827","GID7305827","Bed2IR",90,119,3.903733029,65
"GID7305834","GID7305834","Bed2IR",75,113,4.233733029,80
"GID7305837","GID7305837","Bed2IR",86,119,3.660399696,80
"GID7305872","GID7305872","Bed2IR",80,113,4.081003701,85
"GID7305877","GID7305877","Bed2IR",78,111,4.111003701,75
"GID7305879","GID7305879","Bed2IR",78,113,4.324337035,74
"GID7305883","GID7305883","Bed2IR",85,118,3.881003701,76
"GID7305888","GID7305888","Bed2IR",81,111,3.793581503,75
"GID7305906","GID7305906","Bed2IR",86,119,3.636914836,77
"GID7305909","GID7305909","Bed2IR",81,113,3.890248169,67
"GID7305910","GID7305910","Bed2IR",85,118,3.243581503,71
"GID7305960","GID7305960","Bed2IR",85,116,3.837078633,75
"GID7310423","GID7310423","Bed2IR",84,117,3.721894372,77
"GID7310428","GID7310428","Bed2IR",85,118,3.741894372,80
"GID7310430","GID7310430","Bed2IR",84,117,3.701894372,77
"GID7310511","GID7310511","Bed2IR",84,118,3.990094625,68
"GID7310597","GID7310597","Bed2IR",85,118,3.790094625,71
"GID7310601","GID7310601","Bed2IR",85,119,3.813427958,75
"GID7310605","GID7310605","Bed2IR",85,118,3.840094625,80
"GID7310606","GID7310606","Bed2IR",86,119,3.663427958,75
"GID7310612","GID7310612","Bed2IR",82,117,4.033427958,74
"GID7310617","GID7310617","Bed2IR",84,118,3.766761292,70
"GID7310628","GID7310628","Bed2IR",81,114,4.046761292,80
"GID7310629","GID7310629","Bed2IR",84,117,3.776761292,70
"GID7310635","GID7310635","Bed2IR",82,115,3.910094625,75
"GID7310669","GID7310669","Bed2IR",83,117,3.783427958,66
"GID7310700","GID7310700","Bed2IR",83,116,3.856761292,70
"GID7310704","GID7310704","Bed2IR",81,114,3.940094625,70
"GID7310720","GID7310720","Bed2IR",80,113,4.086761292,74
"GID7310723","GID7310723","Bed2IR",80,114,4.010094625,70
"GID7310745","GID7310745","Bed2IR",82,113,3.967664233,70
"GID7310770","GID7310770","Bed2IR",82,114,3.750997566,71
"GID7310771","GID7310771","Bed2IR",83,113,3.814330899,69
"GID7310774","GID7310774","Bed2IR",83,112,3.690997566,68
"GID7310775","GID7310775","Bed2IR",83,114,3.817664233,65
"GID7310785","GID7310785","Bed2IR",80,112,4.104330899,80
"GID7310788","GID7310788","Bed2IR",86,119,3.730997566,65
"GID7310789","GID7310789","Bed2IR",83,118,3.727664233,72
"GID7310794","GID7310794","Bed2IR",85,120,3.790997566,69
"GID7310795","GID7310795","Bed2IR",84,117,3.820997566,70
"GID7310797","GID7310797","Bed2IR",74,109,3.727664233,75
"GID7310799","GID7310799","Bed2IR",84,116,3.727664233,70
"GID7310804","GID7310804","Bed2IR",77,110,3.874330899,75
"GID7310806","GID7310806","Bed2IR",86,120,3.284330899,60
"GID7310807","GID7310807","Bed2IR",80,113,3.827664233,65
"GID7310808","GID7310808","Bed2IR",87,121,3.104330899,60
"GID7310835","GID7310835","Bed2IR",81,114,4.157664233,75
"GID7310856","GID7310856","Bed2IR",82,117,3.520997566,68
"GID7310862","GID7310862","Bed2IR",82,116,3.934330899,80
"GID7310872","GID7310872","Bed2IR",84,118,3.877664233,65
"GID7310893","GID7310893","Bed2IR",83,116,3.870997566,85
"GID7310894","GID7310894","Bed2IR",78,114,4.247664233,85
"GID7310902","GID7310902","Bed2IR",86,118,3.634330899,68
"GID7310905","GID7310905","Bed2IR",81,116,4.058528263,78
"GID7310906","GID7310906","Bed2IR",82,117,3.738528263,80
"GID7310918","GID7310918","Bed2IR",79,113,3.768528263,79
"GID7310930","GID7310930","Bed2IR",91,120,3.428528263,70
"GID7310936","GID7310936","Bed2IR",87,119,3.278528263,70
"GID7310946","GID7310946","Bed2IR",83,118,4.001861596,80
"GID7310972","GID7310972","Bed2IR",85,118,3.535194929,80
"GID7310981","GID7310981","Bed2IR",85,119,3.731861596,70
"GID7311017","GID7311017","Bed2IR",82,118,3.839380022,75
"GID7311040","GID7311040","Bed2IR",76,107,3.855194929,82
"GID7311059","GID7311059","Bed2IR",78,110,3.138528263,81
"GID7311068","GID7311068","Bed2IR",86,118,3.261861596,70
"GID7311077","GID7311077","Bed2IR",87,119,3.241861596,66
"GID7311085","GID7311085","Bed2IR",88,121,3.408528263,70
"GID7311105","GID7311105","Bed2IR",77,111,3.988528263,80
"GID7311109","GID7311109","Bed2IR",86,118,3.791861596,69
"GID7311113","GID7311113","Bed2IR",84,117,3.605194929,72
"GID7311118","GID7311118","Bed2IR",82,118,3.675194929,80
"GID7311132","GID7311132","Bed2IR",78,116,3.705194929,78
"GID7311134","GID7311134","Bed2IR",80,116,4.248528263,75
"GID7311137","GID7311137","Bed2IR",86,117,3.355194929,69
"GID7311140","GID7311140","Bed2IR",81,116,3.911861596,84
"GID7311152","GID7311152","Bed2IR",81,117,3.567428749,79
"GID7311160","GID7311160","Bed2IR",83,116,3.364095416,79
"GID7311174","GID7311174","Bed2IR",82,117,3.720762083,80
"GID7311193","GID7311193","Bed2IR",81,116,3.464095416,80
"GID7311200","GID7311200","Bed2IR",83,118,3.617428749,81
"GID7311249","GID7311249","Bed2IR",83,118,3.344095416,72
"GID7311300","GID7311300","Bed2IR",79,113,3.734095416,77
"GID7311326","GID7311326","Bed2IR",81,117,3.650762083,85
"GID7311365","GID7311365","Bed2IR",86,118,3.464134327,69
"GID7311374","GID7311374","Bed2IR",84,116,3.450800994,79
"GID7311391","GID7311391","Bed2IR",88,119,2.960800994,69
"GID7311407","GID7311407","Bed2IR",86,118,3.420800994,80
"GID7311417","GID7311417","Bed2IR",88,119,2.900800994,70
"GID7311425","GID7311425","Bed2IR",85,119,3.400800994,75
"GID7311435","GID7311435","Bed2IR",86,117,3.354134327,70
"GID7311448","GID7311448","Bed2IR",85,118,3.12746766,76
"GID7311460","GID7311460","Bed2IR",86,119,3.404134327,79
"GID7311467","GID7311467","Bed2IR",80,114,3.580800994,84
"GID7311468","GID7311468","Bed2IR",88,122,2.969678957,76
"GID7311470","GID7311470","Bed2IR",87,119,3.309678957,74
"GID7311478","GID7311478","Bed2IR",83,118,3.276345624,83
"GID7311481","GID7311481","Bed2IR",81,116,3.709678957,80
"GID7311520","GID7311520","Bed2IR",83,117,3.463012291,83
"GID7311526","GID7311526","Bed2IR",84,117,3.233012291,85
"GID7311536","GID7311536","Bed2IR",81,117,3.94077847,85
"GID7311541","GID7311541","Bed2IR",82,114,3.777445137,77
"GID7311544","GID7311544","Bed2IR",82,116,3.934111804,80
"GID7311551","GID7311551","Bed2IR",86,118,3.644111804,80
"GID7311555","GID7311555","Bed2IR",80,113,4.167445137,85
"GID7311557","GID7311557","Bed2IR",86,117,3.987445137,87
"GID7311560","GID7311560","Bed2IR",87,120,3.60077847,72
"GID7311566","GID7311566","Bed2IR",82,116,3.807445137,85
"GID7311568","GID7311568","Bed2IR",85,118,3.82077847,79
"GID7311612","GID7311612","Bed2IR",82,116,3.524111804,71
"GID7311884","GID7311884","Bed2IR",81,114,3.890586015,79
"GID7311886","GID7311886","Bed2IR",82,115,3.703919349,75
"GID7311891","GID7311891","Bed2IR",82,117,3.507252682,73
"GID7311894","GID7311894","Bed2IR",80,113,3.880586015,76
"GID7311895","GID7311895","Bed2IR",81,114,3.870586015,80
"GID7311938","GID7311938","Bed2IR",83,117,3.914562265,74
"GID7311967","GID7311967","Bed2IR",83,113,3.714562265,71
"GID7311977","GID7311977","Bed2IR",82,117,3.517895599,75
"GID7312045","GID7312045","Bed2IR",84,120,2.450315739,81
"GID7312066","GID7312066","Bed2IR",83,119,3.996982405,85
"GID7312069","GID7312069","Bed2IR",82,119,3.780315739,77
"GID7312071","GID7312071","Bed2IR",82,120,3.670315739,80
"GID7312074","GID7312074","Bed2IR",82,118,3.600315739,80
"GID7312079","GID7312079","Bed2IR",85,121,3.76047623874298,85
"GID7312081","GID7312081","Bed2IR",87,120,3.733649072,84
"GID7312082","GID7312082","Bed2IR",84,119,2.486982405,82
"GID7312083","GID7312083","Bed2IR",82,118,3.060315739,80
"GID7312084","GID7312084","Bed2IR",85,119,2.866982405,86
"GID7312085","GID7312085","Bed2IR",87,120,2.993649072,80
"GID7312086","GID7312086","Bed2IR",85,118,3.373649072,80
"GID7312119","GID7312119","Bed2IR",84,119,2.699380022,85
"GID7312122","GID7312122","Bed2IR",84,118,3.262713355,75
"GID7312215","GID7312215","Bed2IR",84,117,3.756046689,76
"GID7312223","GID7312223","Bed2IR",78,113,3.892713355,75
"GID7312242","GID7312242","Bed2IR",83,117,3.902713355,76
"GID7312262","GID7312262","Bed2IR",81,114,3.379380022,75
"GID7312313","GID7312313","Bed2IR",84,115,3.897070479,74
"GID7312319","GID7312319","Bed2IR",84,118,3.763737146,68
"GID7312360","GID7312360","Bed2IR",85,118,3.720403813,79
"GID7312376","GID7312376","Bed2IR",85,117,3.787070479,71
"GID7312378","GID7312378","Bed2IR",84,114,3.863737146,75
"GID7312386","GID7312386","Bed2IR",81,113,3.860403813,77
"GID7312388","GID7312388","Bed2IR",85,119,3.333737146,74
"GID7312394","GID7312394","Bed2IR",85,114,3.673737146,68
"GID7312398","GID7312398","Bed2IR",79,114,4.083737146,75
"GID7312402","GID7312402","Bed2IR",85,118,3.840403813,82
"GID7312410","GID7312410","Bed2IR",84,117,3.877070479,76
"GID7312413","GID7312413","Bed2IR",85,116,4.093737146,80
"GID7312429","GID7312429","Bed2IR",85,118,3.507070479,71
"GID7312439","GID7312439","Bed2IR",82,118,3.993737146,75
"GID7312451","GID7312451","Bed2IR",88,119,3.120403813,64
"GID7312452","GID7312452","Bed2IR",86,118,3.180403813,66
"GID7312454","GID7312454","Bed2IR",90,119,3.517070479,65
"GID7312455","GID7312455","Bed2IR",90,120,3.153737146,66
"GID7312456","GID7312456","Bed2IR",86,116,3.250403813,66
"GID7312470","GID7312470","Bed2IR",85,116,3.573427958,64
"GID7312477","GID7312477","Bed2IR",82,116,4.056761292,72
"GID7312482","GID7312482","Bed2IR",80,114,3.633427958,71
"GID7312485","GID7312485","Bed2IR",77,110,3.980094625,73
"GID7312499","GID7312499","Bed2IR",82,118,3.936761292,74
"GID7312523","GID7312523","Bed2IR",80,114,4.366761292,77
"GID7312527","GID7312527","Bed2IR",80,114,3.930094625,80
"GID7312539","GID7312539","Bed2IR",81,116,3.906761292,73
"GID7312620","GID7312620","Bed2IR",81,113,3.853247774,75
"GID7312652","GID7312652","Bed2IR",82,117,3.793247774,76
"GID7312655","GID7312655","Bed2IR",88,120,3.633247774,75
"GID7312659","GID7312659","Bed2IR",84,117,3.716581107,70
"GID7312670","GID7312670","Bed2IR",85,118,3.373247774,71
"GID7312704","GID7312704","Bed2IR",85,118,3.94991444,75
"GID7312736","GID7312736","Bed2IR",79,114,3.894758838,80
"GID7312923","GID7312923","Bed2IR",87,119,3.538092171,74
"GID7312934","GID7312934","Bed2IR",80,114,4.198092171,77
"GID7312960","GID7312960","Bed2IR",83,116,3.688092171,74
"GID7312961","GID7312961","Bed2IR",80,114,4.014758838,73
"GID7313013","GID7313013","Bed2IR",90,120,3.626366129,70
"GID7313018","GID7313018","Bed2IR",88,119,3.126366129,72
"GID7313019","GID7313019","Bed2IR",84,118,3.199699462,71
"GID7313022","GID7313022","Bed2IR",85,117,3.843032796,76
"GID7313023","GID7313023","Bed2IR",86,118,3.763032796,78
"GID7313025","GID7313025","Bed2IR",85,118,3.249699462,77
"GID7313026","GID7313026","Bed2IR",87,118,3.836366129,68
"GID7313027","GID7313027","Bed2IR",88,118,3.729699462,77
"GID7313028","GID7313028","Bed2IR",87,119,3.863032796,67
"GID7313031","GID7313031","Bed2IR",85,118,3.763032796,74
"GID7313040","GID7313040","Bed2IR",86,118,3.781007818,76
"GID7313048","GID7313048","Bed2IR",79,114,4.171007818,77
"GID7313053","GID7313053","Bed2IR",83,118,3.597674485,70
"GID7313112","GID7313112","Bed2IR",80,114,4.121007818,79
"GID7313113","GID7313113","Bed2IR",83,116,3.747674485,75
"GID7313139","GID7313139","Bed2IR",90,120,3.214341152,66
"GID7313157","GID7313157","Bed2IR",86,118,3.761007818,70
"GID7313172","GID7313172","Bed2IR",81,113,3.974341152,80
"GID7313230","GID7313230","Bed2IR",86,118,3.330219511,75
"GID7313245","GID7313245","Bed2IR",86,119,3.720219511,72
"GID7313264","GID7313264","Bed2IR",90,120,3.423552844,75
"GID7313292","GID7313292","Bed2IR",90,119,3.440219511,68
"GID7313297","GID7313297","Bed2IR",85,118,3.553552844,66
"GID7313298","GID7313298","Bed2IR",86,118,3.653552844,68
"GID7313302","GID7313302","Bed2IR",85,118,3.520219511,65
"GID7313312","GID7313312","Bed2IR",90,120,3.610219511,64
"GID7313314","GID7313314","Bed2IR",89,120,3.260219511,63
"GID7313315","GID7313315","Bed2IR",87,119,3.370219511,68
"GID7313318","GID7313318","Bed2IR",86,118,3.680219511,72
"GID7313327","GID7313327","Bed2IR",83,116,3.683552844,80
"GID7313341","GID7313341","Bed2IR",87,120,3.220219511,72
"GID7313358","GID7313358","Bed2IR",83,115,3.710219511,78
"GID7313375","GID7313375","Bed2IR",82,114,3.526841131,75
"GID7313377","GID7313377","Bed2IR",90,120,3.406841131,73
"GID7313385","GID7313385","Bed2IR",88,119,3.600174465,77
"GID7313386","GID7313386","Bed2IR",87,118,3.420174465,72
"GID7313390","GID7313390","Bed2IR",85,119,4.123507798,78
"GID7313392","GID7313392","Bed2IR",85,118,3.973507798,77
"GID7313393","GID7313393","Bed2IR",85,116,3.543507798,80
"GID7313395","GID7313395","Bed2IR",86,119,3.466841131,74
"GID7313406","GID7313406","Bed2IR",84,118,3.470174465,77
"GID7313459","GID7313459","Bed2IR",86,118,3.598477081,74
"GID7313462","GID7313462","Bed2IR",83,117,3.538477081,77
"GID7313466","GID7313466","Bed2IR",88,120,3.458477081,77
"GID7313467","GID7313467","Bed2IR",87,118,3.808477081,82
"GID7313470","GID7313470","Bed2IR",82,117,3.561810415,74
"GID7313509","GID7313509","Bed2IR",82,117,3.945143748,77
"GID7313525","GID7313525","Bed2IR",80,116,3.851810415,85
"GID7313526","GID7313526","Bed2IR",83,118,3.491810415,77
"GID7313552","GID7313552","Bed2IR",84,118,3.59999428,76
"GID7313592","GID7313592","Bed2IR",82,117,3.853327614,79
"GID7313608","GID7313608","Bed2IR",79,111,4.263327614,73
"GID7313634","GID7313634","Bed2IR",81,116,3.70999428,77
"GID7313663","GID7313663","Bed2IR",80,115,3.616660947,76
"GID7313675","GID7313675","Bed2IR",80,116,3.686660947,78
"GID7313678","GID7313678","Bed2IR",81,116,3.776660947,79
"GID7313679","GID7313679","Bed2IR",83,118,3.523327614,76
"GID7313680","GID7313680","Bed2IR",83,117,3.706660947,75
"GID7313682","GID7313682","Bed2IR",84,118,3.323327614,77
"GID7313692","GID7313692","Bed2IR",79,114,3.436660947,76
"GID7313697","GID7313697","Bed2IR",81,115,3.576660947,73
"GID7313708","GID7313708","Bed2IR",84,118,3.876660947,83
"GID7313713","GID7313713","Bed2IR",78,114,3.975143748,84
"GID7313716","GID7313716","Bed2IR",85,118,3.378477081,87
"GID7313754","GID7313754","Bed2IR",81,113,3.651810415,78
"GID7313767","GID7313767","Bed2IR",81,116,4.303507798,75
"GID7313770","GID7313770","Bed2IR",80,115,4.303507798,76
"GID7313784","GID7313784","Bed2IR",85,118,3.486841131,77
"GID7313804","GID7313804","Bed2IR",86,118,3.483507798,75
"GID7313806","GID7313806","Bed2IR",83,114,4.083507798,72
"GID7313811","GID7313811","Bed2IR",81,113,3.483507798,75
"GID7313888","GID7313888","Bed2IR",90,122,3.748104442,79
"GID7314091","GID7314091","Bed2IR",83,116,3.987066362,80
"GID7314436","GID7314436","Bed2IR",88,118,3.456886178,73
"GID7314450","GID7314450","Bed2IR",90,121,3.537664233,70
"GID7395684","GID7395684","Bed2IR",83,118,3.864771108,70
"GID7395692","GID7395692","Bed2IR",85,118,3.408104442,74
"GID7395694","GID7395694","Bed2IR",85,119,3.988104442,74
"GID7395778","GID7395778","Bed2IR",83,118,3.958104442,77
"GID7395817","GID7395817","Bed2IR",82,118,3.811437775,75
"GID7395818","GID7395818","Bed2IR",80,118,3.594771108,74
"GID7395822","GID7395822","Bed2IR",79,113,4.018104442,80
"GID7395864","GID7395864","Bed2IR",90,121,3.431437775,77
"GID7395895","GID7395895","Bed2IR",81,114,3.984771108,74
"GID7395899","GID7395899","Bed2IR",80,114,4.034771108,83
"GID7395900","GID7395900","Bed2IR",88,118,3.381437775,69
"GID7395904","GID7395904","Bed2IR",83,117,2.838104442,76
"GID7395907","GID7395907","Bed2IR",74,105,3.831437775,75
"GID7395914","GID7395914","Bed2IR",89,119,3.254771108,66
"GID7395915","GID7395915","Bed2IR",76,107,3.854771108,69
"GID7395926","GID7395926","Bed2IR",81,112,4.134771108,67
"GID7395927","GID7395927","Bed2IR",84,118,3.278104442,63
"GID7395964","GID7395964","Bed2IR",82,116,3.498104442,79
"GID7395966","GID7395966","Bed2IR",82,115,3.598104442,72
"GID7395976","GID7395976","Bed2IR",84,118,3.470997566,70
"GID7396029","GID7396029","Bed2IR",82,118,2.810997566,70
"GID7396039","GID7396039","Bed2IR",83,116,4.000997566,68
"GID7396051","GID7396051","Bed2IR",79,115,3.820997566,76
"GID7396072","GID7396072","Bed2IR",84,118,3.824330899,80
"GID7396083","GID7396083","Bed2IR",78,114,3.947664233,80
"GID7396104","GID7396104","Bed2IR",79,114,3.920997566,81
"GID7396125","GID7396125","Bed2IR",85,120,3.664330899,75
"GID7396126","GID7396126","Bed2IR",78,114,3.687664233,74
"GID7396133","GID7396133","Bed2IR",83,117,3.577664233,75
"GID7396136","GID7396136","Bed2IR",84,118,3.677664233,78
"GID7396139","GID7396139","Bed2IR",83,117,2.777664233,85
"GID7396142","GID7396142","Bed2IR",82,118,3.550997566,81
"GID7396151","GID7396151","Bed2IR",83,118,3.671296501,80
"GID7396153","GID7396153","Bed2IR",83,118,3.921296501,77
"GID7396155","GID7396155","Bed2IR",82,118,3.797963168,85
"GID7396161","GID7396161","Bed2IR",85,118,3.671296501,70
"GID7396167","GID7396167","Bed2IR",84,116,3.437963168,67
"GID7396170","GID7396170","Bed2IR",82,115,3.754629834,74
"GID7396171","GID7396171","Bed2IR",83,118,2.851296501,70
"GID7396172","GID7396172","Bed2IR",76,112,4.097963168,82
"GID7396173","GID7396173","Bed2IR",78,116,3.847963168,73
"GID7396176","GID7396176","Bed2IR",82,117,3.844629834,80
"GID7396184","GID7396184","Bed2IR",80,115,3.711296501,79
"GID7396194","GID7396194","Bed2IR",81,115,4.051296501,83
"GID7396195","GID7396195","Bed2IR",86,120,3.351296501,74
"GID7396196","GID7396196","Bed2IR",87,119,3.634629834,81
"GID7396203","GID7396203","Bed2IR",86,118,3.874629834,85
"GID7396204","GID7396204","Bed2IR",85,118,3.851296501,80
"GID7396207","GID7396207","Bed2IR",80,112,3.884629834,80
"GID7396208","GID7396208","Bed2IR",79,112,3.927963168,80
"GID7396209","GID7396209","Bed2IR",79,111,4.157963168,80
"GID7396227","GID7396227","Bed2IR",82,114,3.791296501,75
"GID7396228","GID7396228","Bed2IR",85,117,3.974629834,70
"GID7396232","GID7396232","Bed2IR",84,117,3.831296501,74
"GID7396235","GID7396235","Bed2IR",86,118,3.694629834,75
"GID7396236","GID7396236","Bed2IR",85,118,4.001296501,75
"GID7396237","GID7396237","Bed2IR",83,117,3.994629834,75
"GID7396241","GID7396241","Bed2IR",83,118,3.671296501,76
"GID7396243","GID7396243","Bed2IR",85,120,3.941894372,84
"GID7396244","GID7396244","Bed2IR",84,119,4.211894372,82
"GID7396248","GID7396248","Bed2IR",86,119,3.525227705,74
"GID7396257","GID7396257","Bed2IR",81,116,3.991894372,77
"GID7396274","GID7396274","Bed2IR",82,117,3.811894372,76
"GID7396283","GID7396283","Bed2IR",81,115,3.431894372,73
"GID7396297","GID7396297","Bed2IR",83,117,3.411894372,78
"GID7396325","GID7396325","Bed2IR",86,119,3.525227705,68
"GID7396327","GID7396327","Bed2IR",82,117,3.938561038,80
"GID7396338","GID7396338","Bed2IR",86,119,3.891894372,75
"GID7396355","GID7396355","Bed2IR",82,118,3.725227705,70
"GID7396370","GID7396370","Bed2IR",85,119,3.718561038,74
"GID7396375","GID7396375","Bed2IR",85,118,3.735227705,75
"GID7396416","GID7396416","Bed2IR",82,116,3.581894372,76
"GID7396461","GID7396461","Bed2IR",83,117,3.778561038,79
"GID7396477","GID7396477","Bed2IR",80,114,3.981894372,80
"GID7396478","GID7396478","Bed2IR",85,117,3.411894372,75
"GID7396482","GID7396482","Bed2IR",82,116,3.921894372,70
"GID7396535","GID7396535","Bed2IR",83,117,3.575227705,74
"GID7396538","GID7396538","Bed2IR",85,117,3.828561038,66
"GID7396540","GID7396540","Bed2IR",83,118,3.596761292,84
"GID7396549","GID7396549","Bed2IR",81,116,3.580094625,75
"GID7396550","GID7396550","Bed2IR",82,117,3.813427958,80
"GID7396555","GID7396555","Bed2IR",78,114,3.900094625,79
"GID7396560","GID7396560","Bed2IR",85,118,3.553427958,74
"GID7396566","GID7396566","Bed2IR",81,114,3.730094625,79
"GID7396709","GID7396709","Bed2IR",82,114,3.973427958,77
"GID7396738","GID7396738","Bed2IR",81,114,3.967664233,70
"GID7396745","GID7396745","Bed2IR",85,118,3.370997566,65
"GID7396747","GID7396747","Bed2IR",85,116,3.570997566,66
"GID7396762","GID7396762","Bed2IR",82,115,3.164330899,68
"GID7396825","GID7396825","Bed2IR",81,116,4.231861596,84
"GID7396856","GID7396856","Bed2IR",75,106,4.048528263,80
"GID7396863","GID7396863","Bed2IR",80,114,3.125194929,78
"GID7396892","GID7396892","Bed2IR",85,118,3.411861596,85
"GID7396931","GID7396931","Bed2IR",80,117,3.545194929,70
"GID7396942","GID7396942","Bed2IR",85,118,4.131861596,73
"GID7396957","GID7396957","Bed2IR",83,118,3.354095416,80
"GID7396982","GID7396982","Bed2IR",82,114,3.617428749,89
"GID7396999","GID7396999","Bed2IR",85,119,3.344095416,79
"GID7397010","GID7397010","Bed2IR",83,118,3.577428749,84
"GID7397011","GID7397011","Bed2IR",80,114,3.714095416,83
"GID7397016","GID7397016","Bed2IR",79,114,4.010762083,82
"GID7397021","GID7397021","Bed2IR",85,117,3.664095416,84
"GID7397023","GID7397023","Bed2IR",82,118,3.774095416,84
"GID7397025","GID7397025","Bed2IR",84,118,3.700762083,74
"GID7397035","GID7397035","Bed2IR",83,117,3.600762083,80
"GID7397045","GID7397045","Bed2IR",83,118,3.397428749,81
"GID7397065","GID7397065","Bed2IR",85,117,3.044095416,70
"GID7397073","GID7397073","Bed2IR",77,114,3.884095416,86
"GID7397094","GID7397094","Bed2IR",85,118,3.570762083,74
"GID7397107","GID7397107","Bed2IR",81,116,3.690762083,83
"GID7397162","GID7397162","Bed2IR",77,113,3.894095416,85
"GID7397167","GID7397167","Bed2IR",83,118,3.590762083,77
"GID7397183","GID7397183","Bed2IR",83,118,3.500762083,85
"GID7397189","GID7397189","Bed2IR",85,117,2.664134327,80
"GID7397190","GID7397190","Bed2IR",85,118,2.970800994,84
"GID7397194","GID7397194","Bed2IR",86,117,3.214134327,80
"GID7397195","GID7397195","Bed2IR",83,117,3.870800994,77
"GID7397210","GID7397210","Bed2IR",81,117,3.980800994,80
"GID7397234","GID7397234","Bed2IR",78,112,3.774134327,86
"GID7397245","GID7397245","Bed2IR",83,118,3.434134327,84
"GID7397281","GID7397281","Bed2IR",80,116,3.740800994,77
"GID7397287","GID7397287","Bed2IR",82,118,3.660800994,73
"GID7397341","GID7397341","Bed2IR",79,116,3.36746766,70
"GID7397361","GID7397361","Bed2IR",82,117,3.914134327,75
"GID7397362","GID7397362","Bed2IR",82,118,3.34746766,75
"GID7397363","GID7397363","Bed2IR",83,118,3.320800994,79
"GID7397372","GID7397372","Bed2IR",82,116,3.81746766,80
"GID7397373","GID7397373","Bed2IR",85,120,3.39746766,79
"GID7397431","GID7397431","Bed2IR",83,117,2.836345624,80
"GID7397442","GID7397442","Bed2IR",77,114,4.113012291,81
"GID7397493","GID7397493","Bed2IR",82,117,3.709678957,79
"GID7397500","GID7397500","Bed2IR",80,114,3.663012291,85
"GID7397501","GID7397501","Bed2IR",76,111,3.623012291,80
"GID7397504","GID7397504","Bed2IR",82,115,3.589678957,76
"GID7397510","GID7397510","Bed2IR",82,116,3.469678957,72
"GID7397516","GID7397516","Bed2IR",80,115,3.509678957,80
"GID7397520","GID7397520","Bed2IR",77,113,3.679678957,76
"GID7397531","GID7397531","Bed2IR",82,117,3.786345624,75
"GID7397538","GID7397538","Bed2IR",82,116,3.736345624,81
"GID7397540","GID7397540","Bed2IR",80,115,3.983012291,85
"GID7397544","GID7397544","Bed2IR",78,114,3.279678957,85
"GID7397551","GID7397551","Bed2IR",83,117,3.559678957,76
"GID7397553","GID7397553","Bed2IR",76,109,3.763012291,80
"GID7397555","GID7397555","Bed2IR",77,110,3.349678957,84
"GID7397572","GID7397572","Bed2IR",81,114,3.266345624,75
"GID7397582","GID7397582","Bed2IR",78,114,3.426345624,75
"GID7397590","GID7397590","Bed2IR",80,114,3.509678957,84
"GID7397604","GID7397604","Bed2IR",80,113,3.873012291,79
"GID7397627","GID7397627","Bed2IR",83,118,3.399678957,85
"GID7397666","GID7397666","Bed2IR",85,118,3.637445137,80
"GID7397667","GID7397667","Bed2IR",86,119,3.267445137,66
"GID7397672","GID7397672","Bed2IR",85,117,3.747445137,77
"GID7397687","GID7397687","Bed2IR",79,115,4.174111804,79
"GID7397691","GID7397691","Bed2IR",83,117,3.827445137,77
"GID7397692","GID7397692","Bed2IR",77,114,3.654111804,86
"GID7397713","GID7397713","Bed2IR",84,118,3.614111804,80
"GID7397720","GID7397720","Bed2IR",80,113,3.934111804,79
"GID7397728","GID7397728","Bed2IR",80,111,3.934111804,85
"GID7397737","GID7397737","Bed2IR",83,116,3.45077847,76
"GID7397747","GID7397747","Bed2IR",75,107,4.21077847,80
"GID7397754","GID7397754","Bed2IR",77,114,3.957445137,85
"GID7397762","GID7397762","Bed2IR",79,112,3.887445137,80
"GID7397772","GID7397772","Bed2IR",80,113,3.653919349,65
"GID7397815","GID7397815","Bed2IR",80,113,4.143919349,82
"GID7397873","GID7397873","Bed2IR",82,115,3.910586015,79
"GID7397891","GID7397891","Bed2IR",78,109,4.087252682,81
"GID7397892","GID7397892","Bed2IR",82,116,3.853919349,71
"GID7397893","GID7397893","Bed2IR",78,112,4.060586015,76
"GID7398001","GID7398001","Bed2IR",85,117,3.553919349,69
"GID7398005","GID7398005","Bed2IR",78,108,4.137252682,80
"GID7398014","GID7398014","Bed2IR",81,113,3.907252682,79
"GID7398018","GID7398018","Bed2IR",84,117,3.653919349,74
"GID7398020","GID7398020","Bed2IR",81,110,3.787252682,80
"GID7398023","GID7398023","Bed2IR",82,113,3.877252682,76
"GID7398041","GID7398041","Bed2IR",82,113,3.470586015,78
"GID7398092","GID7398092","Bed2IR",80,115,4.177252682,84
"GID7398119","GID7398119","Bed2IR",80,116,3.683919349,76
"GID7398254","GID7398254","Bed2IR",81,115,3.621228932,77
"GID7398265","GID7398265","Bed2IR",82,117,3.171228932,68
"GID7398266","GID7398266","Bed2IR",79,113,3.831228932,82
"GID7398274","GID7398274","Bed2IR",82,116,3.437895599,79
"GID7398288","GID7398288","Bed2IR",87,122,3.284562265,72
"GID7398289","GID7398289","Bed2IR",90,121,3.161228932,70
"GID7398307","GID7398307","Bed2IR",82,113,3.704562265,74
"GID7398319","GID7398319","Bed2IR",77,110,3.861228932,83
"GID7398322","GID7398322","Bed2IR",78,113,4.107895599,71
"GID7398326","GID7398326","Bed2IR",79,112,4.294562265,84
"GID7398344","GID7398344","Bed2IR",82,113,3.891228932,76
"GID7398352","GID7398352","Bed2IR",80,114,3.917895599,75
"GID7398363","GID7398363","Bed2IR",81,117,4.121228932,70
"GID7398376","GID7398376","Bed2IR",79,115,4.371228932,76
"GID7398377","GID7398377","Bed2IR",79,113,4.047895599,75
"GID7398383","GID7398383","Bed2IR",82,117,3.714562265,75
"GID7398400","GID7398400","Bed2IR",83,117,3.513649072,76
"GID7398411","GID7398411","Bed2IR",79,116,3.050315739,85
"GID7398412","GID7398412","Bed2IR",80,116,3.926982405,80
"GID7398413","GID7398413","Bed2IR",80,116,3.956982405,85
"GID7398419","GID7398419","Bed2IR",82,119,3.340315739,80
"GID7398421","GID7398421","Bed2IR",80,115,3.650315739,85
"GID7398427","GID7398427","Bed2IR",79,115,4.160315739,83
"GID7398428","GID7398428","Bed2IR",81,114,3.860315739,85
"GID7398430","GID7398430","Bed2IR",80,113,3.690315739,85
"GID7398431","GID7398431","Bed2IR",80,113,3.923649072,85
"GID7398433","GID7398433","Bed2IR",82,117,4.126982405,84
"GID7398434","GID7398434","Bed2IR",85,117,3.540315739,82
"GID7398435","GID7398435","Bed2IR",84,117,3.386982405,85
"GID7398438","GID7398438","Bed2IR",84,117,3.663649072,84
"GID7398439","GID7398439","Bed2IR",83,118,2.966982405,85
"GID7398440","GID7398440","Bed2IR",84,120,2.839380022,85
"GID7398442","GID7398442","Bed2IR",83,119,3.059380022,78
"GID7398443","GID7398443","Bed2IR",83,118,3.786046689,83
"GID7398444","GID7398444","Bed2IR",80,116,4.319380022,81
"GID7398451","GID7398451","Bed2IR",85,120,3.099380022,76
"GID7398452","GID7398452","Bed2IR",83,118,3.532713355,79
"GID7398455","GID7398455","Bed2IR",84,118,3.359380022,75
"GID7398460","GID7398460","Bed2IR",83,117,3.629380022,85
"GID7398462","GID7398462","Bed2IR",83,119,3.499380022,80
"GID7398463","GID7398463","Bed2IR",82,117,3.402713355,84
"GID7398471","GID7398471","Bed2IR",85,120,2.849380022,80
"GID7398474","GID7398474","Bed2IR",84,118,3.609380022,85
"GID7398485","GID7398485","Bed2IR",82,116,4.122713355,80
"GID7398529","GID7398529","Bed2IR",82,115,3.962713355,84
"GID7398595","GID7398595","Bed2IR",80,117,3.770403813,75
"GID7398603","GID7398603","Bed2IR",78,114,3.790403813,80
"GID7398640","GID7398640","Bed2IR",75,110,3.943737146,76
"GID7398685","GID7398685","Bed2IR",82,114,4.100403813,76
"GID7398700","GID7398700","Bed2IR",80,113,4.033737146,77
"GID7398701","GID7398701","Bed2IR",78,112,4.213737146,75
"GID7398758","GID7398758","Bed2IR",86,115,3.480403813,64
"GID7398759","GID7398759","Bed2IR",81,114,3.613737146,75
"GID7398774","GID7398774","Bed2IR",86,117,3.710094625,68
"GID7398776","GID7398776","Bed2IR",80,115,3.886761292,73
"GID7398782","GID7398782","Bed2IR",87,118,3.286761292,70
"GID7398783","GID7398783","Bed2IR",86,118,3.790094625,72
"GID7398789","GID7398789","Bed2IR",85,115,3.706761292,75
"GID7398813","GID7398813","Bed2IR",78,110,4.216761292,77
"GID7398846","GID7398846","Bed2IR",79,114,4.093427958,74
"GID7398872","GID7398872","Bed2IR",82,113,3.730094625,66
"GID7398877","GID7398877","Bed2IR",86,119,3.466761292,67
"GID7398884","GID7398884","Bed2IR",78,110,4.073427958,75
"GID7398894","GID7398894","Bed2IR",84,117,3.423427958,72
"GID7398895","GID7398895","Bed2IR",80,111,4.323427958,76
"GID7398903","GID7398903","Bed2IR",82,114,3.923427958,74
"GID7398909","GID7398909","Bed2IR",79,112,3.680094625,75
"GID7398915","GID7398915","Bed2IR",80,114,4.090094625,75
"GID7398920","GID7398920","Bed2IR",81,114,3.956761292,76
"GID7398922","GID7398922","Bed2IR",82,117,3.523427958,71
"GID7398924","GID7398924","Bed2IR",81,114,3.576581107,76
"GID7398925","GID7398925","Bed2IR",79,112,3.716581107,73
"GID7398926","GID7398926","Bed2IR",80,113,3.623247774,77
"GID7398928","GID7398928","Bed2IR",81,114,3.56991444,74
"GID7398929","GID7398929","Bed2IR",81,116,3.73991444,80
"GID7398934","GID7398934","Bed2IR",80,114,4.106581107,77
"GID7398953","GID7398953","Bed2IR",80,113,3.836581107,76
"GID7398957","GID7398957","Bed2IR",85,114,3.62991444,68
"GID7398976","GID7398976","Bed2IR",79,113,3.913247774,78
"GID7399010","GID7399010","Bed2IR",78,111,3.943247774,80
"GID7399011","GID7399011","Bed2IR",80,112,3.733247774,77
"GID7399013","GID7399013","Bed2IR",80,112,3.713247774,78
"GID7399014","GID7399014","Bed2IR",78,110,3.913247774,80
"GID7399037","GID7399037","Bed2IR",81,114,3.453247774,74
"GID7399072","GID7399072","Bed2IR",78,111,4.17991444,77
"GID7399095","GID7399095","Bed2IR",86,119,3.136581107,74
"GID7399104","GID7399104","Bed2IR",80,114,3.663247774,73
"GID7399115","GID7399115","Bed2IR",79,115,3.53991444,75
"GID7399116","GID7399116","Bed2IR",80,114,3.123247774,76
"GID7399118","GID7399118","Bed2IR",80,113,4.056581107,78
"GID7399121","GID7399121","Bed2IR",82,116,3.606581107,69
"GID7399135","GID7399135","Bed2IR",86,118,3.868092171,70
"GID7399140","GID7399140","Bed2IR",80,116,4.024758838,74
"GID7399179","GID7399179","Bed2IR",82,117,4.051425504,71
"GID7399180","GID7399180","Bed2IR",82,117,4.164758838,75
"GID7399181","GID7399181","Bed2IR",81,116,4.431425504,76
"GID7399248","GID7399248","Bed2IR",78,113,4.231425504,82
"GID7399264","GID7399264","Bed2IR",82,115,3.948092171,87
"GID7399267","GID7399267","Bed2IR",80,114,4.358092171,80
"GID7399272","GID7399272","Bed2IR",78,114,4.128092171,83
"GID7399277","GID7399277","Bed2IR",79,114,3.974758838,84
"GID7399288","GID7399288","Bed2IR",83,116,3.971425504,75
"GID7399289","GID7399289","Bed2IR",83,115,4.114758838,70
"GID7399321","GID7399321","Bed2IR",78,111,3.814758838,69
"GID7399345","GID7399345","Bed2IR",75,107,4.281425504,80
"GID7399382","GID7399382","Bed2IR",82,114,4.054758838,73
"GID7399399","GID7399399","Bed2IR",78,111,3.928092171,80
"GID7399403","GID7399403","Bed2IR",77,107,4.091425504,77
"GID7399413","GID7399413","Bed2IR",77,107,4.441425504,78
"GID7399418","GID7399418","Bed2IR",82,111,3.748092171,76
"GID7399424","GID7399424","Bed2IR",83,113,3.638092171,72
"GID7399425","GID7399425","Bed2IR",84,115,3.843032796,75
"GID7399442","GID7399442","Bed2IR",83,116,3.869699462,71
"GID7399445","GID7399445","Bed2IR",80,115,4.063032796,76
"GID7399447","GID7399447","Bed2IR",86,118,3.659699462,68
"GID7399450","GID7399450","Bed2IR",82,116,3.773032796,72
"GID7399455","GID7399455","Bed2IR",77,111,3.879699462,74
"GID7399457","GID7399457","Bed2IR",78,110,3.826366129,74
"GID7399469","GID7399469","Bed2IR",80,111,4.169699462,75
"GID7399471","GID7399471","Bed2IR",81,115,4.256366129,77
"GID7399478","GID7399478","Bed2IR",81,114,4.159699462,77
"GID7399483","GID7399483","Bed2IR",79,112,4.263032796,78
"GID7399485","GID7399485","Bed2IR",80,111,4.083032796,77
"GID7399491","GID7399491","Bed2IR",83,115,3.873032796,75
"GID7399496","GID7399496","Bed2IR",86,118,3.809699462,76
"GID7399497","GID7399497","Bed2IR",85,117,3.926366129,77
"GID7399499","GID7399499","Bed2IR",84,117,3.936366129,78
"GID7399505","GID7399505","Bed2IR",85,118,3.701007818,75
"GID7399507","GID7399507","Bed2IR",86,119,3.897674485,74
"GID7399508","GID7399508","Bed2IR",83,116,3.877674485,76
"GID7399509","GID7399509","Bed2IR",86,118,3.494341152,74
"GID7399511","GID7399511","Bed2IR",84,117,3.691007818,75
"GID7399514","GID7399514","Bed2IR",85,118,3.964341152,75
"GID7399537","GID7399537","Bed2IR",78,111,4.331007818,78
"GID7399539","GID7399539","Bed2IR",81,117,3.884341152,80
"GID7399541","GID7399541","Bed2IR",80,114,4.084341152,78
"GID7399543","GID7399543","Bed2IR",80,113,3.997674485,77
"GID7399544","GID7399544","Bed2IR",81,114,3.987674485,80
"GID7399545","GID7399545","Bed2IR",79,114,4.101007818,82
"GID7399548","GID7399548","Bed2IR",79,111,4.011007818,81
"GID7399556","GID7399556","Bed2IR",81,114,4.147674485,80
"GID7399558","GID7399558","Bed2IR",81,114,3.961007818,74
"GID7399578","GID7399578","Bed2IR",79,114,4.271007818,75
"GID7399584","GID7399584","Bed2IR",81,114,3.871007818,71
"GID7399601","GID7399601","Bed2IR",78,113,3.844341152,85
"GID7399607","GID7399607","Bed2IR",79,112,4.034341152,77
"GID7399609","GID7399609","Bed2IR",75,105,4.357431461,75
"GID7399610","GID7399610","Bed2IR",77,108,4.034098128,72
"GID7399612","GID7399612","Bed2IR",78,109,4.144098128,76
"GID7399613","GID7399613","Bed2IR",79,111,4.144098128,78
"GID7399614","GID7399614","Bed2IR",78,111,4.110764795,75
"GID7399615","GID7399615","Bed2IR",81,112,3.970764795,72
"GID7399616","GID7399616","Bed2IR",79,112,4.187431461,71
"GID7399619","GID7399619","Bed2IR",80,113,3.937431461,70
"GID7399621","GID7399621","Bed2IR",78,112,4.330764795,74
"GID7399622","GID7399622","Bed2IR",78,112,4.220764795,78
"GID7399623","GID7399623","Bed2IR",79,111,4.100764795,73
"GID7399627","GID7399627","Bed2IR",77,109,3.850764795,74
"GID7399629","GID7399629","Bed2IR",80,113,3.697431461,68
"GID7399631","GID7399631","Bed2IR",83,116,3.857431461,72
"GID7399636","GID7399636","Bed2IR",77,108,4.100764795,74
"GID7399637","GID7399637","Bed2IR",78,110,4.267431461,75
"GID7399638","GID7399638","Bed2IR",78,112,4.324098128,77
"GID7399639","GID7399639","Bed2IR",77,111,4.107431461,75
"GID7399640","GID7399640","Bed2IR",78,109,4.210764795,72
"GID7399641","GID7399641","Bed2IR",79,111,4.174098128,76
"GID7399643","GID7399643","Bed2IR",78,113,4.277431461,74
"GID7399644","GID7399644","Bed2IR",77,111,4.270764795,73
"GID7399645","GID7399645","Bed2IR",83,116,3.900764795,75
"GID7399647","GID7399647","Bed2IR",80,114,3.904098128,76
"GID7399650","GID7399650","Bed2IR",81,113,3.717431461,75
"GID7399651","GID7399651","Bed2IR",81,115,3.910764795,73
"GID7399654","GID7399654","Bed2IR",80,114,3.716886178,76
"GID7399712","GID7399712","Bed2IR",79,113,4.083552844,78
"GID7399738","GID7399738","Bed2IR",85,118,3.600219511,78
"GID7399739","GID7399739","Bed2IR",84,118,3.470219511,70
"GID7399789","GID7399789","Bed2IR",85,119,3.580219511,75
"GID7399808","GID7399808","Bed2IR",84,114,3.640219511,74
"GID7399816","GID7399816","Bed2IR",86,118,3.523552844,72
"GID7399819","GID7399819","Bed2IR",85,117,3.630219511,74
"GID7399821","GID7399821","Bed2IR",82,115,3.916886178,75
"GID7399823","GID7399823","Bed2IR",83,116,3.853552844,73
"GID7399829","GID7399829","Bed2IR",84,116,3.776886178,74
"GID7399830","GID7399830","Bed2IR",85,115,3.676886178,72
"GID7399831","GID7399831","Bed2IR",80,114,3.853552844,74
"GID7399832","GID7399832","Bed2IR",82,114,3.810174465,76
"GID7399834","GID7399834","Bed2IR",83,114,3.673507798,74
"GID7399835","GID7399835","Bed2IR",82,114,3.756841131,77
"GID7399836","GID7399836","Bed2IR",83,113,3.840174465,78
"GID7399840","GID7399840","Bed2IR",85,114,3.710174465,78
"GID7399841","GID7399841","Bed2IR",83,113,3.826841131,75
"GID7399844","GID7399844","Bed2IR",83,114,3.600174465,74
"GID7399875","GID7399875","Bed2IR",85,118,3.616841131,75
"GID7399884","GID7399884","Bed2IR",80,116,3.530174465,75
"GID7399900","GID7399900","Bed2IR",83,117,3.750174465,73
"GID7399902","GID7399902","Bed2IR",76,112,3.633507798,78
"GID7399904","GID7399904","Bed2IR",84,117,3.383507798,80
"GID7399905","GID7399905","Bed2IR",85,118,3.426841131,75
"GID7399906","GID7399906","Bed2IR",86,118,3.516841131,76
"GID7399908","GID7399908","Bed2IR",80,113,3.533507798,77
"GID7399924","GID7399924","Bed2IR",82,115,3.836841131,77
"GID7399938","GID7399938","Bed2IR",82,116,3.421810415,73
"GID7399946","GID7399946","Bed2IR",80,114,4.108477081,84
"GID7399947","GID7399947","Bed2IR",79,115,3.668477081,80
"GID7399948","GID7399948","Bed2IR",84,115,3.951810415,76
"GID7399950","GID7399950","Bed2IR",81,114,3.831810415,75
"GID7399956","GID7399956","Bed2IR",77,110,4.071810415,80
"GID7399960","GID7399960","Bed2IR",81,115,3.391810415,76
"GID7399966","GID7399966","Bed2IR",83,117,3.791810415,74
"GID7399981","GID7399981","Bed2IR",83,117,3.645143748,80
"GID7400004","GID7400004","Bed2IR",87,118,3.681810415,76
"GID7400031","GID7400031","Bed2IR",86,119,3.511810415,73
"GID7400062","GID7400062","Bed2IR",80,111,3.861810415,77
"GID7400063","GID7400063","Bed2IR",82,117,3.625143748,75
"GID7400064","GID7400064","Bed2IR",83,118,3.515143748,80
"GID7400069","GID7400069","Bed2IR",80,114,3.971810415,81
"GID7400073","GID7400073","Bed2IR",77,113,4.075143748,78
"GID7400085","GID7400085","Bed2IR",84,118,3.928477081,78
"GID7400087","GID7400087","Bed2IR",84,118,3.781810415,80
"GID7400088","GID7400088","Bed2IR",83,117,3.931810415,81
"GID7400090","GID7400090","Bed2IR",83,118,3.798477081,82
"GID7400091","GID7400091","Bed2IR",81,114,4.246660947,79
"GID7400093","GID7400093","Bed2IR",83,116,4.153327614,80
"GID7400099","GID7400099","Bed2IR",83,118,3.69999428,77
"GID7400168","GID7400168","Bed2IR",81,114,3.943327614,88
"GID7400194","GID7400194","Bed2IR",80,113,3.556660947,76
"GID7400204","GID7400204","Bed2IR",79,113,4.083327614,78
"GID7400209","GID7400209","Bed2IR",81,117,3.926660947,77
"GID7400222","GID7400222","Bed2IR",77,113,3.626660947,78
"GID7400224","GID7400224","Bed2IR",78,113,3.743327614,80
"GID7400239","GID7400239","Bed2IR",83,118,4.003327614,73
"GID7400242","GID7400242","Bed2IR",83,118,3.966660947,77
"GID7400243","GID7400243","Bed2IR",84,117,3.876660947,78
"GID7400251","GID7400251","Bed2IR",82,118,3.936660947,76
"GID7400265","GID7400265","Bed2IR",82,118,3.72999428,82
"GID7400267","GID7400267","Bed2IR",80,114,3.936660947,80
"GID7400275","GID7400275","Bed2IR",78,114,3.738477081,81
"GID7400276","GID7400276","Bed2IR",80,115,4.088477081,83
"GID7400278","GID7400278","Bed2IR",79,114,4.211810415,85
"GID7400279","GID7400279","Bed2IR",80,113,4.061810415,86
"GID7400280","GID7400280","Bed2IR",79,114,3.611810415,75
"GID7400281","GID7400281","Bed2IR",74,108,4.301810415,81
"GID7400282","GID7400282","Bed2IR",77,111,3.861810415,79
"GID7400292","GID7400292","Bed2IR",79,114,3.495143748,81
"GID7400293","GID7400293","Bed2IR",76,110,3.921810415,83
"GID7400294","GID7400294","Bed2IR",83,117,3.531810415,77
"GID7400298","GID7400298","Bed2IR",83,118,3.475143748,74
"GID7400299","GID7400299","Bed2IR",81,115,3.375143748,76
"GID7400301","GID7400301","Bed2IR",78,111,3.805143748,80
"GID7400305","GID7400305","Bed2IR",79,115,3.445143748,72
"GID7400306","GID7400306","Bed2IR",76,111,4.041810415,74
"GID7400307","GID7400307","Bed2IR",80,116,3.505143748,76
"GID7400308","GID7400308","Bed2IR",76,109,3.881810415,75
"GID7400309","GID7400309","Bed2IR",80,116,3.501810415,73
"GID7400311","GID7400311","Bed2IR",79,114,3.758477081,76
"GID7400313","GID7400313","Bed2IR",78,111,3.691810415,77
"GID7400315","GID7400315","Bed2IR",77,112,3.738477081,78
"GID7400316","GID7400316","Bed2IR",77,112,3.851810415,76
"GID7400318","GID7400318","Bed2IR",74,110,3.815143748,80
"GID7400320","GID7400320","Bed2IR",84,118,3.788477081,75
"GID7400331","GID7400331","Bed2IR",81,118,4.210174465,74
"GID7400337","GID7400337","Bed2IR",80,116,4.120174465,78
"GID7400383","GID7400383","Bed2IR",82,114,3.536841131,77
"GID7400430","GID7400430","Bed2IR",84,118,3.713507798,77
"GID7400441","GID7400441","Bed2IR",78,113,4.293507798,78
"GID7400442","GID7400442","Bed2IR",81,117,4.400174465,86
"GID7400446","GID7400446","Bed2IR",80,118,4.103507798,75
"GID7400448","GID7400448","Bed2IR",80,116,4.113507798,82
"GID7400453","GID7400453","Bed2IR",82,118,4.193507798,84
"GID7400456","GID7400456","Bed2IR",79,114,3.850174465,72
"GID7400458","GID7400458","Bed2IR",80,113,3.930174465,73
"GID7400459","GID7400459","Bed2IR",81,115,3.930174465,74
"GID7400460","GID7400460","Bed2IR",82,115,3.850174465,78
"GID7400467","GID7400467","Bed2IR",81,114,4.330174465,75
"GID7400471","GID7400471","Bed2IR",79,114,3.983507798,74
"GID7400478","GID7400478","Bed2IR",75,111,4.110174465,81
"GID7400482","GID7400482","Bed2IR",78,114,3.770174465,80
"GID7400488","GID7400488","Bed2IR",75,109,4.086841131,77
"GID7400490","GID7400490","Bed2IR",73,108,3.704771108,77
"GID7400491","GID7400491","Bed2IR",78,112,4.168104442,84
"GID7400511","GID7400511","Bed2IR",81,115,3.794771108,75
"GID7400518","GID7400518","Bed2IR",79,114,3.934771108,72
"GID7400536","GID7400536","Bed2IR",84,117,3.391488956,82
"GID7400537","GID7400537","Bed2IR",82,116,3.801488956,80
"GID7400538","GID7400538","Bed2IR",85,118,3.58482229,70
"GID7400539","GID7400539","Bed2IR",84,119,3.761488956,78
"GID7400541","GID7400541","Bed2IR",85,118,3.80482229,76
"GID7400545","GID7400545","Bed2IR",82,117,3.698155623,75
"GID7400551","GID7400551","Bed2IR",80,113,3.918155623,80
"GID7400571","GID7400571","Bed2IR",80,112,4.11482229,86
"GID7400579","GID7400579","Bed2IR",81,112,4.188155623,87
"GID7400581","GID7400581","Bed2IR",85,116,3.448155623,76
"GID7400582","GID7400582","Bed2IR",81,113,4.19482229,75
"GID7400583","GID7400583","Bed2IR",82,115,3.851488956,80
"GID7400595","GID7400595","Bed2IR",77,112,4.03482229,86
"GID7400597","GID7400597","Bed2IR",81,113,3.858155623,80
"GID7400598","GID7400598","Bed2IR",80,112,4.001488956,85
"GID7400602","GID7400602","Bed2IR",86,118,3.58482229,79
"GID7400624","GID7400624","Bed2IR",85,115,4.20482229,79
"GID7400635","GID7400635","Bed2IR",86,119,3.851488956,84
"GID7400639","GID7400639","Bed2IR",81,115,4.079547936,76
"GID7400641","GID7400641","Bed2IR",80,113,3.692881269,77
"GID7400644","GID7400644","Bed2IR",82,115,4.059547936,81
"GID7400646","GID7400646","Bed2IR",82,114,3.879547936,82
"GID7400651","GID7400651","Bed2IR",81,116,4.232881269,81
"GID7400653","GID7400653","Bed2IR",84,117,3.776214603,85
"GID7400656","GID7400656","Bed2IR",81,116,3.776214603,80
"GID7400663","GID7400663","Bed2IR",85,119,3.772881269,84
"GID7400670","GID7400670","Bed2IR",82,118,4.206214603,85
"GID7400676","GID7400676","Bed2IR",82,115,4.039547936,80
"GID7400679","GID7400679","Bed2IR",84,117,4.136214603,84
"GID7400696","GID7400696","Bed2IR",81,113,3.932881269,80
"GID7400699","GID7400699","Bed2IR",82,112,4.032881269,80
"GID7400700","GID7400700","Bed2IR",82,114,4.029547936,81
"GID7400701","GID7400701","Bed2IR",80,114,4.229547936,75
"GID7400702","GID7400702","Bed2IR",80,113,4.076214603,81
"GID7400703","GID7400703","Bed2IR",84,115,3.802881269,65
"GID7400704","GID7400704","Bed2IR",79,112,3.892881269,84
"GID7400717","GID7400717","Bed2IR",85,116,3.879547936,79
"GID7400720","GID7400720","Bed2IR",89,119,3.446214603,76
"GID7400724","GID7400724","Bed2IR",83,117,4.139547936,80
"GID7400729","GID7400729","Bed2IR",84,117,3.426214603,73
"GID7400733","GID7400733","Bed2IR",84,117,3.476214603,72
"GID7400736","GID7400736","Bed2IR",85,119,3.76047623874298,75
"GID7400738","GID7400738","Bed2IR",78,113,4.002881269,80
"GID7400741","GID7400741","Bed2IR",82,116,3.139547936,75
"GID7400743","GID7400743","Bed2IR",82,116,4.053733029,80
"GID7400746","GID7400746","Bed2IR",83,117,3.617066362,74
"GID7400747","GID7400747","Bed2IR",85,118,3.840399696,75
"GID7400748","GID7400748","Bed2IR",83,117,4.107066362,80
"GID7400749","GID7400749","Bed2IR",81,115,4.023733029,74
"GID7400751","GID7400751","Bed2IR",82,114,3.923733029,80
"GID7400752","GID7400752","Bed2IR",82,117,3.857066362,70
"GID7400754","GID7400754","Bed2IR",78,113,4.373733029,74
"GID7400757","GID7400757","Bed2IR",77,112,4.393733029,80
"GID7400758","GID7400758","Bed2IR",76,111,4.440399696,75
"GID7400759","GID7400759","Bed2IR",80,113,3.973733029,80
"GID7400769","GID7400769","Bed2IR",82,117,4.433733029,77
"GID7400770","GID7400770","Bed2IR",85,118,4.247066362,70
"GID7400771","GID7400771","Bed2IR",86,119,3.910399696,71
"GID7400772","GID7400772","Bed2IR",82,116,4.270399696,71
"GID7400777","GID7400777","Bed2IR",83,119,3.690399696,76
"GID7400786","GID7400786","Bed2IR",80,115,3.726046689,80
"GID7400794","GID7400794","Bed2IR",78,113,3.799380022,84
"GID7400807","GID7400807","Bed2IR",81,115,3.289380022,70
"GID7400816","GID7400816","Bed2IR",80,113,3.999380022,84
"GID7400819","GID7400819","Bed2IR",82,117,3.749380022,76
"GID7400827","GID7400827","Bed2IR",80,113,4.149380022,88
"GID7400872","GID7400872","Bed2IR",80,113,3.851488956,85
"GID7400873","GID7400873","Bed2IR",80,113,3.733581503,81
"GID7400876","GID7400876","Bed2IR",83,115,3.990338262,71
"GID7400877","GID7400877","Bed2IR",84,115,3.370338262,69
"GID7400878","GID7400878","Bed2IR",78,112,3.247004928,76
"GID7400882","GID7400882","Bed2IR",85,116,3.197004928,69
"GID7400883","GID7400883","Bed2IR",82,112,3.990338262,80
"GID7400885","GID7400885","Bed2IR",81,112,4.153671595,80
"GID7400887","GID7400887","Bed2IR",83,113,3.377004928,75
"GID7400888","GID7400888","Bed2IR",85,115,3.573671595,74
"GID7400901","GID7400901","Bed2IR",85,116,3.653671595,75
"GID7400903","GID7400903","Bed2IR",87,118,3.360338262,80
"GID7400905","GID7400905","Bed2IR",80,113,3.513671595,65
"GID7400913","GID7400913","Bed2IR",81,112,3.927004928,74
"GID7400914","GID7400914","Bed2IR",79,114,3.973671595,75
"GID7400915","GID7400915","Bed2IR",79,115,3.880338262,76
"GID7400916","GID7400916","Bed2IR",80,115,4.057004928,85
"GID7400922","GID7400922","Bed2IR",79,113,3.990338262,80
"GID7400943","GID7400943","Bed2IR",75,111,3.820338262,80
"GID7400945","GID7400945","Bed2IR",77,112,3.493671595,81
"GID7400949","GID7400949","Bed2IR",77,112,3.483671595,83
"GID7400952","GID7400952","Bed2IR",79,113,3.953671595,75
"GID7400959","GID7400959","Bed2IR",87,119,3.357004928,74
"GID7400963","GID7400963","Bed2IR",75,113,4.163671595,84
"GID7400965","GID7400965","Bed2IR",82,117,3.573671595,76
"GID7400966","GID7400966","Bed2IR",82,120,3.564320647,79
"GID7400967","GID7400967","Bed2IR",80,115,3.750987313,75
"GID7400968","GID7400968","Bed2IR",82,117,3.524320647,82
"GID7400970","GID7400970","Bed2IR",81,117,3.884320647,76
"GID7400971","GID7400971","Bed2IR",82,113,3.824320647,80
"GID7400972","GID7400972","Bed2IR",82,116,3.724320647,76
"GID7400973","GID7400973","Bed2IR",81,115,3.43765398,77
"GID7400983","GID7400983","Bed2IR",78,113,3.980987313,84
"GID7400990","GID7400990","Bed2IR",81,116,3.910987313,85
"GID7400994","GID7400994","Bed2IR",80,116,3.510987313,80
"GID7401035","GID7401035","Bed2IR",82,115,3.81765398,85
"GID7401038","GID7401038","Bed2IR",81,113,3.960987313,87
"GID7401050","GID7401050","Bed2IR",82,115,3.48765398,85
"GID7401052","GID7401052","Bed2IR",79,113,4.144320647,82
"GID7401053","GID7401053","Bed2IR",78,113,3.960987313,86
"GID7401067","GID7401067","Bed2IR",82,113,3.680987313,85
"GID7401070","GID7401070","Bed2IR",82,113,3.694320647,85
"GID7401073","GID7401073","Bed2IR",83,115,3.950987313,80
"GID7401076","GID7401076","Bed2IR",79,116,3.854320647,90
"GID7401078","GID7401078","Bed2IR",81,117,3.71765398,85
"GID7401079","GID7401079","Bed2IR",82,116,3.86765398,90
"GID7401087","GID7401087","Bed2IR",79,112,3.234320647,80
"GID7401090","GID7401090","Bed2IR",82,116,3.343716641,68
"GID7401109","GID7401109","Bed2IR",82,117,3.817049974,85
"GID7401111","GID7401111","Bed2IR",81,115,3.740383308,84
"GID7401113","GID7401113","Bed2IR",82,114,3.697049974,79
"GID7401114","GID7401114","Bed2IR",77,112,4.263716641,90
"GID7401115","GID7401115","Bed2IR",82,116,3.770383308,85
"GID7401116","GID7401116","Bed2IR",81,114,3.847049974,80
"GID7401118","GID7401118","Bed2IR",82,113,3.993716641,88
"GID7401152","GID7401152","Bed2IR",83,115,3.873716641,77
"GID7401156","GID7401156","Bed2IR",85,118,3.817049974,77
"GID7401193","GID7401193","Bed2IR",86,119,3.670383308,80
"GID7401202","GID7401202","Bed2IR",79,112,3.880383308,81
"GID7401210","GID7401210","Bed2IR",80,113,3.520383308,85
"GID7401212","GID7401212","Bed2IR",80,112,4.180383308,84
"GID7401214","GID7401214","Bed2IR",79,112,4.127049974,83
"GID7401221","GID7401221","Bed2IR",79,113,3.993716641,80
"GID7401224","GID7401224","Bed2IR",78,113,4.147049974,79
"GID7401230","GID7401230","Bed2IR",80,114,3.907049974,68
"GID7401231","GID7401231","Bed2IR",81,113,4.023716641,70
"GID7401239","GID7401239","Bed2IR",82,115,3.853716641,75
"GID7401242","GID7401242","Bed2IR",82,113,3.900383308,80
"GID7401292","GID7401292","Bed2IR",75,108,4.097049974,82
"GID7401295","GID7401295","Bed2IR",79,113,4.110383308,85
"GID7401310","GID7401310","Bed2IR",87,119,3.737049974,75
"GID7401319","GID7401319","Bed2IR",80,113,3.690411966,76
"GID7401341","GID7401341","Bed2IR",84,120,3.340411966,77
"GID7401342","GID7401342","Bed2IR",74,110,3.903745299,81
"GID7401343","GID7401343","Bed2IR",78,111,3.897078633,88
"GID7401356","GID7401356","Bed2IR",85,113,3.957078633,86
"GID7401358","GID7401358","Bed2IR",82,112,3.977078633,89
"GID7401367","GID7401367","Bed2IR",83,118,3.887066362,66
"GID7401418","GID7401418","Bed2IR",79,113,3.860399696,78
"GID7401428","GID7401428","Bed2IR",82,114,4.327066362,80
"GID7401431","GID7401431","Bed2IR",84,115,4.007066362,78
"GID7401466","GID7401466","Bed2IR",76,112,4.417066362,75
"GID7401467","GID7401467","Bed2IR",81,117,3.887066362,76
"GID7401470","GID7401470","Bed2IR",82,115,3.849013518,80
"GID7401474","GID7401474","Bed2IR",78,113,3.672346851,84
"GID7401477","GID7401477","Bed2IR",82,113,3.759013518,74
"GID7401478","GID7401478","Bed2IR",76,112,4.032346851,81
"GID7401479","GID7401479","Bed2IR",77,112,3.739013518,85
"GID7401498","GID7401498","Bed2IR",85,117,3.259013518,70
"GID7401507","GID7401507","Bed2IR",89,122,3.729013518,78
"GID7401510","GID7401510","Bed2IR",85,121,4.122346851,74
"GID7401511","GID7401511","Bed2IR",85,120,4.052346851,75
"GID7401518","GID7401518","Bed2IR",87,122,3.589013518,70
"GID7401528","GID7401528","Bed2IR",87,121,3.689013518,74
"GID7401531","GID7401531","Bed2IR",84,117,2.825680184,76
"GID7401532","GID7401532","Bed2IR",85,119,2.732346851,80
"GID7401537","GID7401537","Bed2IR",83,117,3.865680184,85
"GID7401541","GID7401541","Bed2IR",82,117,3.515680184,86
"GID7401558","GID7401558","Bed2IR",81,115,3.995680184,80
"GID7401560","GID7401560","Bed2IR",80,113,4.069013518,88
"GID7401569","GID7401569","Bed2IR",83,112,4.045680184,84
"GID7401570","GID7401570","Bed2IR",82,116,4.082346851,86
"GID7401571","GID7401571","Bed2IR",80,112,3.762346851,80
"GID7401579","GID7401579","Bed2IR",82,111,4.455680184,84
"GID7401580","GID7401580","Bed2IR",82,115,3.829013518,85
"GID7401582","GID7401582","Bed2IR",82,116,4.219013518,78
"GID7401584","GID7401584","Bed2IR",80,117,4.112346851,82
"GID7401585","GID7401585","Bed2IR",79,115,3.825680184,85
"GID7401588","GID7401588","Bed2IR",84,117,3.555680184,80
"GID7401590","GID7401590","Bed2IR",83,114,3.917017199,75
"GID7401603","GID7401603","Bed2IR",84,117,3.147017199,77
"GID7401609","GID7401609","Bed2IR",82,115,3.537017199,82
"GID7401610","GID7401610","Bed2IR",82,115,3.710350532,80
"GID7401621","GID7401621","Bed2IR",82,115,4.080350532,79
"GID7401622","GID7401622","Bed2IR",83,117,3.693683865,78
"GID7401641","GID7401641","Bed2IR",81,113,4.207017199,86
"GID7401643","GID7401643","Bed2IR",85,116,3.630350532,80
"GID7401645","GID7401645","Bed2IR",87,121,3.837017199,75
"GID7401646","GID7401646","Bed2IR",82,112,3.893683865,80
"GID7401647","GID7401647","Bed2IR",83,113,3.720350532,83
"GID7401649","GID7401649","Bed2IR",81,112,3.813683865,90
"GID7401651","GID7401651","Bed2IR",83,117,3.557017199,73
"GID7401653","GID7401653","Bed2IR",84,118,3.827017199,76
"GID7401656","GID7401656","Bed2IR",85,120,3.76047623874298,76
"GID7401659","GID7401659","Bed2IR",87,121,3.490350532,75
"GID7401661","GID7401661","Bed2IR",91,122,3.127017199,75
"GID7401668","GID7401668","Bed2IR",83,117,3.850350532,75
"GID7401670","GID7401670","Bed2IR",81,115,3.930350532,84
"GID7401671","GID7401671","Bed2IR",85,118,3.780350532,80
"GID7401672","GID7401672","Bed2IR",83,117,3.830350532,76
"GID7401673","GID7401673","Bed2IR",82,118,3.883683865,80
"GID7401675","GID7401675","Bed2IR",84,117,3.940350532,81
"GID7401676","GID7401676","Bed2IR",84,118,3.903683865,81
"GID7401677","GID7401677","Bed2IR",86,120,3.913683865,80
"GID7401683","GID7401683","Bed2IR",80,115,4.123683865,84
"GID7401686","GID7401686","Bed2IR",79,112,3.983683865,90
"GID7401766","GID7401766","Bed2IR",80,112,4.081003701,76
"GID7401803","GID7401803","Bed2IR",78,112,4.007670368,81
"GID7401811","GID7401811","Bed2IR",82,114,3.921003701,79
"GID7401815","GID7401815","Bed2IR",78,113,4.264337035,80
"GID7401872","GID7401872","Bed2IR",83,120,3.971003701,81
"GID7401875","GID7401875","Bed2IR",84,119,3.787670368,80
"GID7401878","GID7401878","Bed2IR",83,115,3.414337035,82
"GID7401886","GID7401886","Bed2IR",80,112,4.294337035,80
"GID7401888","GID7401888","Bed2IR",84,115,4.011003701,70
"GID7401890","GID7401890","Bed2IR",83,115,3.483581503,66
"GID7401896","GID7401896","Bed2IR",84,117,3.583581503,76
"GID7401898","GID7401898","Bed2IR",83,112,3.600248169,71
"GID7401900","GID7401900","Bed2IR",83,112,3.476914836,72
"GID7401909","GID7401909","Bed2IR",82,111,3.726914836,80
"GID7401934","GID7401934","Bed2IR",82,114,3.700248169,76
"GID7401952","GID7401952","Bed2IR",86,118,2.950248169,74
"GID7401956","GID7401956","Bed2IR",84,117,3.440248169,73
"GID7401987","GID7401987","Bed2IR",84,118,3.136914836,66
"GID7401988","GID7401988","Bed2IR",83,117,3.050248169,68
"GID7401995","GID7401995","Bed2IR",82,116,3.360248169,70
"GID7402002","GID7402002","Bed2IR",86,119,2.800248169,70
"GID7402010","GID7402010","Bed2IR",84,116,3.333581503,75
"GID7402011","GID7402011","Bed2IR",80,113,3.470248169,82
"GID7402019","GID7402019","Bed2IR",79,115,3.820248169,76
"GID7402021","GID7402021","Bed2IR",80,113,4.273581503,75
"GID7402049","GID7402049","Bed2IR",81,116,3.747078633,81
"GID7402054","GID7402054","Bed2IR",77,112,3.873745299,84
"GID7402056","GID7402056","Bed2IR",78,113,3.857078633,75
"GID7402059","GID7402059","Bed2IR",82,112,3.897078633,75
"GID7402061","GID7402061","Bed2IR",79,111,4.027078633,80
"GID7402063","GID7402063","Bed2IR",81,112,4.283745299,85
"GID7402078","GID7402078","Bed2IR",87,118,3.700411966,80
"GID7402080","GID7402080","Bed2IR",84,118,3.850411966,85
"GID7402081","GID7402081","Bed2IR",82,115,3.853745299,86
"GID7402102","GID7402102","Bed2IR",81,115,4.030411966,79
"GID7402105","GID7402105","Bed2IR",80,112,3.740411966,83
"GID7402172","GID7402172","Bed2IR",80,113,3.600248169,65
"GID7402200","GID7402200","Bed2IR",80,117,4.078155623,78
"GID7402206","GID7402206","Bed2IR",82,117,3.60482229,80
"GID7402209","GID7402209","Bed2IR",81,115,3.798155623,88
"GID7402211","GID7402211","Bed2IR",80,114,3.958155623,91
"GID7402225","GID7402225","Bed2IR",85,118,3.721488956,77
"GID7402229","GID7402229","Bed2IR",83,116,3.818155623,85
"GID7305339","GID7305339","Bed5IR",86,126,6.596623026,105
"GID7305341","GID7305341","Bed5IR",89,126,6.509208292,104
"GID7305349","GID7305349","Bed5IR",89,127,7.504812801,107
"GID7305427","GID7305427","Bed5IR",85,125,7.145874959,108
"GID7305649","GID7305649","Bed5IR",87,125,6.666189048,106
"GID7305677","GID7305677","Bed5IR",93,132,7.139489029,107
"GID7305682","GID7305682","Bed5IR",93,131,6.76079414,111
"GID7305695","GID7305695","Bed5IR",88,128,6.56079414,105
"GID7305714","GID7305714","Bed5IR",85,123,6.603597575,104
"GID7305743","GID7305743","Bed5IR",85,123,6.464249008,110
"GID7305802","GID7305802","Bed5IR",89,125,7.112541625,110
"GID7305805","GID7305805","Bed5IR",96,131,7.239208292,110
"GID7305827","GID7305827","Bed5IR",91,125,6.443226673,112
"GID7305834","GID7305834","Bed5IR",78,119,6.923226673,102
"GID7305837","GID7305837","Bed5IR",90,129,6.723226673,105
"GID7305872","GID7305872","Bed5IR",85,123,6.773331125,109
"GID7305877","GID7305877","Bed5IR",80,116,6.599997791,97
"GID7305879","GID7305879","Bed5IR",80,122,6.959997791,102
"GID7305883","GID7305883","Bed5IR",90,128,6.846664458,106
"GID7305888","GID7305888","Bed5IR",87,124,6.793104066,114
"GID7305906","GID7305906","Bed5IR",93,130,6.659770733,110
"GID7305909","GID7305909","Bed5IR",86,123,6.521271393,94
"GID7305910","GID7305910","Bed5IR",87,126,6.769770733,102
"GID7305960","GID7305960","Bed5IR",88,127,7.165874959,107
"GID7310423","GID7310423","Bed5IR",88,127,6.624038667,103
"GID7310428","GID7310428","Bed5IR",94,130,6.597372,110
"GID7310430","GID7310430","Bed5IR",87,129,6.907639301,106
"GID7310511","GID7310511","Bed5IR",87,126,7.160313371,101
"GID7310597","GID7310597","Bed5IR",85,127,5.986980037,106
"GID7310601","GID7310601","Bed5IR",88,127,6.866980037,104
"GID7310605","GID7310605","Bed5IR",88,127,6.576980037,105
"GID7310606","GID7310606","Bed5IR",89,128,6.786980037,106
"GID7310612","GID7310612","Bed5IR",86,126,6.456980037,101
"GID7310617","GID7310617","Bed5IR",87,127,6.563646704,100
"GID7310628","GID7310628","Bed5IR",85,126,6.643646704,102
"GID7310629","GID7310629","Bed5IR",87,128,6.193646704,102
"GID7310635","GID7310635","Bed5IR",86,126,6.476980037,110
"GID7310669","GID7310669","Bed5IR",83,126,5.723646704,99
"GID7310700","GID7310700","Bed5IR",85,127,6.410313371,100
"GID7310704","GID7310704","Bed5IR",84,127,6.720313371,101
"GID7310720","GID7310720","Bed5IR",83,124,6.506980037,105
"GID7310723","GID7310723","Bed5IR",81,124,6.736980037,100
"GID7310745","GID7310745","Bed5IR",82,122,6.737457356,101
"GID7310770","GID7310770","Bed5IR",83,122,6.27079069,100
"GID7310771","GID7310771","Bed5IR",82,122,6.384124023,100
"GID7310774","GID7310774","Bed5IR",84,123,6.43079069,99
"GID7310775","GID7310775","Bed5IR",86,122,6.45079069,102
"GID7310785","GID7310785","Bed5IR",80,120,6.557457356,102
"GID7310788","GID7310788","Bed5IR",88,127,6.79079069,100
"GID7310789","GID7310789","Bed5IR",85,126,6.83079069,109
"GID7310794","GID7310794","Bed5IR",86,126,7.17079069,102
"GID7310795","GID7310795","Bed5IR",86,127,6.837457356,111
"GID7310797","GID7310797","Bed5IR",78,116,6.777457356,104
"GID7310799","GID7310799","Bed5IR",87,128,6.80079069,102
"GID7310804","GID7310804","Bed5IR",80,120,6.904124023,105
"GID7310806","GID7310806","Bed5IR",88,128,6.38079069,102
"GID7310807","GID7310807","Bed5IR",83,124,6.54079069,102
"GID7310808","GID7310808","Bed5IR",90,128,6.45079069,104
"GID7310835","GID7310835","Bed5IR",84,122,6.34079069,105
"GID7310856","GID7310856","Bed5IR",82,122,6.50079069,98
"GID7310862","GID7310862","Bed5IR",83,124,6.18079069,100
"GID7310872","GID7310872","Bed5IR",86,127,6.687457356,96
"GID7310893","GID7310893","Bed5IR",87,124,6.307457356,105
"GID7310894","GID7310894","Bed5IR",80,118,6.044124023,104
"GID7310902","GID7310902","Bed5IR",88,127,6.77079069,97
"GID7310905","GID7310905","Bed5IR",84,126,7.307507895,100
"GID7310906","GID7310906","Bed5IR",84,128,6.694174562,102
"GID7310918","GID7310918","Bed5IR",82,121,6.654174562,101
"GID7310930","GID7310930","Bed5IR",90,127,6.584174562,102
"GID7310936","GID7310936","Bed5IR",91,128,6.564174562,100
"GID7310946","GID7310946","Bed5IR",87,125,7.104174562,102
"GID7310972","GID7310972","Bed5IR",87,127,6.450841228,109
"GID7310981","GID7310981","Bed5IR",85,127,6.627507895,106
"GID7311017","GID7311017","Bed5IR",86,128,6.474784401,112
"GID7311040","GID7311040","Bed5IR",79,118,6.204174562,110
"GID7311059","GID7311059","Bed5IR",82,119,6.074174562,112
"GID7311068","GID7311068","Bed5IR",88,126,6.704174562,103
"GID7311077","GID7311077","Bed5IR",87,127,7.044174562,105
"GID7311085","GID7311085","Bed5IR",88,128,6.877507895,106
"GID7311105","GID7311105","Bed5IR",82,119,6.020841228,100
"GID7311109","GID7311109","Bed5IR",86,128,6.490841228,104
"GID7311113","GID7311113","Bed5IR",84,121,6.374174562,108
"GID7311118","GID7311118","Bed5IR",83,125,6.387507895,107
"GID7311132","GID7311132","Bed5IR",79,116,6.350841228,101
"GID7311134","GID7311134","Bed5IR",82,121,6.494174562,103
"GID7311137","GID7311137","Bed5IR",91,127,6.284174562,101
"GID7311140","GID7311140","Bed5IR",82,119,6.397507895,104
"GID7311152","GID7311152","Bed5IR",86,126,6.652298076,104
"GID7311160","GID7311160","Bed5IR",86,124,6.52563141,110
"GID7311174","GID7311174","Bed5IR",87,127,6.778964743,103
"GID7311193","GID7311193","Bed5IR",84,126,5.952298076,108
"GID7311200","GID7311200","Bed5IR",84,126,6.298964743,106
"GID7311249","GID7311249","Bed5IR",86,127,7.308964743,104
"GID7311300","GID7311300","Bed5IR",82,122,6.438964743,108
"GID7311326","GID7311326","Bed5IR",83,124,6.982298076,108
"GID7311365","GID7311365","Bed5IR",89,129,6.82519546,106
"GID7311374","GID7311374","Bed5IR",84,127,6.388528793,108
"GID7311391","GID7311391","Bed5IR",93,132,6.22519546,105
"GID7311407","GID7311407","Bed5IR",90,131,6.470031904,110
"GID7311417","GID7311417","Bed5IR",89,130,6.338528793,111
"GID7311425","GID7311425","Bed5IR",91,133,6.801862127,103
"GID7311435","GID7311435","Bed5IR",94,132,6.52519546,104
"GID7311448","GID7311448","Bed5IR",88,128,6.361862127,106
"GID7311460","GID7311460","Bed5IR",88,129,6.441862127,110
"GID7311467","GID7311467","Bed5IR",86,127,6.431862127,107
"GID7311468","GID7311468","Bed5IR",95,133,5.659177834,102
"GID7311470","GID7311470","Bed5IR",88,126,6.295844501,103
"GID7311478","GID7311478","Bed5IR",84,127,6.512511167,105
"GID7311481","GID7311481","Bed5IR",84,126,6.449177834,108
"GID7311520","GID7311520","Bed5IR",86,125,6.122511167,105
"GID7311526","GID7311526","Bed5IR",87,127,6.439177834,107
"GID7311536","GID7311536","Bed5IR",83,126,6.249839426,106
"GID7311541","GID7311541","Bed5IR",82,119,6.203172759,102
"GID7311544","GID7311544","Bed5IR",83,126,6.683172759,107
"GID7311551","GID7311551","Bed5IR",84,127,6.586506093,106
"GID7311555","GID7311555","Bed5IR",80,116,5.693172759,99
"GID7311557","GID7311557","Bed5IR",87,124,6.429839426,107
"GID7311560","GID7311560","Bed5IR",91,132,6.606506093,96
"GID7311566","GID7311566","Bed5IR",83,125,6.546506093,110
"GID7311568","GID7311568","Bed5IR",87,128,6.583172759,106
"GID7311612","GID7311612","Bed5IR",85,123,6.946506093,108
"GID7311884","GID7311884","Bed5IR",87,122,7.267002037,109
"GID7311886","GID7311886","Bed5IR",88,122,6.357002037,110
"GID7311891","GID7311891","Bed5IR",86,127,6.850071394,104
"GID7311894","GID7311894","Bed5IR",85,122,7.303668703,98
"GID7311895","GID7311895","Bed5IR",88,123,6.747002037,111
"GID7311938","GID7311938","Bed5IR",89,129,6.533479366,103
"GID7311967","GID7311967","Bed5IR",88,125,7.050146033,105
"GID7311977","GID7311977","Bed5IR",89,129,7.050146033,105
"GID7312045","GID7312045","Bed5IR",90,128,6.520440293,115
"GID7312066","GID7312066","Bed5IR",90,129,6.96710696,105
"GID7312069","GID7312069","Bed5IR",88,126,6.833773626,105
"GID7312071","GID7312071","Bed5IR",88,130,6.83710696,108
"GID7312074","GID7312074","Bed5IR",89,130,6.433773626,108
"GID7312079","GID7312079","Bed5IR",90,129,6.420440293,107
"GID7312081","GID7312081","Bed5IR",95,132,6.87710696,108
"GID7312082","GID7312082","Bed5IR",89,129,5.76710696,105
"GID7312083","GID7312083","Bed5IR",89,130,6.353773626,108
"GID7312084","GID7312084","Bed5IR",92,132,6.803773626,107
"GID7312085","GID7312085","Bed5IR",93,131,6.75710696,110
"GID7312086","GID7312086","Bed5IR",89,127,6.470440293,111
"GID7312119","GID7312119","Bed5IR",88,124,5.681451068,110
"GID7312122","GID7312122","Bed5IR",89,127,6.251451068,106
"GID7312215","GID7312215","Bed5IR",87,125,6.924784401,106
"GID7312223","GID7312223","Bed5IR",81,122,6.448117734,102
"GID7312242","GID7312242","Bed5IR",87,125,6.751451068,111
"GID7312262","GID7312262","Bed5IR",87,123,6.738117734,103
"GID7312313","GID7312313","Bed5IR",82,125,6.989454212,103
"GID7312319","GID7312319","Bed5IR",86,126,6.459454212,105
"GID7312360","GID7312360","Bed5IR",85,130,7.326120879,107
"GID7312376","GID7312376","Bed5IR",84,126,6.836120879,111
"GID7312378","GID7312378","Bed5IR",86,126,6.686120879,106
"GID7312386","GID7312386","Bed5IR",83,122,6.882787545,104
"GID7312388","GID7312388","Bed5IR",83,126,6.492787545,111
"GID7312394","GID7312394","Bed5IR",83,125,6.826120879,108
"GID7312398","GID7312398","Bed5IR",81,121,6.596120879,102
"GID7312402","GID7312402","Bed5IR",84,125,6.939454212,104
"GID7312410","GID7312410","Bed5IR",86,126,6.582787545,105
"GID7312413","GID7312413","Bed5IR",87,125,6.706120879,106
"GID7312429","GID7312429","Bed5IR",83,128,6.692787545,102
"GID7312439","GID7312439","Bed5IR",86,129,6.569454212,109
"GID7312451","GID7312451","Bed5IR",93,131,6.489454212,106
"GID7312452","GID7312452","Bed5IR",86,130,6.496120879,103
"GID7312454","GID7312454","Bed5IR",87,131,6.812787545,105
"GID7312455","GID7312455","Bed5IR",93,131,6.629454212,104
"GID7312456","GID7312456","Bed5IR",87,126,6.966120879,102
"GID7312470","GID7312470","Bed5IR",86,126,6.574360995,105
"GID7312477","GID7312477","Bed5IR",85,126,6.921027662,106
"GID7312482","GID7312482","Bed5IR",82,123,5.947694329,104
"GID7312485","GID7312485","Bed5IR",80,120,6.201027662,108
"GID7312499","GID7312499","Bed5IR",84,126,6.067694329,107
"GID7312523","GID7312523","Bed5IR",83,125,7.317694329,108
"GID7312527","GID7312527","Bed5IR",82,123,6.881027662,105
"GID7312539","GID7312539","Bed5IR",83,125,5.934360995,106
"GID7312620","GID7312620","Bed5IR",82,124,6.909504751,103
"GID7312652","GID7312652","Bed5IR",85,126,6.456171417,99
"GID7312655","GID7312655","Bed5IR",93,132,6.842838084,100
"GID7312659","GID7312659","Bed5IR",86,125,6.226171417,101
"GID7312670","GID7312670","Bed5IR",88,130,7.002838084,107
"GID7312704","GID7312704","Bed5IR",86,127,6.979504751,112
"GID7312736","GID7312736","Bed5IR",80,124,6.808455784,105
"GID7312923","GID7312923","Bed5IR",90,129,6.905122451,104
"GID7312934","GID7312934","Bed5IR",83,123,7.065122451,110
"GID7312960","GID7312960","Bed5IR",84,127,6.458455784,110
"GID7312961","GID7312961","Bed5IR",82,123,6.768455784,104
"GID7313013","GID7313013","Bed5IR",91,131,6.521435346,104
"GID7313018","GID7313018","Bed5IR",89,131,6.961435346,103
"GID7313019","GID7313019","Bed5IR",87,127,6.79476868,105
"GID7313022","GID7313022","Bed5IR",87,129,6.671435346,108
"GID7313023","GID7313023","Bed5IR",88,130,6.658102013,108
"GID7313025","GID7313025","Bed5IR",85,126,6.718102013,114
"GID7313026","GID7313026","Bed5IR",89,131,6.948102013,106
"GID7313027","GID7313027","Bed5IR",88,131,7.228102013,112
"GID7313028","GID7313028","Bed5IR",85,128,6.721435346,110
"GID7313031","GID7313031","Bed5IR",84,126,6.601435346,110
"GID7313040","GID7313040","Bed5IR",89,128,6.653568097,106
"GID7313048","GID7313048","Bed5IR",79,122,6.290234763,110
"GID7313053","GID7313053","Bed5IR",82,124,6.023568097,98
"GID7313112","GID7313112","Bed5IR",79,121,6.343568097,106
"GID7313113","GID7313113","Bed5IR",82,125,6.880234763,93
"GID7313139","GID7313139","Bed5IR",94,132,6.380234763,101
"GID7313157","GID7313157","Bed5IR",86,128,6.823568097,106
"GID7313172","GID7313172","Bed5IR",80,123,5.990234763,108
"GID7313230","GID7313230","Bed5IR",82,126,6.442874132,105
"GID7313245","GID7313245","Bed5IR",90,128,6.304582246,97
"GID7313264","GID7313264","Bed5IR",90,129,6.804582246,104
"GID7313292","GID7313292","Bed5IR",90,127,6.137915579,96
"GID7313297","GID7313297","Bed5IR",86,125,6.554582246,95
"GID7313298","GID7313298","Bed5IR",88,126,6.514582246,97
"GID7313302","GID7313302","Bed5IR",86,125,6.477915579,100
"GID7313312","GID7313312","Bed5IR",88,127,6.991248913,101
"GID7313314","GID7313314","Bed5IR",90,127,6.244582246,98
"GID7313315","GID7313315","Bed5IR",89,128,6.827915579,99
"GID7313318","GID7313318","Bed5IR",87,126,6.994582246,100
"GID7313327","GID7313327","Bed5IR",82,124,7.031248913,110
"GID7313341","GID7313341","Bed5IR",90,128,6.702874132,105
"GID7313358","GID7313358","Bed5IR",83,124,6.757874132,105
"GID7313375","GID7313375","Bed5IR",82,123,6.605441405,104
"GID7313377","GID7313377","Bed5IR",91,129,6.668774738,98
"GID7313385","GID7313385","Bed5IR",86,127,7.042108071,110
"GID7313386","GID7313386","Bed5IR",87,126,6.845441405,110
"GID7313390","GID7313390","Bed5IR",86,129,7.102108071,111
"GID7313392","GID7313392","Bed5IR",86,129,7.135441405,110
"GID7313393","GID7313393","Bed5IR",84,122,6.798774738,116
"GID7313395","GID7313395","Bed5IR",89,127,6.785441405,102
"GID7313406","GID7313406","Bed5IR",86,125,7.238774738,105
"GID7313459","GID7313459","Bed5IR",88,127,6.812841459,102
"GID7313462","GID7313462","Bed5IR",83,125,6.612841459,106
"GID7313466","GID7313466","Bed5IR",90,131,6.726174792,105
"GID7313467","GID7313467","Bed5IR",88,124,6.442841459,110
"GID7313470","GID7313470","Bed5IR",82,126,6.282841459,105
"GID7313509","GID7313509","Bed5IR",83,123,6.776174792,109
"GID7313525","GID7313525","Bed5IR",82,124,6.169508125,108
"GID7313526","GID7313526","Bed5IR",86,128,5.902841459,108
"GID7313552","GID7313552","Bed5IR",89,127,6.477375375,100
"GID7313592","GID7313592","Bed5IR",80,125,6.447375375,111
"GID7313608","GID7313608","Bed5IR",80,122,6.400708708,112
"GID7313634","GID7313634","Bed5IR",82,123,6.190708708,102
"GID7313663","GID7313663","Bed5IR",80,123,6.740708708,103
"GID7313675","GID7313675","Bed5IR",83,123,6.320708708,101
"GID7313678","GID7313678","Bed5IR",82,123,6.637375375,102
"GID7313679","GID7313679","Bed5IR",83,124,6.300708708,102
"GID7313680","GID7313680","Bed5IR",85,127,6.494042041,101
"GID7313682","GID7313682","Bed5IR",87,128,6.604042041,104
"GID7313692","GID7313692","Bed5IR",82,122,6.144042041,102
"GID7313697","GID7313697","Bed5IR",81,116,6.134042041,101
"GID7313708","GID7313708","Bed5IR",86,128,7.114042041,114
"GID7313713","GID7313713","Bed5IR",78,116,6.241586963,102
"GID7313716","GID7313716","Bed5IR",87,127,6.381586963,115
"GID7313754","GID7313754","Bed5IR",81,122,6.764920296,102
"GID7313767","GID7313767","Bed5IR",83,124,6.86407011,105
"GID7313770","GID7313770","Bed5IR",80,124,6.81407011,104
"GID7313784","GID7313784","Bed5IR",88,126,7.18407011,106
"GID7313804","GID7313804","Bed5IR",88,130,7.160736776,98
"GID7313806","GID7313806","Bed5IR",86,127,7.39407011,104
"GID7313811","GID7313811","Bed5IR",82,123,6.700736776,102
"GID7313888","GID7313888","Bed5IR",95,131,6.857678607,110
"GID7314091","GID7314091","Bed5IR",89,129,6.683226673,105
"GID7314436","GID7314436","Bed5IR",88,126,6.381248913,106
"GID7314450","GID7314450","Bed5IR",92,130,6.727457356,107
"GID7395684","GID7395684","Bed5IR",87,130,7.007678607,106
"GID7395692","GID7395692","Bed5IR",88,128,6.77101194,107
"GID7395694","GID7395694","Bed5IR",88,132,7.254345274,111
"GID7395778","GID7395778","Bed5IR",82,124,6.414345274,116
"GID7395817","GID7395817","Bed5IR",86,126,6.164345274,114
"GID7395818","GID7395818","Bed5IR",81,126,6.51101194,105
"GID7395822","GID7395822","Bed5IR",81,124,6.564345274,104
"GID7395864","GID7395864","Bed5IR",96,131,6.737678607,112
"GID7395895","GID7395895","Bed5IR",84,126,6.154345274,106
"GID7395899","GID7395899","Bed5IR",84,126,6.877678607,106
"GID7395900","GID7395900","Bed5IR",94,128,6.897678607,103
"GID7395904","GID7395904","Bed5IR",86,127,6.507678607,105
"GID7395907","GID7395907","Bed5IR",77,116,6.664345274,101
"GID7395914","GID7395914","Bed5IR",96,130,6.694345274,102
"GID7395915","GID7395915","Bed5IR",79,116,6.624345274,95
"GID7395926","GID7395926","Bed5IR",84,127,7.007678607,96
"GID7395927","GID7395927","Bed5IR",88,126,6.117678607,101
"GID7395964","GID7395964","Bed5IR",83,125,6.494345274,107
"GID7395966","GID7395966","Bed5IR",83,125,6.834345274,108
"GID7395976","GID7395976","Bed5IR",84,127,6.877138402,109
"GID7396029","GID7396029","Bed5IR",83,126,6.430471736,104
"GID7396039","GID7396039","Bed5IR",87,128,7.286656411,105
"GID7396051","GID7396051","Bed5IR",83,128,6.520471736,107
"GID7396072","GID7396072","Bed5IR",88,129,6.650471736,115
"GID7396083","GID7396083","Bed5IR",82,123,6.180471736,109
"GID7396104","GID7396104","Bed5IR",82,128,6.657138402,109
"GID7396125","GID7396125","Bed5IR",94,131,6.747138402,106
"GID7396126","GID7396126","Bed5IR",83,128,6.120471736,103
"GID7396133","GID7396133","Bed5IR",88,127,6.980471736,104
"GID7396136","GID7396136","Bed5IR",89,129,5.817138402,111
"GID7396139","GID7396139","Bed5IR",86,126,6.490471736,113
"GID7396142","GID7396142","Bed5IR",87,128,6.353805069,115
"GID7396151","GID7396151","Bed5IR",86,128,6.383242394,115
"GID7396153","GID7396153","Bed5IR",84,127,6.399909061,111
"GID7396155","GID7396155","Bed5IR",83,127,6.123242394,110
"GID7396161","GID7396161","Bed5IR",87,127,7.309909061,108
"GID7396167","GID7396167","Bed5IR",86,128,6.243242394,103
"GID7396170","GID7396170","Bed5IR",84,125,6.176575727,107
"GID7396171","GID7396171","Bed5IR",87,126,6.446575727,104
"GID7396172","GID7396172","Bed5IR",78,116,6.279909061,96
"GID7396173","GID7396173","Bed5IR",82,126,6.383242394,100
"GID7396176","GID7396176","Bed5IR",87,128,6.113242394,105
"GID7396184","GID7396184","Bed5IR",85,126,7.023242394,102
"GID7396194","GID7396194","Bed5IR",84,126,6.233242394,110
"GID7396195","GID7396195","Bed5IR",91,130,7.066575727,106
"GID7396196","GID7396196","Bed5IR",89,128,7.133242394,112
"GID7396203","GID7396203","Bed5IR",87,127,7.083242394,114
"GID7396204","GID7396204","Bed5IR",86,126,6.409909061,112
"GID7396207","GID7396207","Bed5IR",86,120,6.789909061,114
"GID7396208","GID7396208","Bed5IR",82,123,6.206575727,110
"GID7396209","GID7396209","Bed5IR",82,120,7.236575727,111
"GID7396227","GID7396227","Bed5IR",85,125,6.526575727,110
"GID7396228","GID7396228","Bed5IR",88,126,6.849909061,109
"GID7396232","GID7396232","Bed5IR",88,129,6.923242394,110
"GID7396235","GID7396235","Bed5IR",88,130,6.803242394,112
"GID7396236","GID7396236","Bed5IR",88,130,6.889909061,115
"GID7396237","GID7396237","Bed5IR",86,128,6.929909061,115
"GID7396241","GID7396241","Bed5IR",87,127,6.736575727,111
"GID7396243","GID7396243","Bed5IR",88,130,6.520705334,112
"GID7396244","GID7396244","Bed5IR",87,127,6.334038667,112
"GID7396248","GID7396248","Bed5IR",88,127,7.100705334,110
"GID7396257","GID7396257","Bed5IR",83,124,5.884038667,105
"GID7396274","GID7396274","Bed5IR",84,126,6.144038667,106
"GID7396283","GID7396283","Bed5IR",86,123,6.157372,107
"GID7396297","GID7396297","Bed5IR",87,127,6.544038667,108
"GID7396325","GID7396325","Bed5IR",84,126,6.860705334,108
"GID7396327","GID7396327","Bed5IR",88,124,7.104038667,105
"GID7396338","GID7396338","Bed5IR",86,129,6.327372,105
"GID7396355","GID7396355","Bed5IR",85,127,6.770705334,101
"GID7396370","GID7396370","Bed5IR",88,127,6.487372,102
"GID7396375","GID7396375","Bed5IR",89,128,6.490705334,104
"GID7396416","GID7396416","Bed5IR",84,126,6.727372,105
"GID7396461","GID7396461","Bed5IR",88,127,6.640705334,107
"GID7396477","GID7396477","Bed5IR",80,119,6.354038667,106
"GID7396478","GID7396478","Bed5IR",88,129,6.400705334,105
"GID7396482","GID7396482","Bed5IR",86,127,6.224038667,97
"GID7396535","GID7396535","Bed5IR",88,129,6.690705334,102
"GID7396538","GID7396538","Bed5IR",87,127,7.110705334,108
"GID7396540","GID7396540","Bed5IR",86,126,6.696980037,103
"GID7396549","GID7396549","Bed5IR",84,125,5.903646704,96
"GID7396550","GID7396550","Bed5IR",83,126,6.870313371,104
"GID7396555","GID7396555","Bed5IR",79,124,6.446980037,105
"GID7396560","GID7396560","Bed5IR",88,127,6.693646704,106
"GID7396566","GID7396566","Bed5IR",84,123,6.580313371,111
"GID7396709","GID7396709","Bed5IR",86,125,7.103646704,104
"GID7396738","GID7396738","Bed5IR",83,123,6.794124023,102
"GID7396745","GID7396745","Bed5IR",87,128,6.044124023,96
"GID7396747","GID7396747","Bed5IR",87,125,6.454124023,99
"GID7396762","GID7396762","Bed5IR",83,124,5.857457356,102
"GID7396825","GID7396825","Bed5IR",83,124,6.377507895,107
"GID7396856","GID7396856","Bed5IR",77,116,6.627507895,101
"GID7396863","GID7396863","Bed5IR",85,124,6.214174562,114
"GID7396892","GID7396892","Bed5IR",88,127,6.684174562,116
"GID7396931","GID7396931","Bed5IR",82,120,6.300841228,100
"GID7396942","GID7396942","Bed5IR",87,125,6.377507895,102
"GID7396957","GID7396957","Bed5IR",86,127,5.87563141,102
"GID7396982","GID7396982","Bed5IR",82,118,6.86563141,116
"GID7396999","GID7396999","Bed5IR",88,128,6.168964743,105
"GID7397010","GID7397010","Bed5IR",87,127,6.322298076,106
"GID7397011","GID7397011","Bed5IR",85,126,6.388964743,102
"GID7397016","GID7397016","Bed5IR",82,125,6.862298076,107
"GID7397021","GID7397021","Bed5IR",87,127,6.79563141,118
"GID7397023","GID7397023","Bed5IR",87,129,6.47563141,110
"GID7397025","GID7397025","Bed5IR",88,126,7.112298076,114
"GID7397035","GID7397035","Bed5IR",83,126,6.708964743,107
"GID7397045","GID7397045","Bed5IR",87,126,6.80563141,105
"GID7397065","GID7397065","Bed5IR",93,130,7.09563141,108
"GID7397073","GID7397073","Bed5IR",82,122,7.478964743,110
"GID7397094","GID7397094","Bed5IR",89,128,6.78563141,106
"GID7397107","GID7397107","Bed5IR",82,121,6.872298076,105
"GID7397162","GID7397162","Bed5IR",79,120,6.61563141,107
"GID7397167","GID7397167","Bed5IR",83,124,6.492298076,104
"GID7397183","GID7397183","Bed5IR",85,126,6.622298076,102
"GID7397189","GID7397189","Bed5IR",90,131,6.24519546,104
"GID7397190","GID7397190","Bed5IR",87,128,6.321862127,112
"GID7397194","GID7397194","Bed5IR",93,130,6.751862127,109
"GID7397195","GID7397195","Bed5IR",84,125,6.910031904,106
"GID7397210","GID7397210","Bed5IR",84,129,6.701862127,107
"GID7397234","GID7397234","Bed5IR",82,125,6.428528793,109
"GID7397245","GID7397245","Bed5IR",87,129,6.458528793,111
"GID7397281","GID7397281","Bed5IR",86,128,6.951862127,112
"GID7397287","GID7397287","Bed5IR",86,129,6.491862127,113
"GID7397341","GID7397341","Bed5IR",83,127,6.67519546,99
"GID7397361","GID7397361","Bed5IR",86,127,6.708528793,106
"GID7397362","GID7397362","Bed5IR",83,125,6.761862127,110
"GID7397363","GID7397363","Bed5IR",85,126,6.74519546,112
"GID7397372","GID7397372","Bed5IR",86,129,7.568528793,109
"GID7397373","GID7397373","Bed5IR",90,132,6.828528793,108
"GID7397431","GID7397431","Bed5IR",85,125,5.809177834,113
"GID7397442","GID7397442","Bed5IR",82,123,5.962511167,104
"GID7397493","GID7397493","Bed5IR",84,124,6.235844501,110
"GID7397500","GID7397500","Bed5IR",83,124,6.215844501,109
"GID7397501","GID7397501","Bed5IR",78,122,6.212511167,103
"GID7397504","GID7397504","Bed5IR",86,127,6.469177834,105
"GID7397510","GID7397510","Bed5IR",85,127,6.175844501,107
"GID7397516","GID7397516","Bed5IR",82,124,6.052511167,108
"GID7397520","GID7397520","Bed5IR",80,123,6.265844501,99
"GID7397531","GID7397531","Bed5IR",84,123,6.605844501,105
"GID7397538","GID7397538","Bed5IR",83,119,6.352511167,106
"GID7397540","GID7397540","Bed5IR",82,119,6.455844501,103
"GID7397544","GID7397544","Bed5IR",82,125,5.922511167,104
"GID7397551","GID7397551","Bed5IR",86,127,6.705844501,122
"GID7397553","GID7397553","Bed5IR",79,116,6.029177834,98
"GID7397555","GID7397555","Bed5IR",78,115,5.702511167,102
"GID7397572","GID7397572","Bed5IR",83,121,6.115844501,106
"GID7397582","GID7397582","Bed5IR",82,122,5.975844501,104
"GID7397590","GID7397590","Bed5IR",84,125,6.372511167,106
"GID7397604","GID7397604","Bed5IR",82,122,6.059177834,104
"GID7397627","GID7397627","Bed5IR",88,126,6.239177834,111
"GID7397666","GID7397666","Bed5IR",87,128,6.836506093,108
"GID7397667","GID7397667","Bed5IR",94,132,6.333172759,102
"GID7397672","GID7397672","Bed5IR",88,128,6.343172759,103
"GID7397687","GID7397687","Bed5IR",80,122,6.573172759,98
"GID7397691","GID7397691","Bed5IR",84,124,6.926506093,108
"GID7397692","GID7397692","Bed5IR",78,123,6.253172759,107
"GID7397713","GID7397713","Bed5IR",86,126,6.733172759,105
"GID7397720","GID7397720","Bed5IR",83,118,6.679839426,104
"GID7397728","GID7397728","Bed5IR",82,116,6.016506093,103
"GID7397737","GID7397737","Bed5IR",85,124,6.896506093,107
"GID7397747","GID7397747","Bed5IR",79,118,6.543172759,97
"GID7397754","GID7397754","Bed5IR",79,122,6.359839426,101
"GID7397762","GID7397762","Bed5IR",81,117,6.573172759,103
"GID7397772","GID7397772","Bed5IR",82,122,6.753668703,100
"GID7397815","GID7397815","Bed5IR",83,122,7.21033537,103
"GID7397873","GID7397873","Bed5IR",87,126,6.753668703,104
"GID7397891","GID7397891","Bed5IR",79,116,6.74033537,106
"GID7397892","GID7397892","Bed5IR",88,124,6.633668703,105
"GID7397893","GID7397893","Bed5IR",80,121,6.69033537,102
"GID7398001","GID7398001","Bed5IR",87,127,6.83033537,101
"GID7398005","GID7398005","Bed5IR",79,116,6.497002037,102
"GID7398014","GID7398014","Bed5IR",87,122,6.747002037,105
"GID7398018","GID7398018","Bed5IR",86,125,7.31033537,108
"GID7398020","GID7398020","Bed5IR",83,121,6.96033537,107
"GID7398023","GID7398023","Bed5IR",87,126,7.117002037,105
"GID7398041","GID7398041","Bed5IR",86,121,6.473668703,105
"GID7398092","GID7398092","Bed5IR",87,126,6.953668703,111
"GID7398119","GID7398119","Bed5IR",87,128,6.903668703,107
"GID7398254","GID7398254","Bed5IR",83,125,7.1268127,107
"GID7398265","GID7398265","Bed5IR",87,124,6.4668127,109
"GID7398266","GID7398266","Bed5IR",83,124,6.860146033,112
"GID7398274","GID7398274","Bed5IR",83,128,7.1868127,108
"GID7398288","GID7398288","Bed5IR",96,132,6.570146033,110
"GID7398289","GID7398289","Bed5IR",96,132,6.780146033,106
"GID7398307","GID7398307","Bed5IR",85,127,6.763479366,104
"GID7398319","GID7398319","Bed5IR",82,122,7.293479366,111
"GID7398322","GID7398322","Bed5IR",85,126,6.854724402,107
"GID7398326","GID7398326","Bed5IR",83,123,6.650146033,109
"GID7398344","GID7398344","Bed5IR",89,126,6.9668127,108
"GID7398352","GID7398352","Bed5IR",85,127,6.963479366,103
"GID7398363","GID7398363","Bed5IR",86,127,6.5768127,98
"GID7398376","GID7398376","Bed5IR",82,126,7.1468127,104
"GID7398377","GID7398377","Bed5IR",81,125,7.133479366,103
"GID7398383","GID7398383","Bed5IR",89,127,6.970146033,109
"GID7398400","GID7398400","Bed5IR",87,126,6.000440293,102
"GID7398411","GID7398411","Bed5IR",82,127,5.413773626,106
"GID7398412","GID7398412","Bed5IR",87,127,6.72710696,106
"GID7398413","GID7398413","Bed5IR",86,127,6.68710696,109
"GID7398419","GID7398419","Bed5IR",90,128,6.54710696,107
"GID7398421","GID7398421","Bed5IR",83,124,5.90710696,103
"GID7398427","GID7398427","Bed5IR",86,126,7.000440293,105
"GID7398428","GID7398428","Bed5IR",87,128,6.64710696,113
"GID7398430","GID7398430","Bed5IR",83,123,6.273773626,111
"GID7398431","GID7398431","Bed5IR",82,124,6.49710696,107
"GID7398433","GID7398433","Bed5IR",85,124,6.30710696,112
"GID7398434","GID7398434","Bed5IR",90,127,6.46710696,109
"GID7398435","GID7398435","Bed5IR",89,127,6.960440293,110
"GID7398438","GID7398438","Bed5IR",87,127,6.253773626,108
"GID7398439","GID7398439","Bed5IR",87,128,6.541828831,111
"GID7398440","GID7398440","Bed5IR",88,128,6.304784401,109
"GID7398442","GID7398442","Bed5IR",90,128,6.324784401,107
"GID7398443","GID7398443","Bed5IR",89,128,6.634784401,107
"GID7398444","GID7398444","Bed5IR",82,123,5.954784401,103
"GID7398451","GID7398451","Bed5IR",90,130,6.294784401,105
"GID7398452","GID7398452","Bed5IR",85,127,5.838117734,106
"GID7398455","GID7398455","Bed5IR",87,127,6.564784401,105
"GID7398460","GID7398460","Bed5IR",87,127,6.328117734,105
"GID7398462","GID7398462","Bed5IR",88,128,6.204784401,106
"GID7398463","GID7398463","Bed5IR",87,128,6.358117734,108
"GID7398471","GID7398471","Bed5IR",87,128,6.004784401,108
"GID7398474","GID7398474","Bed5IR",86,126,6.561451068,106
"GID7398485","GID7398485","Bed5IR",85,126,6.591451068,109
"GID7398529","GID7398529","Bed5IR",85,122,7.148117734,107
"GID7398595","GID7398595","Bed5IR",83,125,6.189454212,96
"GID7398603","GID7398603","Bed5IR",80,124,6.372787545,105
"GID7398640","GID7398640","Bed5IR",78,121,6.346120879,109
"GID7398685","GID7398685","Bed5IR",83,126,6.959454212,108
"GID7398700","GID7398700","Bed5IR",81,116,6.379454212,108
"GID7398701","GID7398701","Bed5IR",80,116,6.489454212,107
"GID7398758","GID7398758","Bed5IR",83,125,6.416120879,108
"GID7398759","GID7398759","Bed5IR",83,125,6.409454212,105
"GID7398774","GID7398774","Bed5IR",87,128,6.221027662,104
"GID7398776","GID7398776","Bed5IR",84,126,6.244360995,106
"GID7398782","GID7398782","Bed5IR",90,130,6.171027662,107
"GID7398783","GID7398783","Bed5IR",86,126,6.407694329,108
"GID7398789","GID7398789","Bed5IR",85,126,6.724360995,109
"GID7398813","GID7398813","Bed5IR",77,116,5.927694329,106
"GID7398846","GID7398846","Bed5IR",81,123,6.434360995,103
"GID7398872","GID7398872","Bed5IR",83,125,6.734360995,105
"GID7398877","GID7398877","Bed5IR",91,131,6.301027662,103
"GID7398884","GID7398884","Bed5IR",79,122,6.571027662,102
"GID7398894","GID7398894","Bed5IR",83,123,6.787694329,107
"GID7398895","GID7398895","Bed5IR",87,127,6.894360995,103
"GID7398903","GID7398903","Bed5IR",84,125,6.324360995,106
"GID7398909","GID7398909","Bed5IR",80,123,6.357694329,97
"GID7398915","GID7398915","Bed5IR",83,125,5.701027662,102
"GID7398920","GID7398920","Bed5IR",79,121,6.431027662,105
"GID7398922","GID7398922","Bed5IR",83,122,6.601027662,104
"GID7398924","GID7398924","Bed5IR",81,120,6.372838084,102
"GID7398925","GID7398925","Bed5IR",80,116,6.336171417,102
"GID7398926","GID7398926","Bed5IR",82,120,6.589504751,103
"GID7398928","GID7398928","Bed5IR",84,125,6.079504751,104
"GID7398929","GID7398929","Bed5IR",83,126,6.369504751,108
"GID7398934","GID7398934","Bed5IR",83,126,6.562838084,105
"GID7398953","GID7398953","Bed5IR",81,123,6.619504751,101
"GID7398957","GID7398957","Bed5IR",85,124,6.959504751,102
"GID7398976","GID7398976","Bed5IR",82,125,6.492838084,103
"GID7399010","GID7399010","Bed5IR",78,116,7.039504751,98
"GID7399011","GID7399011","Bed5IR",82,119,7.016171417,104
"GID7399013","GID7399013","Bed5IR",82,119,6.542838084,107
"GID7399014","GID7399014","Bed5IR",80,118,6.689504751,104
"GID7399037","GID7399037","Bed5IR",83,122,6.752838084,106
"GID7399072","GID7399072","Bed5IR",81,122,7.189504751,104
"GID7399095","GID7399095","Bed5IR",88,126,6.726171417,108
"GID7399104","GID7399104","Bed5IR",83,123,6.109504751,103
"GID7399115","GID7399115","Bed5IR",82,123,5.699504751,105
"GID7399116","GID7399116","Bed5IR",82,122,5.609504751,106
"GID7399118","GID7399118","Bed5IR",80,121,6.659504751,105
"GID7399121","GID7399121","Bed5IR",84,126,6.099504751,100
"GID7399135","GID7399135","Bed5IR",86,124,6.311789117,106
"GID7399140","GID7399140","Bed5IR",87,124,6.248455784,103
"GID7399179","GID7399179","Bed5IR",82,126,6.481789117,108
"GID7399180","GID7399180","Bed5IR",83,127,7.025122451,106
"GID7399181","GID7399181","Bed5IR",83,128,6.865122451,105
"GID7399248","GID7399248","Bed5IR",78,116,6.445122451,103
"GID7399264","GID7399264","Bed5IR",82,123,6.635122451,110
"GID7399267","GID7399267","Bed5IR",82,123,6.641789117,113
"GID7399272","GID7399272","Bed5IR",81,126,7.185122451,98
"GID7399277","GID7399277","Bed5IR",82,123,6.835122451,106
"GID7399288","GID7399288","Bed5IR",84,125,6.988455784,100
"GID7399289","GID7399289","Bed5IR",84,125,7.181789117,98
"GID7399321","GID7399321","Bed5IR",80,121,7.001789117,104
"GID7399345","GID7399345","Bed5IR",77,116,6.545122451,100
"GID7399382","GID7399382","Bed5IR",84,127,6.161789117,102
"GID7399399","GID7399399","Bed5IR",78,121,6.801789117,106
"GID7399403","GID7399403","Bed5IR",77,120,5.998455784,107
"GID7399413","GID7399413","Bed5IR",78,116,5.715122451,101
"GID7399418","GID7399418","Bed5IR",79,120,5.865122451,103
"GID7399424","GID7399424","Bed5IR",80,123,6.241789117,103
"GID7399425","GID7399425","Bed5IR",82,123,6.36476868,102
"GID7399442","GID7399442","Bed5IR",82,123,7.051435346,103
"GID7399445","GID7399445","Bed5IR",82,126,7.148102013,106
"GID7399447","GID7399447","Bed5IR",89,129,6.74476868,103
"GID7399450","GID7399450","Bed5IR",82,125,6.438102013,105
"GID7399455","GID7399455","Bed5IR",78,126,5.798102013,103
"GID7399457","GID7399457","Bed5IR",79,123,6.458102013,106
"GID7399469","GID7399469","Bed5IR",82,122,6.571435346,103
"GID7399471","GID7399471","Bed5IR",83,123,7.211435346,108
"GID7399478","GID7399478","Bed5IR",83,122,6.758102013,105
"GID7399483","GID7399483","Bed5IR",78,121,6.931435346,105
"GID7399485","GID7399485","Bed5IR",83,122,6.54476868,106
"GID7399491","GID7399491","Bed5IR",85,127,6.601435346,108
"GID7399496","GID7399496","Bed5IR",87,129,6.61476868,106
"GID7399497","GID7399497","Bed5IR",87,127,6.901435346,107
"GID7399499","GID7399499","Bed5IR",86,127,6.788102013,112
"GID7399505","GID7399505","Bed5IR",83,127,6.36690143,105
"GID7399507","GID7399507","Bed5IR",82,127,6.353568097,108
"GID7399508","GID7399508","Bed5IR",82,124,6.190234763,116
"GID7399509","GID7399509","Bed5IR",84,130,6.400234763,105
"GID7399511","GID7399511","Bed5IR",83,127,6.11690143,109
"GID7399514","GID7399514","Bed5IR",86,126,6.55690143,108
"GID7399537","GID7399537","Bed5IR",80,121,6.920234763,112
"GID7399539","GID7399539","Bed5IR",83,122,6.660234763,116
"GID7399541","GID7399541","Bed5IR",80,122,6.43690143,101
"GID7399543","GID7399543","Bed5IR",81,123,6.28690143,106
"GID7399544","GID7399544","Bed5IR",84,124,6.23690143,109
"GID7399545","GID7399545","Bed5IR",79,121,6.593568097,105
"GID7399548","GID7399548","Bed5IR",78,121,5.733568097,105
"GID7399556","GID7399556","Bed5IR",82,124,6.81690143,105
"GID7399558","GID7399558","Bed5IR",80,124,6.230234763,102
"GID7399578","GID7399578","Bed5IR",80,125,6.683568097,104
"GID7399584","GID7399584","Bed5IR",80,123,6.430234763,105
"GID7399601","GID7399601","Bed5IR",77,120,6.393568097,104
"GID7399607","GID7399607","Bed5IR",78,122,6.68690143,101
"GID7399609","GID7399609","Bed5IR",77,120,6.130534621,98
"GID7399610","GID7399610","Bed5IR",78,127,6.532197283,100
"GID7399612","GID7399612","Bed5IR",82,123,6.447197283,101
"GID7399613","GID7399613","Bed5IR",80,116,6.690534621,102
"GID7399614","GID7399614","Bed5IR",81,122,6.880534621,103
"GID7399615","GID7399615","Bed5IR",86,124,7.063867955,103
"GID7399616","GID7399616","Bed5IR",82,124,6.713867955,102
"GID7399619","GID7399619","Bed5IR",80,122,6.657201288,104
"GID7399621","GID7399621","Bed5IR",81,122,6.780534621,101
"GID7399622","GID7399622","Bed5IR",80,122,6.993867955,103
"GID7399623","GID7399623","Bed5IR",81,122,7.003867955,103
"GID7399627","GID7399627","Bed5IR",79,122,6.373867955,105
"GID7399629","GID7399629","Bed5IR",83,124,6.723867955,106
"GID7399631","GID7399631","Bed5IR",82,123,6.860534621,104
"GID7399636","GID7399636","Bed5IR",80,124,7.093867955,98
"GID7399637","GID7399637","Bed5IR",80,122,7.040534621,104
"GID7399638","GID7399638","Bed5IR",80,121,6.740534621,98
"GID7399639","GID7399639","Bed5IR",78,120,6.707201288,97
"GID7399640","GID7399640","Bed5IR",82,124,6.787201288,101
"GID7399641","GID7399641","Bed5IR",78,123,7.180534621,102
"GID7399643","GID7399643","Bed5IR",78,122,6.490534621,97
"GID7399644","GID7399644","Bed5IR",78,121,6.730534621,98
"GID7399645","GID7399645","Bed5IR",87,126,7.003867955,100
"GID7399647","GID7399647","Bed5IR",82,123,6.233867955,100
"GID7399650","GID7399650","Bed5IR",83,123,6.633867955,103
"GID7399651","GID7399651","Bed5IR",81,122,6.630534621,105
"GID7399654","GID7399654","Bed5IR",80,123,6.334582246,103
"GID7399712","GID7399712","Bed5IR",79,123,6.487915579,102
"GID7399738","GID7399738","Bed5IR",84,127,6.171248913,105
"GID7399739","GID7399739","Bed5IR",84,127,6.884582246,101
"GID7399789","GID7399789","Bed5IR",82,126,7.004582246,103
"GID7399808","GID7399808","Bed5IR",83,122,6.644582246,103
"GID7399816","GID7399816","Bed5IR",85,126,6.534582246,107
"GID7399819","GID7399819","Bed5IR",87,126,6.434582246,104
"GID7399821","GID7399821","Bed5IR",86,126,6.297874132,107
"GID7399823","GID7399823","Bed5IR",84,125,6.761248913,105
"GID7399829","GID7399829","Bed5IR",85,126,7.114582246,108
"GID7399830","GID7399830","Bed5IR",83,126,6.687915579,104
"GID7399831","GID7399831","Bed5IR",81,124,6.547915579,105
"GID7399832","GID7399832","Bed5IR",83,126,6.928774738,102
"GID7399834","GID7399834","Bed5IR",84,127,6.962108071,103
"GID7399835","GID7399835","Bed5IR",84,127,6.732108071,104
"GID7399836","GID7399836","Bed5IR",84,127,6.778774738,104
"GID7399840","GID7399840","Bed5IR",83,126,6.932108071,103
"GID7399841","GID7399841","Bed5IR",82,126,6.955441405,102
"GID7399844","GID7399844","Bed5IR",83,127,6.472108071,102
"GID7399875","GID7399875","Bed5IR",85,127,6.705441405,103
"GID7399884","GID7399884","Bed5IR",82,124,6.282108071,106
"GID7399900","GID7399900","Bed5IR",81,124,6.885441405,107
"GID7399902","GID7399902","Bed5IR",77,116,6.112108071,101
"GID7399904","GID7399904","Bed5IR",87,126,6.635441405,105
"GID7399905","GID7399905","Bed5IR",88,127,6.668774738,107
"GID7399906","GID7399906","Bed5IR",88,126,6.678774738,106
"GID7399908","GID7399908","Bed5IR",80,121,6.315441405,107
"GID7399924","GID7399924","Bed5IR",83,124,6.522108071,105
"GID7399938","GID7399938","Bed5IR",86,128,6.536174792,103
"GID7399946","GID7399946","Bed5IR",80,121,6.392841459,104
"GID7399947","GID7399947","Bed5IR",77,121,6.582841459,101
"GID7399948","GID7399948","Bed5IR",86,125,6.476174792,103
"GID7399950","GID7399950","Bed5IR",82,126,6.482841459,101
"GID7399956","GID7399956","Bed5IR",76,116,6.596174792,102
"GID7399960","GID7399960","Bed5IR",82,126,5.986174792,102
"GID7399966","GID7399966","Bed5IR",86,127,6.996174792,98
"GID7399981","GID7399981","Bed5IR",86,126,6.452841459,104
"GID7400004","GID7400004","Bed5IR",89,127,6.709508125,106
"GID7400031","GID7400031","Bed5IR",92,130,6.689508125,102
"GID7400062","GID7400062","Bed5IR",80,116,6.526174792,103
"GID7400063","GID7400063","Bed5IR",83,123,5.862841459,107
"GID7400064","GID7400064","Bed5IR",83,125,5.966174792,103
"GID7400069","GID7400069","Bed5IR",79,121,6.672841459,106
"GID7400073","GID7400073","Bed5IR",77,120,6.699508125,108
"GID7400085","GID7400085","Bed5IR",86,127,6.659508125,110
"GID7400087","GID7400087","Bed5IR",86,127,6.219508125,112
"GID7400088","GID7400088","Bed5IR",84,128,6.666174792,109
"GID7400090","GID7400090","Bed5IR",84,127,6.999508125,110
"GID7400091","GID7400091","Bed5IR",83,125,6.550708708,109
"GID7400093","GID7400093","Bed5IR",85,127,5.977375375,108
"GID7400099","GID7400099","Bed5IR",86,128,6.534042041,102
"GID7400168","GID7400168","Bed5IR",84,127,6.694042041,112
"GID7400194","GID7400194","Bed5IR",80,119,5.837375375,100
"GID7400204","GID7400204","Bed5IR",80,122,6.387375375,100
"GID7400209","GID7400209","Bed5IR",82,126,6.554042041,101
"GID7400222","GID7400222","Bed5IR",79,123,6.650708708,104
"GID7400224","GID7400224","Bed5IR",78,116,6.674042041,102
"GID7400239","GID7400239","Bed5IR",84,128,6.237375375,104
"GID7400242","GID7400242","Bed5IR",84,129,6.310708708,100
"GID7400243","GID7400243","Bed5IR",85,128,6.324042041,105
"GID7400251","GID7400251","Bed5IR",84,127,5.970708708,105
"GID7400265","GID7400265","Bed5IR",84,129,6.864042041,115
"GID7400267","GID7400267","Bed5IR",83,125,6.790708708,111
"GID7400275","GID7400275","Bed5IR",77,118,6.398253629,107
"GID7400276","GID7400276","Bed5IR",81,122,6.528253629,106
"GID7400278","GID7400278","Bed5IR",80,116,6.488253629,102
"GID7400279","GID7400279","Bed5IR",80,120,6.518253629,105
"GID7400280","GID7400280","Bed5IR",82,126,5.958253629,96
"GID7400281","GID7400281","Bed5IR",74,115,6.724920296,98
"GID7400282","GID7400282","Bed5IR",77,121,6.391586963,105
"GID7400292","GID7400292","Bed5IR",80,125,6.448253629,101
"GID7400293","GID7400293","Bed5IR",76,116,6.651586963,104
"GID7400294","GID7400294","Bed5IR",86,128,7.138253629,107
"GID7400298","GID7400298","Bed5IR",86,130,6.601586963,104
"GID7400299","GID7400299","Bed5IR",82,126,6.918253629,111
"GID7400301","GID7400301","Bed5IR",77,120,6.311586963,108
"GID7400305","GID7400305","Bed5IR",80,122,7.104920296,100
"GID7400306","GID7400306","Bed5IR",77,116,6.351586963,96
"GID7400307","GID7400307","Bed5IR",78,119,6.321586963,102
"GID7400308","GID7400308","Bed5IR",77,117,6.521586963,96
"GID7400309","GID7400309","Bed5IR",82,124,6.331586963,98
"GID7400311","GID7400311","Bed5IR",80,120,7.278253629,102
"GID7400313","GID7400313","Bed5IR",78,116,6.381586963,100
"GID7400315","GID7400315","Bed5IR",79,121,6.271586963,100
"GID7400316","GID7400316","Bed5IR",80,118,6.541586963,98
"GID7400318","GID7400318","Bed5IR",74,124,6.631586963,97
"GID7400320","GID7400320","Bed5IR",87,127,6.698253629,104
"GID7400331","GID7400331","Bed5IR",83,123,6.79407011,105
"GID7400337","GID7400337","Bed5IR",82,124,7.07407011,104
"GID7400383","GID7400383","Bed5IR",84,124,6.470736776,105
"GID7400430","GID7400430","Bed5IR",85,128,6.230736776,105
"GID7400441","GID7400441","Bed5IR",78,116,7.09407011,104
"GID7400442","GID7400442","Bed5IR",82,122,7.237403443,108
"GID7400446","GID7400446","Bed5IR",83,124,7.237403443,102
"GID7400448","GID7400448","Bed5IR",83,126,7.140736776,104
"GID7400453","GID7400453","Bed5IR",87,126,6.877403443,108
"GID7400456","GID7400456","Bed5IR",81,123,6.837403443,102
"GID7400458","GID7400458","Bed5IR",82,126,6.84407011,112
"GID7400459","GID7400459","Bed5IR",84,126,6.827403443,102
"GID7400460","GID7400460","Bed5IR",85,126,7.117403443,100
"GID7400467","GID7400467","Bed5IR",85,127,7.18407011,105
"GID7400471","GID7400471","Bed5IR",82,125,7.087403443,103
"GID7400478","GID7400478","Bed5IR",76,116,6.140736776,105
"GID7400482","GID7400482","Bed5IR",83,126,6.177403443,103
"GID7400488","GID7400488","Bed5IR",80,124,7.04407011,102
"GID7400490","GID7400490","Bed5IR",75,116,6.47101194,100
"GID7400491","GID7400491","Bed5IR",81,122,7.057678607,106
"GID7400511","GID7400511","Bed5IR",83,123,6.69101194,102
"GID7400518","GID7400518","Bed5IR",82,121,6.67101194,114
"GID7400536","GID7400536","Bed5IR",89,129,6.586676805,110
"GID7400537","GID7400537","Bed5IR",86,124,6.676676805,108
"GID7400538","GID7400538","Bed5IR",88,129,6.463343471,106
"GID7400539","GID7400539","Bed5IR",88,128,6.606676805,108
"GID7400541","GID7400541","Bed5IR",88,129,6.613343471,111
"GID7400545","GID7400545","Bed5IR",86,128,7.093343471,109
"GID7400551","GID7400551","Bed5IR",82,120,6.446676805,102
"GID7400571","GID7400571","Bed5IR",82,116,6.750010138,106
"GID7400579","GID7400579","Bed5IR",82,116,7.440010138,110
"GID7400581","GID7400581","Bed5IR",89,128,6.796676805,105
"GID7400582","GID7400582","Bed5IR",83,124,6.416676805,100
"GID7400583","GID7400583","Bed5IR",88,125,6.650010138,107
"GID7400595","GID7400595","Bed5IR",79,127,6.953343471,107
"GID7400597","GID7400597","Bed5IR",86,123,6.833343471,110
"GID7400598","GID7400598","Bed5IR",82,122,7.060010138,105
"GID7400602","GID7400602","Bed5IR",91,128,7.306676805,110
"GID7400624","GID7400624","Bed5IR",86,122,6.576676805,107
"GID7400635","GID7400635","Bed5IR",87,128,6.393343471,109
"GID7400639","GID7400639","Bed5IR",87,123,6.53694522,106
"GID7400641","GID7400641","Bed5IR",86,124,6.893611887,105
"GID7400644","GID7400644","Bed5IR",88,123,6.76694522,110
"GID7400646","GID7400646","Bed5IR",86,124,6.59694522,111
"GID7400651","GID7400651","Bed5IR",88,125,6.583611887,112
"GID7400653","GID7400653","Bed5IR",91,129,6.770278553,110
"GID7400656","GID7400656","Bed5IR",85,122,6.81694522,107
"GID7400663","GID7400663","Bed5IR",87,124,6.763611887,106
"GID7400670","GID7400670","Bed5IR",86,127,6.453611887,107
"GID7400676","GID7400676","Bed5IR",87,123,6.64694522,108
"GID7400679","GID7400679","Bed5IR",87,125,7.510278553,116
"GID7400696","GID7400696","Bed5IR",86,123,6.933611887,108
"GID7400699","GID7400699","Bed5IR",86,122,6.84694522,107
"GID7400700","GID7400700","Bed5IR",88,126,6.94694522,106
"GID7400701","GID7400701","Bed5IR",81,120,6.350278553,105
"GID7400702","GID7400702","Bed5IR",82,122,6.390278553,106
"GID7400703","GID7400703","Bed5IR",91,127,6.60694522,108
"GID7400704","GID7400704","Bed5IR",86,123,7.553611887,110
"GID7400717","GID7400717","Bed5IR",92,127,6.930278553,108
"GID7400720","GID7400720","Bed5IR",92,129,5.95694522,97
"GID7400724","GID7400724","Bed5IR",89,127,7.19694522,105
"GID7400729","GID7400729","Bed5IR",89,128,6.78694522,104
"GID7400733","GID7400733","Bed5IR",88,126,7.520278553,105
"GID7400736","GID7400736","Bed5IR",88,123,5.863611887,106
"GID7400738","GID7400738","Bed5IR",79,118,6.660278553,107
"GID7400741","GID7400741","Bed5IR",87,122,6.84694522,109
"GID7400743","GID7400743","Bed5IR",87,125,7.153226673,104
"GID7400746","GID7400746","Bed5IR",87,127,6.876560006,106
"GID7400747","GID7400747","Bed5IR",88,127,7.139893339,106
"GID7400748","GID7400748","Bed5IR",88,127,7.086560006,106
"GID7400749","GID7400749","Bed5IR",87,126,7.159893339,107
"GID7400751","GID7400751","Bed5IR",88,126,7.136560006,105
"GID7400752","GID7400752","Bed5IR",89,129,6.746560006,101
"GID7400754","GID7400754","Bed5IR",84,120,6.849893339,106
"GID7400757","GID7400757","Bed5IR",82,121,7.159893339,107
"GID7400758","GID7400758","Bed5IR",81,116,7.223226673,99
"GID7400759","GID7400759","Bed5IR",82,119,6.856560006,105
"GID7400769","GID7400769","Bed5IR",87,124,7.343226673,105
"GID7400770","GID7400770","Bed5IR",89,128,7.379893339,101
"GID7400771","GID7400771","Bed5IR",90,129,7.436560006,100
"GID7400772","GID7400772","Bed5IR",88,126,7.263226673,105
"GID7400777","GID7400777","Bed5IR",89,129,6.416560006,104
"GID7400786","GID7400786","Bed5IR",85,124,7.051451068,104
"GID7400794","GID7400794","Bed5IR",80,126,6.801451068,105
"GID7400807","GID7400807","Bed5IR",88,125,5.614784401,100
"GID7400816","GID7400816","Bed5IR",86,116,6.234784401,105
"GID7400819","GID7400819","Bed5IR",88,126,6.308117734,106
"GID7400827","GID7400827","Bed5IR",86,125,6.601451068,101
"GID7400872","GID7400872","Bed5IR",81,116,6.320010138,105
"GID7400873","GID7400873","Bed5IR",85,121,6.419770733,105
"GID7400876","GID7400876","Bed5IR",88,127,7.366155696,106
"GID7400877","GID7400877","Bed5IR",87,126,6.672822363,112
"GID7400878","GID7400878","Bed5IR",82,124,6.790408836,111
"GID7400882","GID7400882","Bed5IR",88,128,7.002822363,116
"GID7400883","GID7400883","Bed5IR",87,127,7.466155696,105
"GID7400885","GID7400885","Bed5IR",87,128,6.989489029,106
"GID7400887","GID7400887","Bed5IR",88,127,7.089489029,115
"GID7400888","GID7400888","Bed5IR",91,128,6.952822363,110
"GID7400901","GID7400901","Bed5IR",88,125,7.116155696,110
"GID7400903","GID7400903","Bed5IR",91,129,7.180408836,110
"GID7400905","GID7400905","Bed5IR",81,122,6.116155696,105
"GID7400913","GID7400913","Bed5IR",86,124,7.152822363,103
"GID7400914","GID7400914","Bed5IR",85,126,7.382822363,101
"GID7400915","GID7400915","Bed5IR",86,125,7.177705667,102
"GID7400916","GID7400916","Bed5IR",86,123,6.822705667,112
"GID7400922","GID7400922","Bed5IR",82,122,6.819489029,107
"GID7400943","GID7400943","Bed5IR",80,121,6.946155696,103
"GID7400945","GID7400945","Bed5IR",80,122,6.752822363,110
"GID7400949","GID7400949","Bed5IR",84,123,6.286155696,113
"GID7400952","GID7400952","Bed5IR",86,123,6.882822363,110
"GID7400959","GID7400959","Bed5IR",93,130,7.059489029,108
"GID7400963","GID7400963","Bed5IR",79,119,7.099489029,106
"GID7400965","GID7400965","Bed5IR",87,127,7.049489029,106
"GID7400966","GID7400966","Bed5IR",93,133,6.047460807,105
"GID7400967","GID7400967","Bed5IR",85,127,7.247460807,106
"GID7400968","GID7400968","Bed5IR",88,133,6.79079414,108
"GID7400970","GID7400970","Bed5IR",86,130,6.784127473,107
"GID7400971","GID7400971","Bed5IR",87,132,6.357460807,111
"GID7400972","GID7400972","Bed5IR",87,129,6.397460807,107
"GID7400973","GID7400973","Bed5IR",87,128,5.946346222,108
"GID7400983","GID7400983","Bed5IR",85,124,7.207460807,111
"GID7400990","GID7400990","Bed5IR",87,126,6.557460807,112
"GID7400994","GID7400994","Bed5IR",88,129,6.186726854,115
"GID7401035","GID7401035","Bed5IR",88,129,7.264127473,108
"GID7401038","GID7401038","Bed5IR",87,127,6.024127473,109
"GID7401050","GID7401050","Bed5IR",90,127,6.52079414,111
"GID7401052","GID7401052","Bed5IR",86,123,6.737460807,103
"GID7401053","GID7401053","Bed5IR",85,125,6.377460807,106
"GID7401067","GID7401067","Bed5IR",88,127,6.617460807,111
"GID7401070","GID7401070","Bed5IR",87,127,5.95079414,112
"GID7401073","GID7401073","Bed5IR",89,132,7.00079414,115
"GID7401076","GID7401076","Bed5IR",88,132,6.71079414,117
"GID7401078","GID7401078","Bed5IR",89,132,5.937460807,122
"GID7401079","GID7401079","Bed5IR",88,131,6.717460807,117
"GID7401087","GID7401087","Bed5IR",85,126,6.867460807,114
"GID7401090","GID7401090","Bed5IR",90,128,7.049162084,105
"GID7401109","GID7401109","Bed5IR",88,126,6.642495418,108
"GID7401111","GID7401111","Bed5IR",87,123,6.402495418,111
"GID7401113","GID7401113","Bed5IR",86,121,6.752495418,109
"GID7401114","GID7401114","Bed5IR",80,120,7.069162084,106
"GID7401115","GID7401115","Bed5IR",87,125,6.599162084,110
"GID7401116","GID7401116","Bed5IR",86,122,6.215828751,109
"GID7401118","GID7401118","Bed5IR",86,121,6.049162084,105
"GID7401152","GID7401152","Bed5IR",87,128,6.778597575,109
"GID7401156","GID7401156","Bed5IR",89,128,6.432495418,106
"GID7401193","GID7401193","Bed5IR",91,131,7.289162084,111
"GID7401202","GID7401202","Bed5IR",84,123,6.265828751,110
"GID7401210","GID7401210","Bed5IR",86,123,6.222495418,109
"GID7401212","GID7401212","Bed5IR",86,123,7.442495418,110
"GID7401214","GID7401214","Bed5IR",87,126,7.679162084,110
"GID7401221","GID7401221","Bed5IR",86,125,6.175828751,107
"GID7401224","GID7401224","Bed5IR",86,123,6.309162084,105
"GID7401230","GID7401230","Bed5IR",87,126,6.075828751,104
"GID7401231","GID7401231","Bed5IR",87,126,6.465828751,106
"GID7401239","GID7401239","Bed5IR",89,127,6.495828751,104
"GID7401242","GID7401242","Bed5IR",89,125,6.089162084,103
"GID7401292","GID7401292","Bed5IR",76,122,7.033597575,97
"GID7401295","GID7401295","Bed5IR",86,125,6.583597575,109
"GID7401310","GID7401310","Bed5IR",93,129,6.043597575,107
"GID7401319","GID7401319","Bed5IR",82,118,6.352541625,100
"GID7401341","GID7401341","Bed5IR",87,132,7.015874959,106
"GID7401342","GID7401342","Bed5IR",77,125,6.319208292,101
"GID7401343","GID7401343","Bed5IR",80,116,6.845874959,102
"GID7401356","GID7401356","Bed5IR",89,126,7.592541625,112
"GID7401358","GID7401358","Bed5IR",87,127,7.329208292,113
"GID7401367","GID7401367","Bed5IR",87,124,6.303226673,102
"GID7401418","GID7401418","Bed5IR",85,122,7.013226673,110
"GID7401428","GID7401428","Bed5IR",86,122,6.256560006,108
"GID7401431","GID7401431","Bed5IR",89,124,6.689893339,106
"GID7401466","GID7401466","Bed5IR",79,116,6.339893339,100
"GID7401467","GID7401467","Bed5IR",85,123,6.383226673,100
"GID7401470","GID7401470","Bed5IR",85,124,6.857403443,109
"GID7401474","GID7401474","Bed5IR",78,123,6.767403443,101
"GID7401477","GID7401477","Bed5IR",86,123,6.807403443,110
"GID7401478","GID7401478","Bed5IR",81,123,6.890736776,105
"GID7401479","GID7401479","Bed5IR",79,123,6.930736776,99
"GID7401498","GID7401498","Bed5IR",90,128,6.567403443,103
"GID7401507","GID7401507","Bed5IR",91,129,7.140736776,104
"GID7401510","GID7401510","Bed5IR",89,127,6.830736776,103
"GID7401511","GID7401511","Bed5IR",89,127,7.13407011,103
"GID7401518","GID7401518","Bed5IR",90,129,7.437403443,104
"GID7401528","GID7401528","Bed5IR",90,129,6.91407011,104
"GID7401531","GID7401531","Bed5IR",87,124,6.41407011,111
"GID7401532","GID7401532","Bed5IR",87,125,6.45407011,110
"GID7401537","GID7401537","Bed5IR",86,123,6.887403443,112
"GID7401541","GID7401541","Bed5IR",90,129,7.170736776,106
"GID7401558","GID7401558","Bed5IR",86,123,7.297403443,105
"GID7401560","GID7401560","Bed5IR",84,121,7.00407011,106
"GID7401569","GID7401569","Bed5IR",83,121,7.240736776,109
"GID7401570","GID7401570","Bed5IR",86,123,6.887403443,111
"GID7401571","GID7401571","Bed5IR",83,122,7.530736776,110
"GID7401579","GID7401579","Bed5IR",85,124,7.327403443,112
"GID7401580","GID7401580","Bed5IR",85,123,7.17407011,115
"GID7401582","GID7401582","Bed5IR",82,122,7.047403443,108
"GID7401584","GID7401584","Bed5IR",82,121,7.35407011,106
"GID7401585","GID7401585","Bed5IR",82,116,7.27407011,108
"GID7401588","GID7401588","Bed5IR",87,122,6.92407011,109
"GID7401590","GID7401590","Bed5IR",87,124,6.96901171,110
"GID7401603","GID7401603","Bed5IR",87,126,6.775678377,107
"GID7401609","GID7401609","Bed5IR",88,125,7.03901171,108
"GID7401610","GID7401610","Bed5IR",87,125,7.022345044,106
"GID7401621","GID7401621","Bed5IR",87,126,6.482345044,112
"GID7401622","GID7401622","Bed5IR",88,128,6.142345044,107
"GID7401641","GID7401641","Bed5IR",81,116,6.945678377,111
"GID7401643","GID7401643","Bed5IR",88,123,6.53901171,111
"GID7401645","GID7401645","Bed5IR",91,130,7.165678377,109
"GID7401646","GID7401646","Bed5IR",86,123,6.622345044,103
"GID7401647","GID7401647","Bed5IR",88,123,6.51901171,112
"GID7401649","GID7401649","Bed5IR",85,123,7.195678377,113
"GID7401651","GID7401651","Bed5IR",87,124,7.265678377,103
"GID7401653","GID7401653","Bed5IR",88,124,6.332345044,113
"GID7401656","GID7401656","Bed5IR",89,128,5.402345044,105
"GID7401659","GID7401659","Bed5IR",93,131,6.84901171,104
"GID7401661","GID7401661","Bed5IR",95,132,6.42901171,102
"GID7401668","GID7401668","Bed5IR",87,126,6.385678377,105
"GID7401670","GID7401670","Bed5IR",87,127,6.742345044,106
"GID7401671","GID7401671","Bed5IR",89,129,6.67901171,110
"GID7401672","GID7401672","Bed5IR",88,128,6.625678377,103
"GID7401673","GID7401673","Bed5IR",87,128,6.73901171,104
"GID7401675","GID7401675","Bed5IR",89,128,6.785678377,109
"GID7401676","GID7401676","Bed5IR",86,123,6.83901171,111
"GID7401677","GID7401677","Bed5IR",89,129,7.17901171,111
"GID7401683","GID7401683","Bed5IR",81,120,6.845678377,107
"GID7401686","GID7401686","Bed5IR",79,116,7.072345044,106
"GID7401766","GID7401766","Bed5IR",82,122,6.609997791,100
"GID7401803","GID7401803","Bed5IR",85,124,6.566664458,106
"GID7401811","GID7401811","Bed5IR",87,126,7.806664458,107
"GID7401815","GID7401815","Bed5IR",86,124,7.013331125,105
"GID7401872","GID7401872","Bed5IR",91,132,6.683331125,107
"GID7401875","GID7401875","Bed5IR",89,127,6.489997791,112
"GID7401878","GID7401878","Bed5IR",87,125,6.133331125,111
"GID7401886","GID7401886","Bed5IR",82,122,7.569997791,104
"GID7401888","GID7401888","Bed5IR",87,127,7.406664458,100
"GID7401890","GID7401890","Bed5IR",87,129,7.209770733,103
"GID7401896","GID7401896","Bed5IR",93,131,6.549770733,106
"GID7401898","GID7401898","Bed5IR",87,127,6.6964374,113
"GID7401900","GID7401900","Bed5IR",87,127,6.619770733,112
"GID7401909","GID7401909","Bed5IR",86,126,6.849770733,106
"GID7401934","GID7401934","Bed5IR",87,127,6.6664374,107
"GID7401952","GID7401952","Bed5IR",92,129,6.4164374,108
"GID7401956","GID7401956","Bed5IR",90,127,6.573104066,107
"GID7401987","GID7401987","Bed5IR",88,128,5.973104066,107
"GID7401988","GID7401988","Bed5IR",87,127,6.299770733,97
"GID7401995","GID7401995","Bed5IR",87,124,6.2164374,109
"GID7402002","GID7402002","Bed5IR",91,131,6.159770733,106
"GID7402010","GID7402010","Bed5IR",87,127,6.713104066,113
"GID7402011","GID7402011","Bed5IR",85,122,6.423104066,111
"GID7402019","GID7402019","Bed5IR",86,124,6.239770733,104
"GID7402021","GID7402021","Bed5IR",86,123,6.2064374,102
"GID7402049","GID7402049","Bed5IR",87,126,6.975874959,111
"GID7402054","GID7402054","Bed5IR",81,116,6.982541625,100
"GID7402056","GID7402056","Bed5IR",82,124,7.132541625,103
"GID7402059","GID7402059","Bed5IR",87,125,6.652541625,102
"GID7402061","GID7402061","Bed5IR",87,125,6.752541625,107
"GID7402063","GID7402063","Bed5IR",85,126,6.789208292,108
"GID7402078","GID7402078","Bed5IR",90,128,7.015874959,110
"GID7402080","GID7402080","Bed5IR",89,129,6.455874959,106
"GID7402081","GID7402081","Bed5IR",86,125,7.302541625,110
"GID7402102","GID7402102","Bed5IR",86,127,6.679208292,110
"GID7402105","GID7402105","Bed5IR",82,125,6.825874959,109
"GID7402172","GID7402172","Bed5IR",87,125,6.529770733,110
"GID7402200","GID7402200","Bed5IR",86,123,6.923343471,105
"GID7402206","GID7402206","Bed5IR",88,126,6.920010138,109
"GID7402209","GID7402209","Bed5IR",87,126,6.500010138,111
"GID7402211","GID7402211","Bed5IR",86,122,6.876676805,110
"GID7402225","GID7402225","Bed5IR",90,127,7.380010138,107
"GID7402229","GID7402229","Bed5IR",87,123,6.550010138,103
"GID7305339","GID7305339","Flat5IR",85,123,6.772885304,100
"GID7305341","GID7305341","Flat5IR",84,122,6.502885304,97
"GID7305349","GID7305349","Flat5IR",87,127,6.472885304,101
"GID7305427","GID7305427","Flat5IR",83,118,6.659551971,110
"GID7305649","GID7305649","Flat5IR",87,129,5.206218637,98
"GID7305677","GID7305677","Flat5IR",89,132,6.365559986,110
"GID7305682","GID7305682","Flat5IR",89,122,5.790825552,100
"GID7305695","GID7305695","Flat5IR",86,122,6.164158885,100
"GID7305714","GID7305714","Flat5IR",80,120,6.46130527,96
"GID7305743","GID7305743","Flat5IR",78,116,5.98130527,107
"GID7305802","GID7305802","Flat5IR",87,122,7.159551971,104
"GID7305805","GID7305805","Flat5IR",91,126,6.449551971,102
"GID7305827","GID7305827","Flat5IR",87,126,5.891618065,103
"GID7305834","GID7305834","Flat5IR",76,118,6.654951398,101
"GID7305837","GID7305837","Flat5IR",86,129,6.314951398,99
"GID7305872","GID7305872","Flat5IR",80,119,5.892316119,102
"GID7305877","GID7305877","Flat5IR",78,117,6.388982786,94
"GID7305879","GID7305879","Flat5IR",79,119,5.948982786,95
"GID7305883","GID7305883","Flat5IR",86,129,6.368982786,99
"GID7305888","GID7305888","Flat5IR",83,123,5.78224568,99
"GID7305906","GID7305906","Flat5IR",89,128,6.175579013,106
"GID7305909","GID7305909","Flat5IR",82,119,5.798912346,89
"GID7305910","GID7305910","Flat5IR",85,127,5.465579013,99
"GID7305960","GID7305960","Flat5IR",88,129,6.852885304,100
"GID7310423","GID7310423","Flat5IR",84,121,6.668176914,99
"GID7310428","GID7310428","Flat5IR",88,127,6.45484358,102
"GID7310430","GID7310430","Flat5IR",87,126,6.491510247,100
"GID7310511","GID7310511","Flat5IR",86,122,6.622103817,95
"GID7310597","GID7310597","Flat5IR",84,125,6.792103817,99
"GID7310601","GID7310601","Flat5IR",85,127,6.652103817,94
"GID7310605","GID7310605","Flat5IR",86,126,5.79543715,107
"GID7310606","GID7310606","Flat5IR",87,129,6.302103817,97
"GID7310612","GID7310612","Flat5IR",81,123,6.522103817,101
"GID7310617","GID7310617","Flat5IR",83,126,6.662103817,102
"GID7310628","GID7310628","Flat5IR",81,119,6.85543715,104
"GID7310629","GID7310629","Flat5IR",85,127,6.72543715,97
"GID7310635","GID7310635","Flat5IR",85,122,5.968770483,105
"GID7310669","GID7310669","Flat5IR",83,124,6.118770483,105
"GID7310700","GID7310700","Flat5IR",84,121,6.532103817,100
"GID7310704","GID7310704","Flat5IR",81,119,6.322103817,102
"GID7310720","GID7310720","Flat5IR",82,121,6.568770483,104
"GID7310723","GID7310723","Flat5IR",80,119,6.98543715,103
"GID7310745","GID7310745","Flat5IR",80,117,5.764337818,104
"GID7310770","GID7310770","Flat5IR",82,119,6.664337818,102
"GID7310771","GID7310771","Flat5IR",83,120,6.654337818,101
"GID7310774","GID7310774","Flat5IR",84,119,6.631004485,96
"GID7310775","GID7310775","Flat5IR",85,119,6.524337818,96
"GID7310785","GID7310785","Flat5IR",80,115,7.257671151,103
"GID7310788","GID7310788","Flat5IR",87,127,6.467671151,97
"GID7310789","GID7310789","Flat5IR",86,126,6.407671151,100
"GID7310794","GID7310794","Flat5IR",85,126,6.474337818,96
"GID7310795","GID7310795","Flat5IR",81,119,6.074337818,106
"GID7310797","GID7310797","Flat5IR",75,115,6.491004485,108
"GID7310799","GID7310799","Flat5IR",81,122,5.981004485,100
"GID7310804","GID7310804","Flat5IR",76,117,6.737671151,108
"GID7310806","GID7310806","Flat5IR",86,126,5.701004485,104
"GID7310807","GID7310807","Flat5IR",82,119,6.927671151,101
"GID7310808","GID7310808","Flat5IR",85,123,6.454337818,102
"GID7310835","GID7310835","Flat5IR",81,117,6.434337818,108
"GID7310856","GID7310856","Flat5IR",80,118,6.234337818,96
"GID7310862","GID7310862","Flat5IR",80,117,6.284337818,96
"GID7310872","GID7310872","Flat5IR",85,122,6.417671151,87
"GID7310893","GID7310893","Flat5IR",80,117,6.244337818,107
"GID7310894","GID7310894","Flat5IR",75,115,5.774337818,110
"GID7310902","GID7310902","Flat5IR",84,119,6.077671151,106
"GID7310905","GID7310905","Flat5IR",81,121,7.401170733,98
"GID7310906","GID7310906","Flat5IR",80,122,7.164504066,101
"GID7310918","GID7310918","Flat5IR",78,121,6.4678374,105
"GID7310930","GID7310930","Flat5IR",87,127,6.354504066,111
"GID7310936","GID7310936","Flat5IR",84,120,5.8878374,99
"GID7310946","GID7310946","Flat5IR",81,121,6.9978374,105
"GID7310972","GID7310972","Flat5IR",84,121,7.1178374,106
"GID7310981","GID7310981","Flat5IR",81,122,6.3778374,104
"GID7311017","GID7311017","Flat5IR",83,127,6.087757551,103
"GID7311040","GID7311040","Flat5IR",75,115,6.521170733,110
"GID7311059","GID7311059","Flat5IR",77,116,7.371170733,115
"GID7311068","GID7311068","Flat5IR",84,122,6.681170733,94
"GID7311077","GID7311077","Flat5IR",84,127,7.244504066,98
"GID7311085","GID7311085","Flat5IR",87,129,6.8178374,97
"GID7311105","GID7311105","Flat5IR",78,120,6.604504066,103
"GID7311109","GID7311109","Flat5IR",84,125,6.631170733,95
"GID7311113","GID7311113","Flat5IR",81,120,6.7178374,98
"GID7311118","GID7311118","Flat5IR",82,122,6.094504066,97
"GID7311132","GID7311132","Flat5IR",79,126,6.881170733,96
"GID7311134","GID7311134","Flat5IR",80,123,5.731170733,104
"GID7311137","GID7311137","Flat5IR",87,128,6.371170733,94
"GID7311140","GID7311140","Flat5IR",78,119,5.104504066,104
"GID7311152","GID7311152","Flat5IR",81,124,6.308298091,97
"GID7311160","GID7311160","Flat5IR",82,123,7.158298091,102
"GID7311174","GID7311174","Flat5IR",81,126,5.444964758,95
"GID7311193","GID7311193","Flat5IR",81,119,6.548298091,107
"GID7311200","GID7311200","Flat5IR",82,124,6.501631424,100
"GID7311249","GID7311249","Flat5IR",81,123,6.881631424,101
"GID7311300","GID7311300","Flat5IR",79,116,6.298298091,102
"GID7311326","GID7311326","Flat5IR",81,124,6.648298091,103
"GID7311365","GID7311365","Flat5IR",83,124,6.327178749,99
"GID7311374","GID7311374","Flat5IR",82,121,6.217178749,102
"GID7311391","GID7311391","Flat5IR",85,128,6.167178749,98
"GID7311407","GID7311407","Flat5IR",84,126,6.280512082,101
"GID7311417","GID7311417","Flat5IR",85,127,6.303845415,104
"GID7311425","GID7311425","Flat5IR",84,128,6.110512082,98
"GID7311435","GID7311435","Flat5IR",83,121,6.213845415,88
"GID7311448","GID7311448","Flat5IR",84,127,6.283845415,90
"GID7311460","GID7311460","Flat5IR",84,126,6.083845415,97
"GID7311467","GID7311467","Flat5IR",79,121,6.253845415,101
"GID7311468","GID7311468","Flat5IR",84,128,5.644766798,95
"GID7311470","GID7311470","Flat5IR",85,124,6.371433465,97
"GID7311478","GID7311478","Flat5IR",80,123,6.404766798,101
"GID7311481","GID7311481","Flat5IR",82,122,6.521433465,102
"GID7311520","GID7311520","Flat5IR",83,122,6.078100132,99
"GID7311526","GID7311526","Flat5IR",82,121,6.041433465,104
"GID7311536","GID7311536","Flat5IR",83,123,6.030230998,106
"GID7311541","GID7311541","Flat5IR",82,120,5.986897665,104
"GID7311544","GID7311544","Flat5IR",83,121,6.550230998,109
"GID7311551","GID7311551","Flat5IR",84,127,6.303564332,104
"GID7311555","GID7311555","Flat5IR",79,120,6.236897665,102
"GID7311557","GID7311557","Flat5IR",84,123,6.013564332,111
"GID7311560","GID7311560","Flat5IR",86,130,5.910230998,99
"GID7311566","GID7311566","Flat5IR",82,121,6.680230998,107
"GID7311568","GID7311568","Flat5IR",84,127,5.433564332,101
"GID7311612","GID7311612","Flat5IR",81,120,7.063564332,105
"GID7311884","GID7311884","Flat5IR",79,116,6.746103802,100
"GID7311886","GID7311886","Flat5IR",82,118,6.359437135,105
"GID7311891","GID7311891","Flat5IR",81,123,6.469437135,94
"GID7311894","GID7311894","Flat5IR",81,118,6.716103802,95
"GID7311895","GID7311895","Flat5IR",83,120,6.599437135,101
"GID7311938","GID7311938","Flat5IR",81,125,6.178656632,94
"GID7311967","GID7311967","Flat5IR",80,119,6.771989965,100
"GID7311977","GID7311977","Flat5IR",82,122,6.945323298,100
"GID7312045","GID7312045","Flat5IR",83,123,5.641836401,100
"GID7312066","GID7312066","Flat5IR",82,127,6.611836401,96
"GID7312069","GID7312069","Flat5IR",82,128,6.531836401,100
"GID7312071","GID7312071","Flat5IR",81,127,6.531836401,98
"GID7312074","GID7312074","Flat5IR",84,129,6.258503068,101
"GID7312079","GID7312079","Flat5IR",84,123,5.865169735,100
"GID7312081","GID7312081","Flat5IR",86,128,5.701836401,103
"GID7312082","GID7312082","Flat5IR",85,122,5.031836401,100
"GID7312083","GID7312083","Flat5IR",83,123,5.611836401,102
"GID7312084","GID7312084","Flat5IR",86,129,5.575169735,105
"GID7312085","GID7312085","Flat5IR",87,128,6.705169735,102
"GID7312086","GID7312086","Flat5IR",84,123,5.781836401,94
"GID7312119","GID7312119","Flat5IR",83,121,5.710755112,105
"GID7312122","GID7312122","Flat5IR",84,126,6.284088446,95
"GID7312215","GID7312215","Flat5IR",83,127,6.850755112,105
"GID7312223","GID7312223","Flat5IR",78,118,6.804088446,105
"GID7312242","GID7312242","Flat5IR",83,122,6.604088446,108
"GID7312262","GID7312262","Flat5IR",82,121,5.927421779,99
"GID7312313","GID7312313","Flat5IR",82,120,7.317683836,86
"GID7312319","GID7312319","Flat5IR",85,125,6.541017169,80
"GID7312360","GID7312360","Flat5IR",84,124,6.194350503,86
"GID7312376","GID7312376","Flat5IR",82,120,5.721017169,98
"GID7312378","GID7312378","Flat5IR",81,119,6.397683836,89
"GID7312386","GID7312386","Flat5IR",81,119,6.144350503,92
"GID7312388","GID7312388","Flat5IR",84,122,5.467683836,85
"GID7312394","GID7312394","Flat5IR",83,119,6.004350503,84
"GID7312398","GID7312398","Flat5IR",81,119,7.854350503,95
"GID7312402","GID7312402","Flat5IR",83,121,5.951017169,96
"GID7312410","GID7312410","Flat5IR",85,122,7.057683836,91
"GID7312413","GID7312413","Flat5IR",86,124,6.907683836,95
"GID7312429","GID7312429","Flat5IR",84,126,7.034350503,85
"GID7312439","GID7312439","Flat5IR",85,127,6.021017169,89
"GID7312451","GID7312451","Flat5IR",90,126,5.927683836,88
"GID7312452","GID7312452","Flat5IR",91,130,5.741017169,96
"GID7312454","GID7312454","Flat5IR",91,129,5.741017169,80
"GID7312455","GID7312455","Flat5IR",93,127,5.061017169,95
"GID7312456","GID7312456","Flat5IR",88,124,5.201017169,91
"GID7312470","GID7312470","Flat5IR",83,127,5.020869948,95
"GID7312477","GID7312477","Flat5IR",85,128,5.324203281,96
"GID7312482","GID7312482","Flat5IR",83,121,6.544203281,96
"GID7312485","GID7312485","Flat5IR",80,123,5.914203281,103
"GID7312499","GID7312499","Flat5IR",84,124,4.750869948,94
"GID7312523","GID7312523","Flat5IR",80,120,7.214203281,101
"GID7312527","GID7312527","Flat5IR",81,122,6.330869948,100
"GID7312539","GID7312539","Flat5IR",82,123,6.850869948,98
"GID7312620","GID7312620","Flat5IR",80,123,7.082815539,99
"GID7312652","GID7312652","Flat5IR",84,124,6.359482206,94
"GID7312655","GID7312655","Flat5IR",89,128,6.176148873,101
"GID7312659","GID7312659","Flat5IR",84,128,6.282815539,98
"GID7312670","GID7312670","Flat5IR",86,129,6.742815539,96
"GID7312704","GID7312704","Flat5IR",87,129,6.232815539,93
"GID7312736","GID7312736","Flat5IR",82,125,6.356942549,106
"GID7312923","GID7312923","Flat5IR",87,129,6.212495727,97
"GID7312934","GID7312934","Flat5IR",82,123,6.855829061,107
"GID7312960","GID7312960","Flat5IR",84,124,6.485961677,96
"GID7312961","GID7312961","Flat5IR",83,128,5.935829061,94
"GID7313013","GID7313013","Flat5IR",88,127,5.894400484,104
"GID7313018","GID7313018","Flat5IR",90,130,6.297733817,108
"GID7313019","GID7313019","Flat5IR",87,127,6.471067151,100
"GID7313022","GID7313022","Flat5IR",86,130,6.591067151,102
"GID7313023","GID7313023","Flat5IR",86,131,6.571067151,101
"GID7313025","GID7313025","Flat5IR",85,127,6.521067151,100
"GID7313026","GID7313026","Flat5IR",87,130,6.901067151,105
"GID7313027","GID7313027","Flat5IR",88,131,6.821067151,115
"GID7313028","GID7313028","Flat5IR",86,130,6.734400484,101
"GID7313031","GID7313031","Flat5IR",86,127,6.73530071,97
"GID7313040","GID7313040","Flat5IR",88,129,6.599584357,97
"GID7313048","GID7313048","Flat5IR",81,128,6.499584357,100
"GID7313053","GID7313053","Flat5IR",85,130,6.090037846,92
"GID7313112","GID7313112","Flat5IR",83,129,6.060037846,99
"GID7313113","GID7313113","Flat5IR",84,127,6.616251024,98
"GID7313139","GID7313139","Flat5IR",90,132,5.596251024,98
"GID7313157","GID7313157","Flat5IR",87,130,6.117170099,102
"GID7313172","GID7313172","Flat5IR",83,127,5.439584357,103
"GID7313230","GID7313230","Flat5IR",82,126,6.171823717,100
"GID7313245","GID7313245","Flat5IR",84,128,6.508490383,92
"GID7313264","GID7313264","Flat5IR",90,128,6.001823717,100
"GID7313292","GID7313292","Flat5IR",87,127,6.251823717,96
"GID7313297","GID7313297","Flat5IR",85,127,6.348490383,87
"GID7313298","GID7313298","Flat5IR",86,128,6.521823717,98
"GID7313302","GID7313302","Flat5IR",84,127,5.958490383,85
"GID7313312","GID7313312","Flat5IR",87,128,6.611823717,98
"GID7313314","GID7313314","Flat5IR",88,128,5.80515705,96
"GID7313315","GID7313315","Flat5IR",88,129,6.348490383,104
"GID7313318","GID7313318","Flat5IR",86,128,6.521823717,101
"GID7313327","GID7313327","Flat5IR",83,123,6.38515705,102
"GID7313341","GID7313341","Flat5IR",89,130,5.31515705,100
"GID7313358","GID7313358","Flat5IR",84,125,6.478490383,99
"GID7313375","GID7313375","Flat5IR",83,123,6.704382889,102
"GID7313377","GID7313377","Flat5IR",89,129,6.461049555,99
"GID7313385","GID7313385","Flat5IR",84,128,6.307716222,101
"GID7313386","GID7313386","Flat5IR",83,127,6.581049555,99
"GID7313390","GID7313390","Flat5IR",84,127,4.707716222,114
"GID7313392","GID7313392","Flat5IR",85,128,5.447716222,95
"GID7313393","GID7313393","Flat5IR",84,123,6.201049555,101
"GID7313395","GID7313395","Flat5IR",87,128,6.191049555,96
"GID7313406","GID7313406","Flat5IR",85,127,5.694382889,99
"GID7313459","GID7313459","Flat5IR",82,119,6.433505902,92
"GID7313462","GID7313462","Flat5IR",79,120,6.470172568,99
"GID7313466","GID7313466","Flat5IR",86,126,5.433505902,93
"GID7313467","GID7313467","Flat5IR",87,127,5.320172568,92
"GID7313470","GID7313470","Flat5IR",81,119,5.170172568,99
"GID7313509","GID7313509","Flat5IR",80,119,6.036839235,103
"GID7313525","GID7313525","Flat5IR",79,120,6.253505902,102
"GID7313526","GID7313526","Flat5IR",80,119,6.266839235,94
"GID7313552","GID7313552","Flat5IR",86,126,6.410594531,92
"GID7313592","GID7313592","Flat5IR",81,123,6.210594531,101
"GID7313608","GID7313608","Flat5IR",80,117,6.260594531,105
"GID7313634","GID7313634","Flat5IR",80,122,6.247261198,95
"GID7313663","GID7313663","Flat5IR",79,118,6.687261198,106
"GID7313675","GID7313675","Flat5IR",80,117,6.353927864,99
"GID7313678","GID7313678","Flat5IR",81,119,6.947261198,99
"GID7313679","GID7313679","Flat5IR",82,118,6.767261198,95
"GID7313680","GID7313680","Flat5IR",81,120,6.273927864,91
"GID7313682","GID7313682","Flat5IR",84,123,6.663927864,95
"GID7313692","GID7313692","Flat5IR",80,117,6.480594531,96
"GID7313697","GID7313697","Flat5IR",79,114,6.890594531,101
"GID7313708","GID7313708","Flat5IR",86,124,5.990594531,102
"GID7313713","GID7313713","Flat5IR",76,119,6.917389393,103
"GID7313716","GID7313716","Flat5IR",85,126,6.004056059,109
"GID7313754","GID7313754","Flat5IR",80,120,6.767389393,98
"GID7313767","GID7313767","Flat5IR",82,119,6.318240336,96
"GID7313770","GID7313770","Flat5IR",80,119,6.651573669,100
"GID7313784","GID7313784","Flat5IR",86,127,6.441573669,101
"GID7313804","GID7313804","Flat5IR",85,127,6.364907003,88
"GID7313806","GID7313806","Flat5IR",85,126,6.528240336,103
"GID7313811","GID7313811","Flat5IR",80,120,6.388240336,95
"GID7313888","GID7313888","Flat5IR",91,131,6.513748932,109
"GID7314091","GID7314091","Flat5IR",86,128,6.088284732,100
"GID7314436","GID7314436","Flat5IR",86,127,5.981823717,99
"GID7314450","GID7314450","Flat5IR",85,127,6.421004485,108
"GID7395684","GID7395684","Flat5IR",85,127,6.627082265,100
"GID7395692","GID7395692","Flat5IR",84,121,6.083748932,95
"GID7395694","GID7395694","Flat5IR",86,127,6.777082265,104
"GID7395778","GID7395778","Flat5IR",82,119,6.323748932,105
"GID7395817","GID7395817","Flat5IR",84,123,6.060415598,108
"GID7395818","GID7395818","Flat5IR",80,121,6.293748932,101
"GID7395822","GID7395822","Flat5IR",78,119,6.413748932,99
"GID7395864","GID7395864","Flat5IR",87,127,5.950415598,102
"GID7395895","GID7395895","Flat5IR",81,119,5.890415598,95
"GID7395899","GID7395899","Flat5IR",80,122,6.737082265,102
"GID7395900","GID7395900","Flat5IR",85,126,5.907082265,93
"GID7395904","GID7395904","Flat5IR",85,125,6.163748932,100
"GID7395907","GID7395907","Flat5IR",79,119,6.197082265,99
"GID7395914","GID7395914","Flat5IR",90,129,6.350415598,99
"GID7395915","GID7395915","Flat5IR",80,117,6.013748932,94
"GID7395926","GID7395926","Flat5IR",84,121,6.540415598,95
"GID7395927","GID7395927","Flat5IR",83,122,6.520415598,96
"GID7395964","GID7395964","Flat5IR",85,127,5.830415598,99
"GID7395966","GID7395966","Flat5IR",85,126,6.52809706,98
"GID7395976","GID7395976","Flat5IR",81,122,7.02160993,102
"GID7396029","GID7396029","Flat5IR",81,120,6.79660993,95
"GID7396039","GID7396039","Flat5IR",82,122,6.563903171,94
"GID7396051","GID7396051","Flat5IR",80,123,5.893903171,101
"GID7396072","GID7396072","Flat5IR",85,126,5.967236504,104
"GID7396083","GID7396083","Flat5IR",79,118,5.913903171,99
"GID7396104","GID7396104","Flat5IR",78,121,6.883903171,102
"GID7396125","GID7396125","Flat5IR",87,128,6.427236504,104
"GID7396126","GID7396126","Flat5IR",80,126,5.847236504,102
"GID7396133","GID7396133","Flat5IR",84,123,6.49160993,94
"GID7396136","GID7396136","Flat5IR",85,125,6.100569837,107
"GID7396139","GID7396139","Flat5IR",82,124,6.197236504,108
"GID7396142","GID7396142","Flat5IR",84,122,6.187449005,110
"GID7396151","GID7396151","Flat5IR",84,127,6.877575343,103
"GID7396153","GID7396153","Flat5IR",85,128,6.920908676,98
"GID7396155","GID7396155","Flat5IR",85,130,6.777575343,107
"GID7396161","GID7396161","Flat5IR",87,128,6.827575343,100
"GID7396167","GID7396167","Flat5IR",84,123,6.234242009,89
"GID7396170","GID7396170","Flat5IR",82,122,6.064242009,96
"GID7396171","GID7396171","Flat5IR",84,127,6.367575343,93
"GID7396172","GID7396172","Flat5IR",78,118,6.044242009,96
"GID7396173","GID7396173","Flat5IR",80,126,6.530908676,96
"GID7396176","GID7396176","Flat5IR",85,127,6.484242009,101
"GID7396184","GID7396184","Flat5IR",82,125,6.794242009,91
"GID7396194","GID7396194","Flat5IR",81,120,6.227575343,102
"GID7396195","GID7396195","Flat5IR",87,128,6.520908676,104
"GID7396196","GID7396196","Flat5IR",88,123,5.817575343,111
"GID7396203","GID7396203","Flat5IR",87,129,5.854242009,105
"GID7396204","GID7396204","Flat5IR",85,123,6.307575343,109
"GID7396207","GID7396207","Flat5IR",78,117,6.827575343,110
"GID7396208","GID7396208","Flat5IR",80,119,6.430908676,106
"GID7396209","GID7396209","Flat5IR",79,118,7.124242009,107
"GID7396227","GID7396227","Flat5IR",85,122,6.317575343,104
"GID7396228","GID7396228","Flat5IR",87,126,6.560908676,101
"GID7396232","GID7396232","Flat5IR",86,128,6.707575343,108
"GID7396235","GID7396235","Flat5IR",85,123,6.330908676,104
"GID7396236","GID7396236","Flat5IR",85,125,6.484242009,101
"GID7396237","GID7396237","Flat5IR",86,127,6.327575343,108
"GID7396241","GID7396241","Flat5IR",85,126,5.900908676,106
"GID7396243","GID7396243","Flat5IR",85,125,5.80484358,102
"GID7396244","GID7396244","Flat5IR",84,124,6.138176914,100
"GID7396248","GID7396248","Flat5IR",87,126,6.43484358,100
"GID7396257","GID7396257","Flat5IR",83,125,5.62484358,95
"GID7396274","GID7396274","Flat5IR",84,127,5.828176914,94
"GID7396283","GID7396283","Flat5IR",82,120,5.941510247,99
"GID7396297","GID7396297","Flat5IR",85,127,5.668176914,95
"GID7396325","GID7396325","Flat5IR",86,122,6.25484358,96
"GID7396327","GID7396327","Flat5IR",84,121,6.788176914,98
"GID7396338","GID7396338","Flat5IR",87,127,6.06484358,98
"GID7396355","GID7396355","Flat5IR",85,126,7.068176914,95
"GID7396370","GID7396370","Flat5IR",85,126,6.688176914,94
"GID7396375","GID7396375","Flat5IR",86,127,6.241510247,102
"GID7396416","GID7396416","Flat5IR",85,125,6.048176914,107
"GID7396461","GID7396461","Flat5IR",86,127,6.26484358,102
"GID7396477","GID7396477","Flat5IR",78,117,6.868176914,101
"GID7396478","GID7396478","Flat5IR",85,122,6.151510247,100
"GID7396482","GID7396482","Flat5IR",83,122,6.20484358,98
"GID7396535","GID7396535","Flat5IR",86,126,6.591510247,98
"GID7396538","GID7396538","Flat5IR",85,120,6.40484358,101
"GID7396540","GID7396540","Flat5IR",83,122,6.848770483,102
"GID7396549","GID7396549","Flat5IR",80,121,6.24543715,98
"GID7396550","GID7396550","Flat5IR",82,122,7.18543715,101
"GID7396555","GID7396555","Flat5IR",76,121,6.268770483,100
"GID7396560","GID7396560","Flat5IR",87,126,6.74543715,95
"GID7396566","GID7396566","Flat5IR",85,126,7.062103817,105
"GID7396709","GID7396709","Flat5IR",84,123,6.938770483,103
"GID7396738","GID7396738","Flat5IR",81,119,6.991004485,101
"GID7396745","GID7396745","Flat5IR",85,127,7.011004485,95
"GID7396747","GID7396747","Flat5IR",84,120,7.091004485,99
"GID7396762","GID7396762","Flat5IR",82,123,6.197671151,100
"GID7396825","GID7396825","Flat5IR",80,118,6.491170733,106
"GID7396856","GID7396856","Flat5IR",75,113,6.491170733,105
"GID7396863","GID7396863","Flat5IR",80,118,6.504504066,109
"GID7396892","GID7396892","Flat5IR",84,128,6.741170733,102
"GID7396931","GID7396931","Flat5IR",80,121,7.494504066,97
"GID7396942","GID7396942","Flat5IR",80,118,7.614504066,101
"GID7396957","GID7396957","Flat5IR",82,123,6.464964758,99
"GID7396982","GID7396982","Flat5IR",81,118,6.104964758,112
"GID7396999","GID7396999","Flat5IR",84,125,6.374964758,100
"GID7397010","GID7397010","Flat5IR",81,123,6.184964758,105
"GID7397011","GID7397011","Flat5IR",81,120,6.888298091,102
"GID7397016","GID7397016","Flat5IR",80,119,7.081631424,107
"GID7397021","GID7397021","Flat5IR",82,123,6.861631424,110
"GID7397023","GID7397023","Flat5IR",83,124,6.558298091,106
"GID7397025","GID7397025","Flat5IR",84,123,7.511631424,108
"GID7397035","GID7397035","Flat5IR",83,122,6.051631424,107
"GID7397045","GID7397045","Flat5IR",81,123,6.801631424,103
"GID7397065","GID7397065","Flat5IR",87,128,6.548298091,104
"GID7397073","GID7397073","Flat5IR",79,118,7.028298091,102
"GID7397094","GID7397094","Flat5IR",84,126,7.144964758,101
"GID7397107","GID7397107","Flat5IR",80,120,6.548298091,102
"GID7397162","GID7397162","Flat5IR",77,116,7.324964758,107
"GID7397167","GID7397167","Flat5IR",84,126,6.748298091,101
"GID7397183","GID7397183","Flat5IR",81,126,6.531631424,101
"GID7397189","GID7397189","Flat5IR",83,124,5.737178749,100
"GID7397190","GID7397190","Flat5IR",84,122,5.413845415,103
"GID7397194","GID7397194","Flat5IR",85,128,6.267178749,103
"GID7397195","GID7397195","Flat5IR",81,121,6.770512082,100
"GID7397210","GID7397210","Flat5IR",81,122,6.120512082,101
"GID7397234","GID7397234","Flat5IR",77,118,6.093845415,106
"GID7397245","GID7397245","Flat5IR",84,126,6.193845415,106
"GID7397281","GID7397281","Flat5IR",81,123,6.617178749,101
"GID7397287","GID7397287","Flat5IR",84,124,5.970512082,95
"GID7397341","GID7397341","Flat5IR",78,123,6.157178749,93
"GID7397361","GID7397361","Flat5IR",81,123,6.263845415,93
"GID7397362","GID7397362","Flat5IR",81,120,6.460512082,99
"GID7397363","GID7397363","Flat5IR",82,123,6.590512082,96
"GID7397372","GID7397372","Flat5IR",82,126,6.107178749,96
"GID7397373","GID7397373","Flat5IR",87,129,6.320512082,102
"GID7397431","GID7397431","Flat5IR",83,127,5.408100132,104
"GID7397442","GID7397442","Flat5IR",78,118,6.121433465,99
"GID7397493","GID7397493","Flat5IR",81,122,6.188100132,102
"GID7397500","GID7397500","Flat5IR",81,120,5.994766798,101
"GID7397501","GID7397501","Flat5IR",76,119,6.237285638,100
"GID7397504","GID7397504","Flat5IR",82,124,6.184766798,93
"GID7397510","GID7397510","Flat5IR",81,122,5.714766798,95
"GID7397516","GID7397516","Flat5IR",79,121,6.238100132,105
"GID7397520","GID7397520","Flat5IR",78,120,6.268100132,97
"GID7397531","GID7397531","Flat5IR",81,122,5.851433465,101
"GID7397538","GID7397538","Flat5IR",80,119,6.211433465,104
"GID7397540","GID7397540","Flat5IR",79,120,5.881433465,102
"GID7397544","GID7397544","Flat5IR",81,123,5.961433465,101
"GID7397551","GID7397551","Flat5IR",81,128,6.024766798,107
"GID7397553","GID7397553","Flat5IR",78,118,5.428100132,99
"GID7397555","GID7397555","Flat5IR",77,117,6.214766798,104
"GID7397572","GID7397572","Flat5IR",81,120,6.288100132,98
"GID7397582","GID7397582","Flat5IR",82,124,5.911433465,97
"GID7397590","GID7397590","Flat5IR",81,123,6.171433465,97
"GID7397604","GID7397604","Flat5IR",82,120,6.114766798,103
"GID7397627","GID7397627","Flat5IR",83,127,6.034766798,103
"GID7397666","GID7397666","Flat5IR",83,123,6.340230998,101
"GID7397667","GID7397667","Flat5IR",84,128,6.103564332,94
"GID7397672","GID7397672","Flat5IR",84,123,6.715440151,102
"GID7397687","GID7397687","Flat5IR",78,119,6.010230998,99
"GID7397691","GID7397691","Flat5IR",80,122,6.320230998,95
"GID7397692","GID7397692","Flat5IR",75,118,5.580230998,101
"GID7397713","GID7397713","Flat5IR",80,122,6.363564332,102
"GID7397720","GID7397720","Flat5IR",79,117,6.443564332,100
"GID7397728","GID7397728","Flat5IR",77,116,5.720230998,98
"GID7397737","GID7397737","Flat5IR",81,121,6.193564332,100
"GID7397747","GID7397747","Flat5IR",76,117,6.296897665,103
"GID7397754","GID7397754","Flat5IR",81,120,6.673564332,108
"GID7397762","GID7397762","Flat5IR",82,119,6.496897665,108
"GID7397772","GID7397772","Flat5IR",82,123,6.136103802,94
"GID7397815","GID7397815","Flat5IR",81,119,6.129437135,101
"GID7397873","GID7397873","Flat5IR",81,125,5.976103802,93
"GID7397891","GID7397891","Flat5IR",78,116,6.346103802,100
"GID7397892","GID7397892","Flat5IR",81,123,5.926103802,88
"GID7397893","GID7397893","Flat5IR",78,117,6.289437135,98
"GID7398001","GID7398001","Flat5IR",83,128,6.249437135,91
"GID7398005","GID7398005","Flat5IR",79,116,6.476103802,104
"GID7398014","GID7398014","Flat5IR",82,121,6.432770469,98
"GID7398018","GID7398018","Flat5IR",82,126,6.702770469,98
"GID7398020","GID7398020","Flat5IR",79,121,5.436103802,101
"GID7398023","GID7398023","Flat5IR",82,123,7.076103802,103
"GID7398041","GID7398041","Flat5IR",81,118,6.282770469,99
"GID7398092","GID7398092","Flat5IR",79,122,6.719437135,105
"GID7398119","GID7398119","Flat5IR",82,123,6.236103802,101
"GID7398254","GID7398254","Flat5IR",79,121,7.171989965,107
"GID7398265","GID7398265","Flat5IR",80,123,6.235323298,97
"GID7398266","GID7398266","Flat5IR",82,120,6.405323298,102
"GID7398274","GID7398274","Flat5IR",80,118,6.381989965,97
"GID7398288","GID7398288","Flat5IR",87,127,6.205323298,104
"GID7398289","GID7398289","Flat5IR",87,128,5.925323298,109
"GID7398307","GID7398307","Flat5IR",81,123,6.345323298,106
"GID7398319","GID7398319","Flat5IR",76,116,6.725323298,110
"GID7398322","GID7398322","Flat5IR",80,120,6.408656632,100
"GID7398326","GID7398326","Flat5IR",81,118,6.351989965,98
"GID7398344","GID7398344","Flat5IR",81,121,6.531989965,98
"GID7398352","GID7398352","Flat5IR",81,123,6.535323298,96
"GID7398363","GID7398363","Flat5IR",81,123,5.811989965,87
"GID7398376","GID7398376","Flat5IR",82,121,6.791989965,99
"GID7398377","GID7398377","Flat5IR",81,121,6.778656632,101
"GID7398383","GID7398383","Flat5IR",81,123,5.791989965,103
"GID7398400","GID7398400","Flat5IR",82,122,6.081836401,97
"GID7398411","GID7398411","Flat5IR",81,120,6.058503068,105
"GID7398412","GID7398412","Flat5IR",82,121,6.688503068,101
"GID7398413","GID7398413","Flat5IR",81,121,6.048503068,104
"GID7398419","GID7398419","Flat5IR",84,127,6.418503068,101
"GID7398421","GID7398421","Flat5IR",81,121,6.078503068,97
"GID7398427","GID7398427","Flat5IR",82,121,6.818503068,95
"GID7398428","GID7398428","Flat5IR",83,123,6.628503068,103
"GID7398430","GID7398430","Flat5IR",81,118,6.695169735,109
"GID7398431","GID7398431","Flat5IR",82,120,6.715169735,106
"GID7398433","GID7398433","Flat5IR",82,121,5.728503068,109
"GID7398434","GID7398434","Flat5IR",84,122,6.301836401,102
"GID7398435","GID7398435","Flat5IR",83,123,5.768503068,103
"GID7398438","GID7398438","Flat5IR",81,122,6.198503068,100
"GID7398439","GID7398439","Flat5IR",83,121,6.101836401,96
"GID7398440","GID7398440","Flat5IR",83,124,6.240755112,100
"GID7398442","GID7398442","Flat5IR",84,128,5.580755112,97
"GID7398443","GID7398443","Flat5IR",84,128,5.580755112,102
"GID7398444","GID7398444","Flat5IR",81,118,6.440755112,106
"GID7398451","GID7398451","Flat5IR",85,128,5.864088446,93
"GID7398452","GID7398452","Flat5IR",84,123,6.130755112,101
"GID7398455","GID7398455","Flat5IR",83,128,7.134088446,96
"GID7398460","GID7398460","Flat5IR",82,124,5.987421779,99
"GID7398462","GID7398462","Flat5IR",84,127,6.154088446,94
"GID7398463","GID7398463","Flat5IR",83,121,6.297421779,100
"GID7398471","GID7398471","Flat5IR",85,125,5.980755112,106
"GID7398474","GID7398474","Flat5IR",81,120,6.527421779,104
"GID7398485","GID7398485","Flat5IR",83,122,6.277421779,112
"GID7398529","GID7398529","Flat5IR",81,121,7.157421779,104
"GID7398595","GID7398595","Flat5IR",85,124,5.557683836,80
"GID7398603","GID7398603","Flat5IR",80,118,4.727683836,95
"GID7398640","GID7398640","Flat5IR",75,114,5.481017169,100
"GID7398685","GID7398685","Flat5IR",80,122,5.547683836,91
"GID7398700","GID7398700","Flat5IR",81,119,5.044350503,95
"GID7398701","GID7398701","Flat5IR",80,119,5.621017169,97
"GID7398758","GID7398758","Flat5IR",87,126,6.181017169,85
"GID7398759","GID7398759","Flat5IR",83,122,6.561017169,93
"GID7398774","GID7398774","Flat5IR",86,128,7.030869948,96
"GID7398776","GID7398776","Flat5IR",84,123,6.127536614,95
"GID7398782","GID7398782","Flat5IR",89,129,6.047536614,101
"GID7398783","GID7398783","Flat5IR",85,123,6.414203281,96
"GID7398789","GID7398789","Flat5IR",85,123,6.377536614,96
"GID7398813","GID7398813","Flat5IR",80,119,7.030869948,103
"GID7398846","GID7398846","Flat5IR",81,123,7.617536614,99
"GID7398872","GID7398872","Flat5IR",81,123,7.090869948,96
"GID7398877","GID7398877","Flat5IR",87,130,6.514203281,96
"GID7398884","GID7398884","Flat5IR",80,120,7.444203281,100
"GID7398894","GID7398894","Flat5IR",82,123,7.470869948,102
"GID7398895","GID7398895","Flat5IR",85,128,7.010869948,98
"GID7398903","GID7398903","Flat5IR",82,120,6.227536614,98
"GID7398909","GID7398909","Flat5IR",81,121,6.337536614,97
"GID7398915","GID7398915","Flat5IR",83,129,7.480869948,96
"GID7398920","GID7398920","Flat5IR",79,120,6.957536614,99
"GID7398922","GID7398922","Flat5IR",81,121,4.917536614,100
"GID7398924","GID7398924","Flat5IR",81,122,6.476148873,107
"GID7398925","GID7398925","Flat5IR",81,121,6.466148873,102
"GID7398926","GID7398926","Flat5IR",80,120,6.569482206,101
"GID7398928","GID7398928","Flat5IR",84,123,5.702815539,102
"GID7398929","GID7398929","Flat5IR",84,128,5.532815539,97
"GID7398934","GID7398934","Flat5IR",81,129,5.556148873,99
"GID7398953","GID7398953","Flat5IR",80,122,6.132815539,98
"GID7398957","GID7398957","Flat5IR",87,128,6.649482206,95
"GID7398976","GID7398976","Flat5IR",81,123,6.729482206,101
"GID7399010","GID7399010","Flat5IR",77,117,6.662815539,95
"GID7399011","GID7399011","Flat5IR",81,120,6.866148873,100
"GID7399013","GID7399013","Flat5IR",79,121,6.766148873,101
"GID7399014","GID7399014","Flat5IR",80,122,7.102815539,100
"GID7399037","GID7399037","Flat5IR",81,123,6.302815539,98
"GID7399072","GID7399072","Flat5IR",78,121,7.179482206,96
"GID7399095","GID7399095","Flat5IR",85,128,6.142815539,94
"GID7399104","GID7399104","Flat5IR",81,123,5.939482206,98
"GID7399115","GID7399115","Flat5IR",80,122,6.186148873,99
"GID7399116","GID7399116","Flat5IR",81,123,6.439482206,100
"GID7399118","GID7399118","Flat5IR",82,124,6.219482206,100
"GID7399121","GID7399121","Flat5IR",82,123,6.296148873,93
"GID7399135","GID7399135","Flat5IR",85,125,5.502495727,96
"GID7399140","GID7399140","Flat5IR",86,128,5.269162394,101
"GID7399179","GID7399179","Flat5IR",83,127,6.671942549,104
"GID7399180","GID7399180","Flat5IR",84,128,6.302495727,110
"GID7399181","GID7399181","Flat5IR",83,125,6.415829061,104
"GID7399248","GID7399248","Flat5IR",78,120,6.212495727,104
"GID7399264","GID7399264","Flat5IR",83,127,6.935829061,108
"GID7399267","GID7399267","Flat5IR",84,125,7.422495727,107
"GID7399272","GID7399272","Flat5IR",79,127,6.502495727,95
"GID7399277","GID7399277","Flat5IR",81,125,6.741942549,102
"GID7399288","GID7399288","Flat5IR",83,127,6.702495727,99
"GID7399289","GID7399289","Flat5IR",84,129,6.679162394,91
"GID7399321","GID7399321","Flat5IR",79,122,6.692495727,96
"GID7399345","GID7399345","Flat5IR",78,120,6.389162394,104
"GID7399382","GID7399382","Flat5IR",84,124,5.845829061,94
"GID7399399","GID7399399","Flat5IR",79,119,6.465829061,105
"GID7399403","GID7399403","Flat5IR",81,121,6.400961677,107
"GID7399413","GID7399413","Flat5IR",81,121,6.242495727,103
"GID7399418","GID7399418","Flat5IR",83,125,5.299162394,97
"GID7399424","GID7399424","Flat5IR",86,129,6.112495727,99
"GID7399425","GID7399425","Flat5IR",84,127,6.45030071,100
"GID7399442","GID7399442","Flat5IR",85,128,6.974400484,106
"GID7399445","GID7399445","Flat5IR",84,127,6.96030071,97
"GID7399447","GID7399447","Flat5IR",88,130,6.68530071,98
"GID7399450","GID7399450","Flat5IR",84,128,6.35030071,101
"GID7399455","GID7399455","Flat5IR",83,128,6.23530071,96
"GID7399457","GID7399457","Flat5IR",83,127,5.987733817,102
"GID7399469","GID7399469","Flat5IR",80,121,5.617733817,103
"GID7399471","GID7399471","Flat5IR",84,128,8.047733817,101
"GID7399478","GID7399478","Flat5IR",83,124,5.834400484,95
"GID7399483","GID7399483","Flat5IR",81,120,5.694400484,101
"GID7399485","GID7399485","Flat5IR",81,121,5.604400484,102
"GID7399491","GID7399491","Flat5IR",84,127,6.797733817,100
"GID7399496","GID7399496","Flat5IR",86,128,6.551067151,101
"GID7399497","GID7399497","Flat5IR",87,126,6.444400484,96
"GID7399499","GID7399499","Flat5IR",83,127,6.691067151,103
"GID7399505","GID7399505","Flat5IR",86,130,6.06291769,98
"GID7399507","GID7399507","Flat5IR",84,130,6.441545125,104
"GID7399508","GID7399508","Flat5IR",83,127,6.576251024,101
"GID7399509","GID7399509","Flat5IR",86,131,6.099584357,95
"GID7399511","GID7399511","Flat5IR",83,130,6.039584357,97
"GID7399514","GID7399514","Flat5IR",87,130,6.116251024,96
"GID7399537","GID7399537","Flat5IR",84,127,6.50291769,99
"GID7399539","GID7399539","Flat5IR",86,128,6.321545125,102
"GID7399541","GID7399541","Flat5IR",80,121,5.761545125,95
"GID7399543","GID7399543","Flat5IR",86,127,6.435037846,102
"GID7399544","GID7399544","Flat5IR",87,126,5.789584357,105
"GID7399545","GID7399545","Flat5IR",83,125,6.46291769,102
"GID7399548","GID7399548","Flat5IR",84,127,5.800037846,101
"GID7399556","GID7399556","Flat5IR",84,128,5.78291769,105
"GID7399558","GID7399558","Flat5IR",85,127,6.029584357,101
"GID7399578","GID7399578","Flat5IR",80,128,5.87291769,103
"GID7399584","GID7399584","Flat5IR",84,126,5.75291769,102
"GID7399601","GID7399601","Flat5IR",80,124,6.566545125,99
"GID7399607","GID7399607","Flat5IR",79,123,6.525037846,96
"GID7399609","GID7399609","Flat5IR",75,118,6.599999978,99
"GID7399610","GID7399610","Flat5IR",81,123,6.723333311,101
"GID7399612","GID7399612","Flat5IR",80,122,7.029999978,97
"GID7399613","GID7399613","Flat5IR",81,123,6.659999978,99
"GID7399614","GID7399614","Flat5IR",81,122,6.916666644,98
"GID7399615","GID7399615","Flat5IR",82,125,6.966666644,98
"GID7399616","GID7399616","Flat5IR",81,124,6.843333311,95
"GID7399619","GID7399619","Flat5IR",80,125,6.799999978,97
"GID7399621","GID7399621","Flat5IR",81,124,7.053333311,95
"GID7399622","GID7399622","Flat5IR",82,126,6.979999978,96
"GID7399623","GID7399623","Flat5IR",81,126,6.509999978,100
"GID7399627","GID7399627","Flat5IR",84,128,6.543333311,98
"GID7399629","GID7399629","Flat5IR",86,127,6.306666644,98
"GID7399631","GID7399631","Flat5IR",84,125,6.906666644,102
"GID7399636","GID7399636","Flat5IR",80,124,6.359999978,94
"GID7399637","GID7399637","Flat5IR",82,123,6.973333311,101
"GID7399638","GID7399638","Flat5IR",80,122,6.643333311,102
"GID7399639","GID7399639","Flat5IR",80,121,6.043333311,103
"GID7399640","GID7399640","Flat5IR",79,120,6.349999978,100
"GID7399641","GID7399641","Flat5IR",79,122,5.636666644,103
"GID7399643","GID7399643","Flat5IR",80,123,6.576666644,104
"GID7399644","GID7399644","Flat5IR",79,125,6.793333311,103
"GID7399645","GID7399645","Flat5IR",84,126,6.876666644,101
"GID7399647","GID7399647","Flat5IR",81,123,6.769999978,102
"GID7399650","GID7399650","Flat5IR",81,124,6.189999978,100
"GID7399651","GID7399651","Flat5IR",81,123,6.549999978,101
"GID7399654","GID7399654","Flat5IR",81,123,6.028490383,96
"GID7399712","GID7399712","Flat5IR",79,120,6.19515705,102
"GID7399738","GID7399738","Flat5IR",84,127,6.35515705,100
"GID7399739","GID7399739","Flat5IR",84,128,6.67515705,97
"GID7399789","GID7399789","Flat5IR",83,126,6.79515705,101
"GID7399808","GID7399808","Flat5IR",81,120,6.12515705,95
"GID7399816","GID7399816","Flat5IR",83,127,6.808490383,101
"GID7399819","GID7399819","Flat5IR",86,127,6.151823717,101
"GID7399821","GID7399821","Flat5IR",84,126,6.198490383,96
"GID7399823","GID7399823","Flat5IR",84,127,6.978490383,102
"GID7399829","GID7399829","Flat5IR",83,121,6.48515705,95
"GID7399830","GID7399830","Flat5IR",84,123,6.20515705,99
"GID7399831","GID7399831","Flat5IR",83,124,5.921823717,96
"GID7399832","GID7399832","Flat5IR",84,127,6.311049555,95
"GID7399834","GID7399834","Flat5IR",86,127,5.801049555,95
"GID7399835","GID7399835","Flat5IR",85,126,5.724382889,97
"GID7399836","GID7399836","Flat5IR",84,125,5.764382889,97
"GID7399840","GID7399840","Flat5IR",85,123,5.914382889,98
"GID7399841","GID7399841","Flat5IR",83,124,6.624382889,98
"GID7399844","GID7399844","Flat5IR",84,127,5.967716222,96
"GID7399875","GID7399875","Flat5IR",86,128,6.461049555,100
"GID7399884","GID7399884","Flat5IR",83,125,6.437716222,103
"GID7399900","GID7399900","Flat5IR",82,126,6.757716222,108
"GID7399902","GID7399902","Flat5IR",75,117,6.107716222,106
"GID7399904","GID7399904","Flat5IR",84,127,6.731049555,107
"GID7399905","GID7399905","Flat5IR",88,129,6.204382889,106
"GID7399906","GID7399906","Flat5IR",89,128,6.331049555,107
"GID7399908","GID7399908","Flat5IR",77,120,6.277716222,110
"GID7399924","GID7399924","Flat5IR",82,126,6.417716222,103
"GID7399938","GID7399938","Flat5IR",81,122,6.013505902,97
"GID7399946","GID7399946","Flat5IR",76,117,6.540172568,99
"GID7399947","GID7399947","Flat5IR",75,117,5.896839235,97
"GID7399948","GID7399948","Flat5IR",81,118,5.860172568,96
"GID7399950","GID7399950","Flat5IR",80,119,6.256839235,96
"GID7399956","GID7399956","Flat5IR",74,114,5.853505902,101
"GID7399960","GID7399960","Flat5IR",82,121,6.130172568,97
"GID7399966","GID7399966","Flat5IR",85,127,6.783505902,93
"GID7399981","GID7399981","Flat5IR",84,120,5.840172568,98
"GID7400004","GID7400004","Flat5IR",87,126,5.126839235,91
"GID7400031","GID7400031","Flat5IR",88,127,5.570172568,101
"GID7400062","GID7400062","Flat5IR",79,117,6.323505902,103
"GID7400063","GID7400063","Flat5IR",81,120,5.826839235,96
"GID7400064","GID7400064","Flat5IR",81,120,5.813505902,100
"GID7400069","GID7400069","Flat5IR",76,114,5.930172568,102
"GID7400073","GID7400073","Flat5IR",75,115,5.506839235,109
"GID7400085","GID7400085","Flat5IR",79,120,5.313505902,95
"GID7400087","GID7400087","Flat5IR",80,121,4.870172568,95
"GID7400088","GID7400088","Flat5IR",77,116,5.470172568,101
"GID7400090","GID7400090","Flat5IR",80,116,6.133505902,100
"GID7400091","GID7400091","Flat5IR",80,119,4.993927864,98
"GID7400093","GID7400093","Flat5IR",81,122,5.613927864,98
"GID7400099","GID7400099","Flat5IR",84,127,6.550594531,97
"GID7400168","GID7400168","Flat5IR",83,122,6.720594531,103
"GID7400194","GID7400194","Flat5IR",81,119,6.010594531,105
"GID7400204","GID7400204","Flat5IR",79,114,5.920594531,99
"GID7400209","GID7400209","Flat5IR",81,119,6.577261198,97
"GID7400222","GID7400222","Flat5IR",78,118,7.367261198,98
"GID7400224","GID7400224","Flat5IR",78,119,7.480594531,100
"GID7400239","GID7400239","Flat5IR",84,126,5.723927864,95
"GID7400242","GID7400242","Flat5IR",85,128,6.210594531,93
"GID7400243","GID7400243","Flat5IR",82,126,6.667261198,93
"GID7400251","GID7400251","Flat5IR",83,122,6.687261198,96
"GID7400265","GID7400265","Flat5IR",82,122,7.127261198,98
"GID7400267","GID7400267","Flat5IR",84,121,6.713927864,100
"GID7400275","GID7400275","Flat5IR",79,119,6.844056059,108
"GID7400276","GID7400276","Flat5IR",80,120,6.650722726,105
"GID7400278","GID7400278","Flat5IR",80,120,6.574056059,100
"GID7400279","GID7400279","Flat5IR",80,119,6.117389393,106
"GID7400280","GID7400280","Flat5IR",81,122,5.734056059,95
"GID7400281","GID7400281","Flat5IR",74,114,6.177389393,106
"GID7400282","GID7400282","Flat5IR",79,119,6.530722726,107
"GID7400292","GID7400292","Flat5IR",80,121,6.290722726,97
"GID7400293","GID7400293","Flat5IR",75,114,6.724056059,106
"GID7400294","GID7400294","Flat5IR",84,127,6.747389393,101
"GID7400298","GID7400298","Flat5IR",84,126,6.557389393,97
"GID7400299","GID7400299","Flat5IR",83,123,6.644056059,105
"GID7400301","GID7400301","Flat5IR",81,119,6.260722726,100
"GID7400305","GID7400305","Flat5IR",79,118,6.260722726,97
"GID7400306","GID7400306","Flat5IR",78,119,6.194056059,96
"GID7400307","GID7400307","Flat5IR",80,120,5.864056059,100
"GID7400308","GID7400308","Flat5IR",78,114,5.584056059,101
"GID7400309","GID7400309","Flat5IR",81,119,5.624056059,97
"GID7400311","GID7400311","Flat5IR",80,118,5.944056059,101
"GID7400313","GID7400313","Flat5IR",78,116,5.457389393,102
"GID7400315","GID7400315","Flat5IR",79,121,5.684056059,100
"GID7400316","GID7400316","Flat5IR",80,119,5.500722726,101
"GID7400318","GID7400318","Flat5IR",75,114,6.050722726,96
"GID7400320","GID7400320","Flat5IR",87,126,6.267389393,95
"GID7400331","GID7400331","Flat5IR",81,120,6.381573669,99
"GID7400337","GID7400337","Flat5IR",83,123,6.918240336,96
"GID7400383","GID7400383","Flat5IR",82,123,6.004907003,102
"GID7400430","GID7400430","Flat5IR",84,123,5.904907003,102
"GID7400441","GID7400441","Flat5IR",77,115,6.401573669,105
"GID7400442","GID7400442","Flat5IR",80,120,6.364907003,103
"GID7400446","GID7400446","Flat5IR",82,126,6.578240336,91
"GID7400448","GID7400448","Flat5IR",81,125,6.268240336,99
"GID7400453","GID7400453","Flat5IR",85,127,6.038240336,95
"GID7400456","GID7400456","Flat5IR",81,123,6.401573669,100
"GID7400458","GID7400458","Flat5IR",82,125,6.471573669,94
"GID7400459","GID7400459","Flat5IR",84,127,5.638240336,94
"GID7400460","GID7400460","Flat5IR",85,128,6.478240336,96
"GID7400467","GID7400467","Flat5IR",80,125,6.138240336,96
"GID7400471","GID7400471","Flat5IR",81,123,6.361573669,93
"GID7400478","GID7400478","Flat5IR",78,118,5.811573669,103
"GID7400482","GID7400482","Flat5IR",81,122,5.741573669,97
"GID7400488","GID7400488","Flat5IR",79,121,6.364907003,99
"GID7400490","GID7400490","Flat5IR",76,119,6.120415598,103
"GID7400491","GID7400491","Flat5IR",80,121,6.780415598,101
"GID7400511","GID7400511","Flat5IR",78,119,6.560415598,103
"GID7400518","GID7400518","Flat5IR",81,120,6.280415598,106
"GID7400536","GID7400536","Flat5IR",83,122,5.461835726,99
"GID7400537","GID7400537","Flat5IR",82,121,6.481835726,105
"GID7400538","GID7400538","Flat5IR",83,120,6.018502393,96
"GID7400539","GID7400539","Flat5IR",82,122,6.041835726,100
"GID7400541","GID7400541","Flat5IR",82,122,5.58516906,101
"GID7400545","GID7400545","Flat5IR",81,121,4.678502393,104
"GID7400551","GID7400551","Flat5IR",79,117,5.101835726,100
"GID7400571","GID7400571","Flat5IR",78,117,6.251835726,99
"GID7400579","GID7400579","Flat5IR",78,119,6.108502393,106
"GID7400581","GID7400581","Flat5IR",87,127,6.108502393,96
"GID7400582","GID7400582","Flat5IR",80,121,6.39516906,99
"GID7400583","GID7400583","Flat5IR",84,126,6.22516906,98
"GID7400595","GID7400595","Flat5IR",76,121,5.97516906,104
"GID7400597","GID7400597","Flat5IR",80,122,6.581835726,103
"GID7400598","GID7400598","Flat5IR",79,121,6.788502393,107
"GID7400602","GID7400602","Flat5IR",87,124,6.411835726,99
"GID7400624","GID7400624","Flat5IR",84,121,6.621835726,95
"GID7400635","GID7400635","Flat5IR",83,122,5.761835726,100
"GID7400639","GID7400639","Flat5IR",83,122,5.952130169,101
"GID7400641","GID7400641","Flat5IR",85,125,5.788796836,103
"GID7400644","GID7400644","Flat5IR",84,122,5.572130169,106
"GID7400646","GID7400646","Flat5IR",83,127,5.362130169,99
"GID7400651","GID7400651","Flat5IR",84,125,6.068796836,107
"GID7400653","GID7400653","Flat5IR",87,125,4.315463503,98
"GID7400656","GID7400656","Flat5IR",82,121,5.685463503,106
"GID7400663","GID7400663","Flat5IR",87,128,5.278796836,105
"GID7400670","GID7400670","Flat5IR",83,123,6.175463503,103
"GID7400676","GID7400676","Flat5IR",84,121,5.485463503,107
"GID7400679","GID7400679","Flat5IR",86,124,6.418796836,103
"GID7400696","GID7400696","Flat5IR",81,124,6.192130169,102
"GID7400699","GID7400699","Flat5IR",84,121,6.212130169,101
"GID7400700","GID7400700","Flat5IR",83,125,5.842130169,106
"GID7400701","GID7400701","Flat5IR",80,121,5.998796836,101
"GID7400702","GID7400702","Flat5IR",82,122,5.935463503,104
"GID7400703","GID7400703","Flat5IR",86,127,5.868796836,102
"GID7400704","GID7400704","Flat5IR",84,123,6.518796836,98
"GID7400717","GID7400717","Flat5IR",89,128,6.055463503,98
"GID7400720","GID7400720","Flat5IR",90,128,5.402130169,102
"GID7400724","GID7400724","Flat5IR",86,124,6.618796836,100
"GID7400729","GID7400729","Flat5IR",85,126,6.112130169,98
"GID7400733","GID7400733","Flat5IR",86,125,6.352130169,104
"GID7400736","GID7400736","Flat5IR",87,128,5.435463503,110
"GID7400738","GID7400738","Flat5IR",81,119,5.992130169,100
"GID7400741","GID7400741","Flat5IR",86,125,6.408796836,104
"GID7400743","GID7400743","Flat5IR",85,123,6.451618065,101
"GID7400746","GID7400746","Flat5IR",87,126,6.641618065,104
"GID7400747","GID7400747","Flat5IR",86,125,6.741618065,100
"GID7400748","GID7400748","Flat5IR",87,124,6.408284732,103
"GID7400749","GID7400749","Flat5IR",85,123,6.331618065,100
"GID7400751","GID7400751","Flat5IR",86,124,6.428284732,99
"GID7400752","GID7400752","Flat5IR",86,127,6.408284732,98
"GID7400754","GID7400754","Flat5IR",82,119,5.701618065,104
"GID7400757","GID7400757","Flat5IR",79,118,6.751618065,103
"GID7400758","GID7400758","Flat5IR",80,118,6.258284732,104
"GID7400759","GID7400759","Flat5IR",80,119,6.394951398,105
"GID7400769","GID7400769","Flat5IR",82,121,6.458284732,98
"GID7400770","GID7400770","Flat5IR",86,125,6.754951398,94
"GID7400771","GID7400771","Flat5IR",87,124,6.284951398,94
"GID7400772","GID7400772","Flat5IR",83,123,6.644951398,99
"GID7400777","GID7400777","Flat5IR",84,125,6.251618065,97
"GID7400786","GID7400786","Flat5IR",82,123,6.384088446,103
"GID7400794","GID7400794","Flat5IR",79,121,6.264088446,107
"GID7400807","GID7400807","Flat5IR",81,123,5.960755112,96
"GID7400816","GID7400816","Flat5IR",79,117,5.537421779,105
"GID7400819","GID7400819","Flat5IR",81,123,6.214088446,104
"GID7400827","GID7400827","Flat5IR",80,119,6.697421779,103
"GID7400872","GID7400872","Flat5IR",75,115,6.338502393,101
"GID7400873","GID7400873","Flat5IR",80,122,6.638912346,98
"GID7400876","GID7400876","Flat5IR",87,129,6.885559986,95
"GID7400877","GID7400877","Flat5IR",84,127,5.922226653,101
"GID7400878","GID7400878","Flat5IR",82,124,5.92889332,106
"GID7400882","GID7400882","Flat5IR",87,127,6.649739867,102
"GID7400883","GID7400883","Flat5IR",86,125,7.092226653,99
"GID7400885","GID7400885","Flat5IR",85,128,6.86889332,101
"GID7400887","GID7400887","Flat5IR",86,127,6.34889332,105
"GID7400888","GID7400888","Flat5IR",87,129,6.442226653,101
"GID7400901","GID7400901","Flat5IR",87,128,5.742226653,101
"GID7400903","GID7400903","Flat5IR",90,129,6.445559986,100
"GID7400905","GID7400905","Flat5IR",82,124,6.402226653,100
"GID7400913","GID7400913","Flat5IR",81,127,6.702226653,96
"GID7400914","GID7400914","Flat5IR",82,122,6.465559986,100
"GID7400915","GID7400915","Flat5IR",82,122,6.592226653,101
"GID7400916","GID7400916","Flat5IR",81,121,6.06889332,113
"GID7400922","GID7400922","Flat5IR",82,121,5.795559986,108
"GID7400943","GID7400943","Flat5IR",79,121,6.465559986,106
"GID7400945","GID7400945","Flat5IR",80,122,6.10889332,109
"GID7400949","GID7400949","Flat5IR",81,121,6.37889332,108
"GID7400952","GID7400952","Flat5IR",80,122,5.90889332,105
"GID7400959","GID7400959","Flat5IR",90,128,6.165559986,114
"GID7400963","GID7400963","Flat5IR",79,119,6.265559986,103
"GID7400965","GID7400965","Flat5IR",84,125,6.58889332,103
"GID7400966","GID7400966","Flat5IR",87,128,6.447492219,95
"GID7400967","GID7400967","Flat5IR",82,121,6.420825552,96
"GID7400968","GID7400968","Flat5IR",87,128,6.127492219,95
"GID7400970","GID7400970","Flat5IR",83,125,5.647492219,96
"GID7400971","GID7400971","Flat5IR",83,124,6.27488753175909,103
"GID7400972","GID7400972","Flat5IR",82,123,5.444158885,103
"GID7400973","GID7400973","Flat5IR",84,122,5.974158885,99
"GID7400983","GID7400983","Flat5IR",83,121,6.574158885,102
"GID7400990","GID7400990","Flat5IR",86,124,6.077492219,100
"GID7400994","GID7400994","Flat5IR",87,124,6.150825552,103
"GID7401035","GID7401035","Flat5IR",85,125,6.990825552,105
"GID7401038","GID7401038","Flat5IR",84,124,4.794158885,98
"GID7401050","GID7401050","Flat5IR",85,122,5.580825552,105
"GID7401052","GID7401052","Flat5IR",83,121,6.034158885,104
"GID7401053","GID7401053","Flat5IR",80,122,5.350825552,105
"GID7401067","GID7401067","Flat5IR",86,125,5.967492219,108
"GID7401070","GID7401070","Flat5IR",86,124,6.157492219,104
"GID7401073","GID7401073","Flat5IR",87,128,4.940825552,105
"GID7401076","GID7401076","Flat5IR",87,127,5.824158885,110
"GID7401078","GID7401078","Flat5IR",86,128,5.757492219,107
"GID7401079","GID7401079","Flat5IR",87,128,5.690825552,110
"GID7401087","GID7401087","Flat5IR",82,121,6.047492219,106
"GID7401090","GID7401090","Flat5IR",86,125,6.03130527,89
"GID7401109","GID7401109","Flat5IR",86,124,5.97130527,103
"GID7401111","GID7401111","Flat5IR",83,120,5.744638603,103
"GID7401113","GID7401113","Flat5IR",82,118,5.75130527,104
"GID7401114","GID7401114","Flat5IR",78,119,6.654638603,108
"GID7401115","GID7401115","Flat5IR",84,122,6.297971937,101
"GID7401116","GID7401116","Flat5IR",85,122,6.074638603,101
"GID7401118","GID7401118","Flat5IR",83,119,6.037971937,98
"GID7401152","GID7401152","Flat5IR",86,122,5.31130527,99
"GID7401156","GID7401156","Flat5IR",87,123,5.71130527,98
"GID7401193","GID7401193","Flat5IR",86,124,6.35130527,99
"GID7401202","GID7401202","Flat5IR",77,118,5.657971937,102
"GID7401210","GID7401210","Flat5IR",79,120,5.757971937,105
"GID7401212","GID7401212","Flat5IR",79,120,6.504638603,98
"GID7401214","GID7401214","Flat5IR",79,119,6.274638603,102
"GID7401221","GID7401221","Flat5IR",78,120,5.99130527,99
"GID7401224","GID7401224","Flat5IR",77,118,5.99130527,98
"GID7401230","GID7401230","Flat5IR",80,120,5.847971937,98
"GID7401231","GID7401231","Flat5IR",79,121,5.724638603,96
"GID7401239","GID7401239","Flat5IR",84,121,6.047971937,99
"GID7401242","GID7401242","Flat5IR",83,120,6.03130527,99
"GID7401292","GID7401292","Flat5IR",73,116,6.54130527,97
"GID7401295","GID7401295","Flat5IR",78,119,6.517971937,100
"GID7401310","GID7401310","Flat5IR",87,121,5.83130527,96
"GID7401319","GID7401319","Flat5IR",85,122,6.699551971,97
"GID7401341","GID7401341","Flat5IR",90,130,6.552885304,103
"GID7401342","GID7401342","Flat5IR",78,122,6.469551971,100
"GID7401343","GID7401343","Flat5IR",81,121,5.506218637,103
"GID7401356","GID7401356","Flat5IR",89,126,5.859551971,101
"GID7401358","GID7401358","Flat5IR",84,119,6.226218637,109
"GID7401367","GID7401367","Flat5IR",83,124,6.551618065,100
"GID7401418","GID7401418","Flat5IR",83,121,6.204951398,105
"GID7401428","GID7401428","Flat5IR",84,119,5.998284732,102
"GID7401431","GID7401431","Flat5IR",86,128,5.864951398,100
"GID7401466","GID7401466","Flat5IR",80,118,6.261618065,95
"GID7401467","GID7401467","Flat5IR",83,122,6.364951398,101
"GID7401470","GID7401470","Flat5IR",83,125,6.24160538,97
"GID7401474","GID7401474","Flat5IR",76,121,6.548272047,100
"GID7401477","GID7401477","Flat5IR",83,122,6.71160538,104
"GID7401478","GID7401478","Flat5IR",80,124,6.658272047,102
"GID7401479","GID7401479","Flat5IR",78,122,6.11160538,98
"GID7401498","GID7401498","Flat5IR",86,125,5.684938714,96
"GID7401507","GID7401507","Flat5IR",88,128,6.854938714,101
"GID7401510","GID7401510","Flat5IR",87,127,6.19160538,97
"GID7401511","GID7401511","Flat5IR",87,128,6.328272047,95
"GID7401518","GID7401518","Flat5IR",86,128,6.394938714,98
"GID7401528","GID7401528","Flat5IR",89,126,6.02160538,97
"GID7401531","GID7401531","Flat5IR",84,122,6.14160538,102
"GID7401532","GID7401532","Flat5IR",84,122,5.958272047,96
"GID7401537","GID7401537","Flat5IR",85,123,6.058272047,99
"GID7401541","GID7401541","Flat5IR",87,128,6.528272047,104
"GID7401558","GID7401558","Flat5IR",81,122,6.498272047,101
"GID7401560","GID7401560","Flat5IR",80,121,6.734938714,104
"GID7401569","GID7401569","Flat5IR",79,122,6.37160538,104
"GID7401570","GID7401570","Flat5IR",82,125,6.204938714,102
"GID7401571","GID7401571","Flat5IR",80,123,6.398272047,103
"GID7401579","GID7401579","Flat5IR",80,125,6.03160538,107
"GID7401580","GID7401580","Flat5IR",82,124,6.19160538,106
"GID7401582","GID7401582","Flat5IR",80,123,6.26160538,104
"GID7401584","GID7401584","Flat5IR",79,122,6.12160538,104
"GID7401585","GID7401585","Flat5IR",78,122,6.298272047,103
"GID7401588","GID7401588","Flat5IR",84,127,6.694938714,102
"GID7401590","GID7401590","Flat5IR",85,124,6.630835823,103
"GID7401603","GID7401603","Flat5IR",83,124,6.184169156,95
"GID7401609","GID7401609","Flat5IR",80,117,6.147502489,102
"GID7401610","GID7401610","Flat5IR",80,118,5.774169156,102
"GID7401621","GID7401621","Flat5IR",82,121,5.144169156,104
"GID7401622","GID7401622","Flat5IR",86,125,4.874169156,101
"GID7401641","GID7401641","Flat5IR",79,117,5.714169156,109
"GID7401643","GID7401643","Flat5IR",84,122,5.844169156,98
"GID7401645","GID7401645","Flat5IR",88,128,5.784169156,102
"GID7401646","GID7401646","Flat5IR",78,118,5.814169156,99
"GID7401647","GID7401647","Flat5IR",84,122,5.477502489,99
"GID7401649","GID7401649","Flat5IR",79,120,5.830835823,105
"GID7401651","GID7401651","Flat5IR",83,124,5.500835823,91
"GID7401653","GID7401653","Flat5IR",86,123,5.937502489,99
"GID7401656","GID7401656","Flat5IR",84,120,6.257502489,91
"GID7401659","GID7401659","Flat5IR",86,124,5.640835823,88
"GID7401661","GID7401661","Flat5IR",88,132,6.407502489,89
"GID7401668","GID7401668","Flat5IR",83,122,5.864169156,97
"GID7401670","GID7401670","Flat5IR",81,121,6.410835823,94
"GID7401671","GID7401671","Flat5IR",86,123,6.074169156,95
"GID7401672","GID7401672","Flat5IR",84,124,5.890835823,92
"GID7401673","GID7401673","Flat5IR",83,123,6.247502489,96
"GID7401675","GID7401675","Flat5IR",84,124,5.930835823,95
"GID7401676","GID7401676","Flat5IR",82,121,5.494169156,95
"GID7401677","GID7401677","Flat5IR",87,128,6.137502489,97
"GID7401683","GID7401683","Flat5IR",77,117,5.977502489,96
"GID7401686","GID7401686","Flat5IR",76,116,5.900835823,101
"GID7401766","GID7401766","Flat5IR",82,119,5.905649453,93
"GID7401803","GID7401803","Flat5IR",80,122,5.895649453,100
"GID7401811","GID7401811","Flat5IR",82,121,6.828982786,98
"GID7401815","GID7401815","Flat5IR",79,118,6.602316119,96
"GID7401872","GID7401872","Flat5IR",85,127,6.052316119,99
"GID7401875","GID7401875","Flat5IR",86,125,6.132316119,102
"GID7401878","GID7401878","Flat5IR",81,121,5.655649453,110
"GID7401886","GID7401886","Flat5IR",77,117,6.812316119,100
"GID7401888","GID7401888","Flat5IR",80,122,6.935649453,96
"GID7401890","GID7401890","Flat5IR",83,125,6.988912346,95
"GID7401896","GID7401896","Flat5IR",87,128,6.31224568,97
"GID7401898","GID7401898","Flat5IR",84,122,6.47224568,98
"GID7401900","GID7401900","Flat5IR",86,124,6.108912346,95
"GID7401909","GID7401909","Flat5IR",80,123,7.00224568,96
"GID7401934","GID7401934","Flat5IR",85,125,6.225579013,101
"GID7401952","GID7401952","Flat5IR",86,126,5.945579013,92
"GID7401956","GID7401956","Flat5IR",87,126,5.99224568,98
"GID7401987","GID7401987","Flat5IR",83,122,6.445579013,98
"GID7401988","GID7401988","Flat5IR",82,124,6.348912346,94
"GID7401995","GID7401995","Flat5IR",83,122,6.23224568,95
"GID7402002","GID7402002","Flat5IR",87,128,6.125579013,99
"GID7402010","GID7402010","Flat5IR",83,122,6.065579013,102
"GID7402011","GID7402011","Flat5IR",80,119,6.525579013,104
"GID7402019","GID7402019","Flat5IR",84,122,5.935579013,92
"GID7402021","GID7402021","Flat5IR",85,121,6.198912346,92
"GID7402049","GID7402049","Flat5IR",86,125,6.619551971,108
"GID7402054","GID7402054","Flat5IR",80,117,6.562885304,108
"GID7402056","GID7402056","Flat5IR",81,118,6.436218637,107
"GID7402059","GID7402059","Flat5IR",87,123,5.379551971,98
"GID7402061","GID7402061","Flat5IR",88,122,5.886218637,103
"GID7402063","GID7402063","Flat5IR",84,123,6.969551971,109
"GID7402078","GID7402078","Flat5IR",88,124,6.276218637,107
"GID7402080","GID7402080","Flat5IR",85,124,6.449551971,104
"GID7402081","GID7402081","Flat5IR",86,125,6.979551971,106
"GID7402102","GID7402102","Flat5IR",84,123,6.379551971,100
"GID7402105","GID7402105","Flat5IR",83,124,6.656218637,105
"GID7402172","GID7402172","Flat5IR",82,121,6.475579013,100
"GID7402200","GID7402200","Flat5IR",80,119,6.16516906,108
"GID7402206","GID7402206","Flat5IR",83,121,5.008502393,98
"GID7402209","GID7402209","Flat5IR",82,122,4.861835726,103
"GID7402211","GID7402211","Flat5IR",79,119,5.268502393,102
"GID7402225","GID7402225","Flat5IR",84,119,6.451835726,103
"GID7402229","GID7402229","Flat5IR",80,118,6.261835726,97
"GID7305339","GID7305339","FlatDrip",76,108,2.412390308,66
"GID7305341","GID7305341","FlatDrip",77,110,2.092390308,64
"GID7305349","GID7305349","FlatDrip",79,118,2.385723642,68
"GID7305427","GID7305427","FlatDrip",72,110,2.392390308,67
"GID7305649","GID7305649","FlatDrip",77,113,2.462390308,65
"GID7305677","GID7305677","FlatDrip",80,117,1.784269228,73
"GID7305682","GID7305682","FlatDrip",77,109,3.113340209,62
"GID7305695","GID7305695","FlatDrip",77,109,2.760006876,58
"GID7305714","GID7305714","FlatDrip",73,112,2.546413971,64
"GID7305743","GID7305743","FlatDrip",72,110,2.789747304,64
"GID7305802","GID7305802","FlatDrip",77,110,2.622390308,61
"GID7305805","GID7305805","FlatDrip",84,119,2.332390308,64
"GID7305827","GID7305827","FlatDrip",82,118,2.180992956,60
"GID7305834","GID7305834","FlatDrip",68,109,2.910992956,59
"GID7305837","GID7305837","FlatDrip",81,118,2.077659623,58
"GID7305872","GID7305872","FlatDrip",75,108,2.734871171,60
"GID7305877","GID7305877","FlatDrip",69,107,2.548204505,61
"GID7305879","GID7305879","FlatDrip",72,109,2.484871171,57
"GID7305883","GID7305883","FlatDrip",79,115,2.071537838,64
"GID7305888","GID7305888","FlatDrip",75,110,2.349852383,60
"GID7305906","GID7305906","FlatDrip",82,117,2.11651905,57
"GID7305909","GID7305909","FlatDrip",77,108,1.78651905,57
"GID7305910","GID7305910","FlatDrip",81,117,1.749852383,67
"GID7305960","GID7305960","FlatDrip",78,117,2.675723642,58
"GID7310423","GID7310423","FlatDrip",81,114,2.250350644,66
"GID7310428","GID7310428","FlatDrip",83,116,2.263683978,64
"GID7310430","GID7310430","FlatDrip",81,114,2.203683978,68
"GID7310511","GID7310511","FlatDrip",80,113,2.515743128,63
"GID7310597","GID7310597","FlatDrip",80,113,2.142409795,66
"GID7310601","GID7310601","FlatDrip",80,115,2.315743128,70
"GID7310605","GID7310605","FlatDrip",81,114,2.539076461,72
"GID7310606","GID7310606","FlatDrip",82,117,2.152409795,66
"GID7310612","GID7310612","FlatDrip",80,111,2.345743128,67
"GID7310617","GID7310617","FlatDrip",81,115,1.839076461,72
"GID7310628","GID7310628","FlatDrip",79,111,2.479076461,76
"GID7310629","GID7310629","FlatDrip",80,114,1.995743128,71
"GID7310635","GID7310635","FlatDrip",76,110,2.675743128,74
"GID7310669","GID7310669","FlatDrip",76,109,2.232409795,67
"GID7310700","GID7310700","FlatDrip",79,112,2.702409795,70
"GID7310704","GID7310704","FlatDrip",78,111,2.822409795,73
"GID7310720","GID7310720","FlatDrip",78,111,2.825743128,76
"GID7310723","GID7310723","FlatDrip",74,109,3.135743128,75
"GID7310745","GID7310745","FlatDrip",78,106,2.653157186,67
"GID7310770","GID7310770","FlatDrip",77,106,2.706490519,67
"GID7310771","GID7310771","FlatDrip",76,107,2.723157186,66
"GID7310774","GID7310774","FlatDrip",78,107,2.513157186,68
"GID7310775","GID7310775","FlatDrip",79,107,2.536490519,66
"GID7310785","GID7310785","FlatDrip",74,106,2.939823852,77
"GID7310788","GID7310788","FlatDrip",86,110,1.936490519,68
"GID7310789","GID7310789","FlatDrip",86,117,2.083157186,67
"GID7310794","GID7310794","FlatDrip",80,117,1.879823852,66
"GID7310795","GID7310795","FlatDrip",81,114,2.636490519,75
"GID7310797","GID7310797","FlatDrip",69,105,2.879823852,73
"GID7310799","GID7310799","FlatDrip",82,115,2.369823852,66
"GID7310804","GID7310804","FlatDrip",73,106,2.819823852,72
"GID7310806","GID7310806","FlatDrip",83,117,2.016490519,63
"GID7310807","GID7310807","FlatDrip",75,107,2.873157186,65
"GID7310808","GID7310808","FlatDrip",86,118,1.219823852,62
"GID7310835","GID7310835","FlatDrip",78,109,2.846490519,67
"GID7310856","GID7310856","FlatDrip",77,113,2.526490519,63
"GID7310862","GID7310862","FlatDrip",78,110,2.566490519,65
"GID7310872","GID7310872","FlatDrip",81,117,1.723157186,63
"GID7310893","GID7310893","FlatDrip",78,110,2.813157186,68
"GID7310894","GID7310894","FlatDrip",72,106,2.676490519,72
"GID7310902","GID7310902","FlatDrip",81,114,2.643157186,66
"GID7310905","GID7310905","FlatDrip",74,107,2.496615084,72
"GID7310906","GID7310906","FlatDrip",75,108,2.519948418,70
"GID7310918","GID7310918","FlatDrip",71,104,2.836615084,71
"GID7310930","GID7310930","FlatDrip",83,117,1.726615084,64
"GID7310936","GID7310936","FlatDrip",83,116,1.556615084,66
"GID7310946","GID7310946","FlatDrip",80,114,2.229948418,68
"GID7310972","GID7310972","FlatDrip",81,113,2.026615084,69
"GID7310981","GID7310981","FlatDrip",79,112,2.319948418,70
"GID7311017","GID7311017","FlatDrip",79,118,2.491144656,68
"GID7311040","GID7311040","FlatDrip",67,104,2.876615084,75
"GID7311059","GID7311059","FlatDrip",69,105,2.623281751,77
"GID7311068","GID7311068","FlatDrip",81,115,1.436615084,65
"GID7311077","GID7311077","FlatDrip",81,117,1.713281751,68
"GID7311085","GID7311085","FlatDrip",83,116,2.109948418,66
"GID7311105","GID7311105","FlatDrip",72,107,2.826615084,74
"GID7311109","GID7311109","FlatDrip",82,115,1.739948418,69
"GID7311113","GID7311113","FlatDrip",80,114,2.269948418,67
"GID7311118","GID7311118","FlatDrip",77,114,1.883281751,72
"GID7311132","GID7311132","FlatDrip",71,108,2.399948418,70
"GID7311134","GID7311134","FlatDrip",76,108,2.813281751,72
"GID7311137","GID7311137","FlatDrip",81,116,1.476615084,65
"GID7311140","GID7311140","FlatDrip",75,107,2.389948418,69
"GID7311152","GID7311152","FlatDrip",80,113,2.034182238,67
"GID7311160","GID7311160","FlatDrip",78,107,2.574182238,69
"GID7311174","GID7311174","FlatDrip",75,110,2.717515572,74
"GID7311193","GID7311193","FlatDrip",76,108,2.487515572,70
"GID7311200","GID7311200","FlatDrip",78,112,2.427515572,72
"GID7311249","GID7311249","FlatDrip",80,113,1.864182238,67
"GID7311300","GID7311300","FlatDrip",71,106,2.780848905,73
"GID7311326","GID7311326","FlatDrip",79,112,2.480848905,72
"GID7311365","GID7311365","FlatDrip",83,118,2.2160027,68
"GID7311374","GID7311374","FlatDrip",77,114,2.0860027,70
"GID7311391","GID7311391","FlatDrip",82,119,1.849336033,66
"GID7311407","GID7311407","FlatDrip",79,117,1.772669366,65
"GID7311417","GID7311417","FlatDrip",81,118,1.839336033,67
"GID7311425","GID7311425","FlatDrip",82,119,1.5460027,68
"GID7311435","GID7311435","FlatDrip",81,116,2.4960027,67
"GID7311448","GID7311448","FlatDrip",79,115,1.8960027,65
"GID7311460","GID7311460","FlatDrip",81,117,2.289336033,72
"GID7311467","GID7311467","FlatDrip",74,112,2.4160027,65
"GID7311468","GID7311468","FlatDrip",85,117,1.719469643,64
"GID7311470","GID7311470","FlatDrip",85,119,2.032802976,62
"GID7311478","GID7311478","FlatDrip",75,114,2.939469643,65
"GID7311481","GID7311481","FlatDrip",74,114,2.359469643,66
"GID7311520","GID7311520","FlatDrip",79,114,2.202802976,70
"GID7311526","GID7311526","FlatDrip",81,116,2.34613631,67
"GID7311536","GID7311536","FlatDrip",75,117,2.097727126,62
"GID7311541","GID7311541","FlatDrip",75,113,2.494393793,64
"GID7311544","GID7311544","FlatDrip",77,114,2.54106046,66
"GID7311551","GID7311551","FlatDrip",80,116,1.917727126,60
"GID7311555","GID7311555","FlatDrip",73,109,2.667727126,65
"GID7311557","GID7311557","FlatDrip",81,118,2.434393793,68
"GID7311560","GID7311560","FlatDrip",83,117,1.844393793,50
"GID7311566","GID7311566","FlatDrip",79,115,1.994393793,58
"GID7311568","GID7311568","FlatDrip",81,118,2.12106046,63
"GID7311612","GID7311612","FlatDrip",77,109,2.86106046,70
"GID7311884","GID7311884","FlatDrip",71,108,3.416013141,69
"GID7311886","GID7311886","FlatDrip",75,109,2.989346474,68
"GID7311891","GID7311891","FlatDrip",77,113,2.899346474,70
"GID7311894","GID7311894","FlatDrip",73,108,3.029346474,65
"GID7311895","GID7311895","FlatDrip",77,109,2.626013141,62
"GID7311938","GID7311938","FlatDrip",75,115,1.675906665,62
"GID7311967","GID7311967","FlatDrip",80,113,2.135906665,57
"GID7311977","GID7311977","FlatDrip",80,118,1.889239999,64
"GID7312045","GID7312045","FlatDrip",78,114,1.239718773,65
"GID7312066","GID7312066","FlatDrip",79,115,1.929718773,66
"GID7312069","GID7312069","FlatDrip",77,116,2.489718773,67
"GID7312071","GID7312071","FlatDrip",77,117,2.449718773,68
"GID7312074","GID7312074","FlatDrip",76,113,2.923052107,70
"GID7312079","GID7312079","FlatDrip",81,115,0.82638544,61
"GID7312081","GID7312081","FlatDrip",83,118,1.693052107,60
"GID7312082","GID7312082","FlatDrip",80,117,0.93638544,63
"GID7312083","GID7312083","FlatDrip",77,116,1.11638544,64
"GID7312084","GID7312084","FlatDrip",81,118,1.389718773,62
"GID7312085","GID7312085","FlatDrip",84,118,1.239718773,61
"GID7312086","GID7312086","FlatDrip",81,117,1.28638544,63
"GID7312119","GID7312119","FlatDrip",82,118,1.347811323,58
"GID7312122","GID7312122","FlatDrip",78,114,2.121144656,57
"GID7312215","GID7312215","FlatDrip",76,113,2.217811323,63
"GID7312223","GID7312223","FlatDrip",69,111,2.68447799,61
"GID7312242","GID7312242","FlatDrip",77,111,2.37447799,60
"GID7312262","GID7312262","FlatDrip",74,110,2.52447799,54
"GID7312313","GID7312313","FlatDrip",79,109,2.386895769,52
"GID7312319","GID7312319","FlatDrip",80,110,2.241062605,55
"GID7312360","GID7312360","FlatDrip",78,112,1.852470906,63
"GID7312376","GID7312376","FlatDrip",81,112,1.791062605,61
"GID7312378","GID7312378","FlatDrip",80,113,1.901895769,56
"GID7312386","GID7312386","FlatDrip",78,109,2.149137573,57
"GID7312388","GID7312388","FlatDrip",81,110,1.35580424,55
"GID7312394","GID7312394","FlatDrip",79,111,2.294454345,54
"GID7312398","GID7312398","FlatDrip",77,110,2.072470906,56
"GID7312402","GID7312402","FlatDrip",81,113,1.95580424,58
"GID7312410","GID7312410","FlatDrip",82,114,1.546062605,62
"GID7312413","GID7312413","FlatDrip",81,115,1.659137573,58
"GID7312429","GID7312429","FlatDrip",83,117,1.55580424,53
"GID7312439","GID7312439","FlatDrip",78,109,2.02580424,59
"GID7312451","GID7312451","FlatDrip",83,110,1.411062605,53
"GID7312452","GID7312452","FlatDrip",86,110,1.32580424,55
"GID7312454","GID7312454","FlatDrip",88,110,1.379137573,56
"GID7312455","GID7312455","FlatDrip",89,110,1.231062605,55
"GID7312456","GID7312456","FlatDrip",83,110,1.744454345,55
"GID7312470","GID7312470","FlatDrip",82,117,1.997919058,57
"GID7312477","GID7312477","FlatDrip",78,109,2.462765678,67
"GID7312482","GID7312482","FlatDrip",77,107,2.309373342,59
"GID7312485","GID7312485","FlatDrip",73,108,2.772706675,63
"GID7312499","GID7312499","FlatDrip",79,110,2.137765678,60
"GID7312523","GID7312523","FlatDrip",71,103,2.682706675,68
"GID7312527","GID7312527","FlatDrip",77,109,2.602706675,65
"GID7312539","GID7312539","FlatDrip",79,115,1.777435289,60
"GID7312620","GID7312620","FlatDrip",72,102,2.447926843,65
"GID7312652","GID7312652","FlatDrip",80,110,2.331260177,58
"GID7312655","GID7312655","FlatDrip",87,108,1.847926843,54
"GID7312659","GID7312659","FlatDrip",78,110,2.137926843,57
"GID7312670","GID7312670","FlatDrip",80,115,1.651260177,60
"GID7312704","GID7312704","FlatDrip",80,115,2.33459351,57
"GID7312736","GID7312736","FlatDrip",74,106,2.66266797,70
"GID7312923","GID7312923","FlatDrip",81,117,1.699334636,65
"GID7312934","GID7312934","FlatDrip",73,107,2.466001303,66
"GID7312960","GID7312960","FlatDrip",72,106,2.589334636,63
"GID7312961","GID7312961","FlatDrip",71,107,2.626001303,66
"GID7313013","GID7313013","FlatDrip",83,117,1.271498866,61
"GID7313018","GID7313018","FlatDrip",86,117,1.278165532,62
"GID7313019","GID7313019","FlatDrip",81,115,1.434832199,58
"GID7313022","GID7313022","FlatDrip",82,115,1.958165532,72
"GID7313023","GID7313023","FlatDrip",81,117,1.584832199,70
"GID7313025","GID7313025","FlatDrip",81,115,1.578165532,67
"GID7313026","GID7313026","FlatDrip",83,117,1.641498866,66
"GID7313027","GID7313027","FlatDrip",88,112,1.648165532,65
"GID7313028","GID7313028","FlatDrip",82,115,2.324832199,66
"GID7313031","GID7313031","FlatDrip",74,109,2.398165532,66
"GID7313040","GID7313040","FlatDrip",82,117,1.547542706,60
"GID7313048","GID7313048","FlatDrip",72,107,2.844209373,65
"GID7313053","GID7313053","FlatDrip",76,108,2.19087604,58
"GID7313112","GID7313112","FlatDrip",71,104,2.924209373,68
"GID7313113","GID7313113","FlatDrip",79,111,1.944209373,62
"GID7313139","GID7313139","FlatDrip",89,117,1.474209373,60
"GID7313157","GID7313157","FlatDrip",80,110,2.144209373,65
"GID7313172","GID7313172","FlatDrip",74,107,2.76087604,72
"GID7313230","GID7313230","FlatDrip",79,113,1.860818978,65
"GID7313245","GID7313245","FlatDrip",87,116,1.764152311,55
"GID7313264","GID7313264","FlatDrip",88,115,1.217485644,60
"GID7313292","GID7313292","FlatDrip",89,118,1.380818978,62
"GID7313297","GID7313297","FlatDrip",81,114,1.650818978,64
"GID7313298","GID7313298","FlatDrip",83,116,1.594152311,58
"GID7313302","GID7313302","FlatDrip",82,118,1.730818978,64
"GID7313312","GID7313312","FlatDrip",86,113,1.407485644,63
"GID7313314","GID7313314","FlatDrip",82,117,1.787485644,62
"GID7313315","GID7313315","FlatDrip",86,115,1.510818978,55
"GID7313318","GID7313318","FlatDrip",87,117,1.520818978,59
"GID7313327","GID7313327","FlatDrip",77,107,2.754152311,65
"GID7313341","GID7313341","FlatDrip",86,118,1.547485644,56
"GID7313358","GID7313358","FlatDrip",80,112,1.840818978,63
"GID7313375","GID7313375","FlatDrip",78,106,2.560963029,66
"GID7313377","GID7313377","FlatDrip",88,119,1.317629696,61
"GID7313385","GID7313385","FlatDrip",82,117,1.714296362,60
"GID7313386","GID7313386","FlatDrip",82,115,1.840963029,64
"GID7313390","GID7313390","FlatDrip",81,114,2.150963029,68
"GID7313392","GID7313392","FlatDrip",80,115,2.290963029,70
"GID7313393","GID7313393","FlatDrip",82,115,1.527629696,65
"GID7313395","GID7313395","FlatDrip",86,117,1.440963029,63
"GID7313406","GID7313406","FlatDrip",81,114,1.940963029,68
"GID7313459","GID7313459","FlatDrip",81,116,1.244536448,64
"GID7313462","GID7313462","FlatDrip",75,109,1.977869781,70
"GID7313466","GID7313466","FlatDrip",82,117,1.711203115,65
"GID7313467","GID7313467","FlatDrip",82,117,1.851203115,66
"GID7313470","GID7313470","FlatDrip",78,109,2.434536448,65
"GID7313509","GID7313509","FlatDrip",77,107,2.534536448,72
"GID7313525","GID7313525","FlatDrip",75,107,2.461203115,71
"GID7313526","GID7313526","FlatDrip",78,109,2.001203115,68
"GID7313552","GID7313552","FlatDrip",80,114,1.687323503,65
"GID7313592","GID7313592","FlatDrip",78,110,2.480656837,73
"GID7313608","GID7313608","FlatDrip",71,106,2.84399017,71
"GID7313634","GID7313634","FlatDrip",80,110,2.480656837,65
"GID7313663","GID7313663","FlatDrip",71,106,2.397323503,72
"GID7313675","GID7313675","FlatDrip",76,107,2.280656837,67
"GID7313678","GID7313678","FlatDrip",77,109,2.147323503,66
"GID7313679","GID7313679","FlatDrip",78,107,2.080656837,64
"GID7313680","GID7313680","FlatDrip",81,114,1.99399017,67
"GID7313682","GID7313682","FlatDrip",79,113,1.280656837,68
"GID7313692","GID7313692","FlatDrip",72,107,2.377323503,69
"GID7313697","GID7313697","FlatDrip",73,106,2.637323503,74
"GID7313708","GID7313708","FlatDrip",79,109,2.017323503,74
"GID7313713","GID7313713","FlatDrip",68,105,3.020331158,75
"GID7313716","GID7313716","FlatDrip",80,115,2.093664491,74
"GID7313754","GID7313754","FlatDrip",78,107,2.646997825,73
"GID7313767","GID7313767","FlatDrip",80,111,2.562132133,65
"GID7313770","GID7313770","FlatDrip",78,107,3.025465466,66
"GID7313784","GID7313784","FlatDrip",81,117,2.172132133,63
"GID7313804","GID7313804","FlatDrip",82,114,2.385465466,64
"GID7313806","GID7313806","FlatDrip",79,107,2.4987988,67
"GID7313811","GID7313811","FlatDrip",78,106,2.4587988,66
"GID7313888","GID7313888","FlatDrip",86,119,1.470551758,68
"GID7314091","GID7314091","FlatDrip",79,117,2.237659623,60
"GID7314436","GID7314436","FlatDrip",88,117,1.630818978,61
"GID7314450","GID7314450","FlatDrip",88,117,1.979823852,64
"GID7395684","GID7395684","FlatDrip",82,113,2.163885091,64
"GID7395692","GID7395692","FlatDrip",82,114,1.220551758,66
"GID7395694","GID7395694","FlatDrip",83,115,2.323885091,70
"GID7395778","GID7395778","FlatDrip",78,110,2.150551758,71
"GID7395817","GID7395817","FlatDrip",79,110,2.360551758,68
"GID7395818","GID7395818","FlatDrip",76,110,2.440551758,65
"GID7395822","GID7395822","FlatDrip",75,107,2.813885091,67
"GID7395864","GID7395864","FlatDrip",88,119,1.463885091,68
"GID7395895","GID7395895","FlatDrip",76,109,2.403885091,70
"GID7395899","GID7395899","FlatDrip",75,106,2.603885091,68
"GID7395900","GID7395900","FlatDrip",81,114,1.410551758,66
"GID7395904","GID7395904","FlatDrip",80,113,1.477218424,65
"GID7395907","GID7395907","FlatDrip",66,103,2.823885091,68
"GID7395914","GID7395914","FlatDrip",87,119,1.317218424,63
"GID7395915","GID7395915","FlatDrip",66,103,2.667218424,65
"GID7395926","GID7395926","FlatDrip",78,107,2.620551758,66
"GID7395927","GID7395927","FlatDrip",81,114,2.033885091,64
"GID7395964","GID7395964","FlatDrip",80,115,1.797218424,72
"GID7395966","GID7395966","FlatDrip",81,115,2.017218424,70
"GID7395976","GID7395976","FlatDrip",81,115,1.649948418,68
"GID7396029","GID7396029","FlatDrip",78,112,1.316615084,63
"GID7396039","GID7396039","FlatDrip",80,111,2.363281751,64
"GID7396051","GID7396051","FlatDrip",76,111,1.866615084,65
"GID7396072","GID7396072","FlatDrip",80,115,2.149948418,70
"GID7396083","GID7396083","FlatDrip",72,105,2.579948418,72
"GID7396104","GID7396104","FlatDrip",73,106,2.736615084,73
"GID7396125","GID7396125","FlatDrip",82,114,2.139948418,65
"GID7396126","GID7396126","FlatDrip",72,112,2.473281751,71
"GID7396133","GID7396133","FlatDrip",80,110,2.609948418,67
"GID7396136","GID7396136","FlatDrip",80,114,2.183281751,70
"GID7396139","GID7396139","FlatDrip",80,115,1.319948418,73
"GID7396142","GID7396142","FlatDrip",79,111,2.093281751,69
"GID7396151","GID7396151","FlatDrip",78,111,2.358942851,77
"GID7396153","GID7396153","FlatDrip",79,112,2.425609518,68
"GID7396155","GID7396155","FlatDrip",77,111,2.458942851,69
"GID7396161","GID7396161","FlatDrip",81,114,2.258942851,66
"GID7396167","GID7396167","FlatDrip",80,115,2.208942851,68
"GID7396170","GID7396170","FlatDrip",75,108,2.298942851,72
"GID7396171","GID7396171","FlatDrip",78,109,1.845609518,70
"GID7396172","GID7396172","FlatDrip",69,105,2.895609518,77
"GID7396173","GID7396173","FlatDrip",74,107,2.515609518,72
"GID7396176","GID7396176","FlatDrip",75,109,2.645609518,67
"GID7396184","GID7396184","FlatDrip",74,110,2.515609518,74
"GID7396194","GID7396194","FlatDrip",76,111,2.642276184,75
"GID7396195","GID7396195","FlatDrip",81,113,1.925609518,73
"GID7396196","GID7396196","FlatDrip",82,117,1.575609518,70
"GID7396203","GID7396203","FlatDrip",82,116,1.505609518,72
"GID7396204","GID7396204","FlatDrip",81,114,2.558942851,71
"GID7396207","GID7396207","FlatDrip",71,105,2.862276184,77
"GID7396208","GID7396208","FlatDrip",73,107,2.668942851,77
"GID7396209","GID7396209","FlatDrip",70,106,2.822276184,78
"GID7396227","GID7396227","FlatDrip",74,107,2.682276184,75
"GID7396228","GID7396228","FlatDrip",80,109,2.585609518,70
"GID7396232","GID7396232","FlatDrip",81,117,1.822276184,72
"GID7396235","GID7396235","FlatDrip",81,115,2.008942851,70
"GID7396236","GID7396236","FlatDrip",80,115,2.278942851,71
"GID7396237","GID7396237","FlatDrip",79,112,2.672276184,74
"GID7396241","GID7396241","FlatDrip",80,116,2.142276184,70
"GID7396243","GID7396243","FlatDrip",81,115,2.150350644,72
"GID7396244","GID7396244","FlatDrip",80,114,2.740350644,74
"GID7396248","GID7396248","FlatDrip",82,117,1.637017311,68
"GID7396257","GID7396257","FlatDrip",74,108,2.730350644,74
"GID7396274","GID7396274","FlatDrip",79,111,2.433683978,71
"GID7396283","GID7396283","FlatDrip",78,110,1.923683978,68
"GID7396297","GID7396297","FlatDrip",80,115,1.847017311,65
"GID7396325","GID7396325","FlatDrip",82,117,1.493683978,66
"GID7396327","GID7396327","FlatDrip",80,112,2.570350644,67
"GID7396338","GID7396338","FlatDrip",81,114,2.187017311,65
"GID7396355","GID7396355","FlatDrip",80,114,1.817017311,68
"GID7396370","GID7396370","FlatDrip",80,115,1.683683978,73
"GID7396375","GID7396375","FlatDrip",82,116,1.813683978,72
"GID7396416","GID7396416","FlatDrip",78,110,1.830350644,67
"GID7396461","GID7396461","FlatDrip",83,115,2.110350644,66
"GID7396477","GID7396477","FlatDrip",74,106,2.760350644,68
"GID7396478","GID7396478","FlatDrip",82,117,1.687017311,64
"GID7396482","GID7396482","FlatDrip",78,110,2.500350644,70
"GID7396535","GID7396535","FlatDrip",81,112,2.403683978,66
"GID7396538","GID7396538","FlatDrip",81,116,2.233683978,65
"GID7396540","GID7396540","FlatDrip",79,114,2.145743128,75
"GID7396549","GID7396549","FlatDrip",78,113,2.655743128,66
"GID7396550","GID7396550","FlatDrip",79,112,2.645743128,75
"GID7396555","GID7396555","FlatDrip",70,109,2.759076461,69
"GID7396560","GID7396560","FlatDrip",81,113,2.075743128,65
"GID7396566","GID7396566","FlatDrip",76,107,2.572409795,70
"GID7396709","GID7396709","FlatDrip",80,114,2.705743128,76
"GID7396738","GID7396738","FlatDrip",79,107,2.619823852,68
"GID7396745","GID7396745","FlatDrip",80,115,2.176490519,66
"GID7396747","GID7396747","FlatDrip",82,116,1.796490519,65
"GID7396762","GID7396762","FlatDrip",80,114,1.809823852,69
"GID7396825","GID7396825","FlatDrip",79,113,2.406615084,71
"GID7396856","GID7396856","FlatDrip",65,103,2.946615084,73
"GID7396863","GID7396863","FlatDrip",75,107,2.149948418,72
"GID7396892","GID7396892","FlatDrip",81,115,1.859948418,68
"GID7396931","GID7396931","FlatDrip",74,109,2.613281751,67
"GID7396942","GID7396942","FlatDrip",80,115,1.869948418,66
"GID7396957","GID7396957","FlatDrip",76,108,2.590848905,68
"GID7396982","GID7396982","FlatDrip",76,107,2.617515572,70
"GID7396999","GID7396999","FlatDrip",79,108,2.360848905,75
"GID7397010","GID7397010","FlatDrip",78,109,2.314182238,69
"GID7397011","GID7397011","FlatDrip",74,107,2.660848905,67
"GID7397016","GID7397016","FlatDrip",73,106,2.854182238,74
"GID7397021","GID7397021","FlatDrip",79,110,2.487515572,71
"GID7397023","GID7397023","FlatDrip",76,109,2.437515572,69
"GID7397025","GID7397025","FlatDrip",80,110,2.497515572,67
"GID7397035","GID7397035","FlatDrip",79,107,2.707515572,74
"GID7397045","GID7397045","FlatDrip",80,108,2.400848905,68
"GID7397065","GID7397065","FlatDrip",83,106,0.964182238,58
"GID7397073","GID7397073","FlatDrip",70,106,2.847515572,68
"GID7397094","GID7397094","FlatDrip",80,112,2.150848905,66
"GID7397107","GID7397107","FlatDrip",76,109,2.747515572,72
"GID7397162","GID7397162","FlatDrip",67,106,2.914182238,72
"GID7397167","GID7397167","FlatDrip",79,115,1.917515572,68
"GID7397183","GID7397183","FlatDrip",77,111,2.327515572,70
"GID7397189","GID7397189","FlatDrip",81,118,1.019336033,61
"GID7397190","GID7397190","FlatDrip",80,117,1.3260027,67
"GID7397194","GID7397194","FlatDrip",82,118,2.1160027,72
"GID7397195","GID7397195","FlatDrip",78,114,2.6860027,64
"GID7397210","GID7397210","FlatDrip",74,113,2.722669366,65
"GID7397234","GID7397234","FlatDrip",67,111,2.4960027,70
"GID7397245","GID7397245","FlatDrip",79,118,2.0060027,69
"GID7397281","GID7397281","FlatDrip",73,110,2.9260027,72
"GID7397287","GID7397287","FlatDrip",79,113,2.642669366,69
"GID7397341","GID7397341","FlatDrip",71,116,2.242669366,68
"GID7397361","GID7397361","FlatDrip",77,114,2.5160027,67
"GID7397362","GID7397362","FlatDrip",74,112,2.849336033,68
"GID7397363","GID7397363","FlatDrip",75,113,2.7060027,66
"GID7397372","GID7397372","FlatDrip",77,114,2.959336033,69
"GID7397373","GID7397373","FlatDrip",80,118,2.0560027,72
"GID7397431","GID7397431","FlatDrip",79,115,1.28613631,64
"GID7397442","GID7397442","FlatDrip",72,111,2.51613631,63
"GID7397493","GID7397493","FlatDrip",75,114,2.33613631,64
"GID7397500","GID7397500","FlatDrip",73,111,2.72613631,65
"GID7397501","GID7397501","FlatDrip",66,109,2.972802976,67
"GID7397504","GID7397504","FlatDrip",79,114,2.582802976,63
"GID7397510","GID7397510","FlatDrip",78,116,2.162802976,61
"GID7397516","GID7397516","FlatDrip",72,110,2.552802976,65
"GID7397520","GID7397520","FlatDrip",70,109,3.04613631,69
"GID7397531","GID7397531","FlatDrip",74,113,2.87613631,69
"GID7397538","GID7397538","FlatDrip",73,108,3.039469643,72
"GID7397540","GID7397540","FlatDrip",72,108,3.11613631,73
"GID7397544","GID7397544","FlatDrip",72,109,2.84613631,70
"GID7397551","GID7397551","FlatDrip",77,113,2.62613631,66
"GID7397553","GID7397553","FlatDrip",69,105,2.742802976,68
"GID7397555","GID7397555","FlatDrip",69,104,2.679469643,65
"GID7397572","GID7397572","FlatDrip",72,109,2.71613631,66
"GID7397582","GID7397582","FlatDrip",73,110,2.289469643,63
"GID7397590","GID7397590","FlatDrip",74,109,2.572802976,67
"GID7397604","GID7397604","FlatDrip",72,110,2.839469643,64
"GID7397627","GID7397627","FlatDrip",74,111,2.482802976,66
"GID7397666","GID7397666","FlatDrip",80,116,2.117727126,65
"GID7397667","GID7397667","FlatDrip",82,118,2.357727126,68
"GID7397672","GID7397672","FlatDrip",81,114,2.847727126,76
"GID7397687","GID7397687","FlatDrip",73,108,3.38106046,69
"GID7397691","GID7397691","FlatDrip",79,116,3.034393793,71
"GID7397692","GID7397692","FlatDrip",69,115,2.074393793,74
"GID7397713","GID7397713","FlatDrip",81,118,2.637727126,75
"GID7397720","GID7397720","FlatDrip",76,108,2.734393793,65
"GID7397728","GID7397728","FlatDrip",72,107,3.114393793,71
"GID7397737","GID7397737","FlatDrip",79,113,2.497727126,68
"GID7397747","GID7397747","FlatDrip",67,104,3.337727126,74
"GID7397754","GID7397754","FlatDrip",71,110,3.114393793,71
"GID7397762","GID7397762","FlatDrip",73,111,2.737727126,70
"GID7397772","GID7397772","FlatDrip",73,110,2.719346474,60
"GID7397815","GID7397815","FlatDrip",74,109,2.819346474,67
"GID7397873","GID7397873","FlatDrip",77,114,1.972679807,62
"GID7397891","GID7397891","FlatDrip",69,109,3.436013141,64
"GID7397892","GID7397892","FlatDrip",77,113,2.969346474,58
"GID7397893","GID7397893","FlatDrip",70,109,3.009346474,64
"GID7398001","GID7398001","FlatDrip",80,113,2.562679807,66
"GID7398005","GID7398005","FlatDrip",67,102,2.786013141,65
"GID7398014","GID7398014","FlatDrip",78,114,2.376013141,57
"GID7398018","GID7398018","FlatDrip",78,114,1.649346474,65
"GID7398020","GID7398020","FlatDrip",72,110,2.732679807,67
"GID7398023","GID7398023","FlatDrip",75,111,2.676013141,65
"GID7398041","GID7398041","FlatDrip",72,109,2.672679807,66
"GID7398092","GID7398092","FlatDrip",73,112,2.922679807,71
"GID7398119","GID7398119","FlatDrip",77,115,2.129346474,67
"GID7398254","GID7398254","FlatDrip",74,109,2.325906665,70
"GID7398265","GID7398265","FlatDrip",75,114,1.635906665,67
"GID7398266","GID7398266","FlatDrip",73,109,2.629239999,68
"GID7398274","GID7398274","FlatDrip",72,110,2.225906665,69
"GID7398288","GID7398288","FlatDrip",83,118,2.039239999,65
"GID7398289","GID7398289","FlatDrip",83,116,1.795906665,61
"GID7398307","GID7398307","FlatDrip",74,110,2.412573332,58
"GID7398319","GID7398319","FlatDrip",70,109,2.709239999,67
"GID7398322","GID7398322","FlatDrip",71,110,2.745906665,66
"GID7398326","GID7398326","FlatDrip",73,111,2.409239999,64
"GID7398344","GID7398344","FlatDrip",78,114,2.095906665,56
"GID7398352","GID7398352","FlatDrip",73,114,2.032573332,60
"GID7398363","GID7398363","FlatDrip",77,116,1.842573332,59
"GID7398376","GID7398376","FlatDrip",72,114,2.902573332,62
"GID7398377","GID7398377","FlatDrip",73,109,2.705906665,60
"GID7398383","GID7398383","FlatDrip",79,118,1.519239999,59
"GID7398400","GID7398400","FlatDrip",79,115,1.64638544,64
"GID7398411","GID7398411","FlatDrip",70,109,1.893052107,68
"GID7398412","GID7398412","FlatDrip",72,110,2.219718773,63
"GID7398413","GID7398413","FlatDrip",72,111,1.793052107,64
"GID7398419","GID7398419","FlatDrip",79,114,1.533052107,63
"GID7398421","GID7398421","FlatDrip",71,110,2.31638544,65
"GID7398427","GID7398427","FlatDrip",73,111,3.189718773,72
"GID7398428","GID7398428","FlatDrip",76,113,2.683052107,67
"GID7398430","GID7398430","FlatDrip",71,110,2.56638544,68
"GID7398431","GID7398431","FlatDrip",70,109,2.639718773,70
"GID7398433","GID7398433","FlatDrip",75,114,2.39638544,69
"GID7398434","GID7398434","FlatDrip",79,118,1.509718773,67
"GID7398435","GID7398435","FlatDrip",72,116,1.559718773,63
"GID7398438","GID7398438","FlatDrip",78,118,1.73638544,64
"GID7398439","GID7398439","FlatDrip",79,116,1.19638544,60
"GID7398440","GID7398440","FlatDrip",79,118,1.39447799,62
"GID7398442","GID7398442","FlatDrip",80,118,1.617811323,57
"GID7398443","GID7398443","FlatDrip",81,117,2.321144656,59
"GID7398444","GID7398444","FlatDrip",73,111,2.59447799,60
"GID7398451","GID7398451","FlatDrip",80,117,1.50447799,50
"GID7398452","GID7398452","FlatDrip",77,116,2.207811323,56
"GID7398455","GID7398455","FlatDrip",79,117,1.71447799,59
"GID7398460","GID7398460","FlatDrip",76,114,2.077811323,58
"GID7398462","GID7398462","FlatDrip",77,116,1.617811323,56
"GID7398463","GID7398463","FlatDrip",77,116,1.77447799,62
"GID7398471","GID7398471","FlatDrip",80,115,1.57447799,64
"GID7398474","GID7398474","FlatDrip",78,114,1.897811323,65
"GID7398485","GID7398485","FlatDrip",73,111,2.777811323,66
"GID7398529","GID7398529","FlatDrip",75,110,2.95447799,65
"GID7398595","GID7398595","FlatDrip",81,113,2.341895769,53
"GID7398603","GID7398603","FlatDrip",76,100,2.592470906,69
"GID7398640","GID7398640","FlatDrip",67,103,2.852470906,72
"GID7398685","GID7398685","FlatDrip",79,109,2.479137573,60
"GID7398700","GID7398700","FlatDrip",71,108,2.849137573,63
"GID7398701","GID7398701","FlatDrip",71,107,2.842470906,65
"GID7398758","GID7398758","FlatDrip",80,114,2.384454345,54
"GID7398759","GID7398759","FlatDrip",76,103,2.594454345,53
"GID7398774","GID7398774","FlatDrip",81,115,1.846040008,60
"GID7398776","GID7398776","FlatDrip",76,110,2.536040008,65
"GID7398782","GID7398782","FlatDrip",80,115,1.862765678,69
"GID7398783","GID7398783","FlatDrip",81,115,1.982435289,60
"GID7398789","GID7398789","FlatDrip",79,114,2.177435289,60
"GID7398813","GID7398813","FlatDrip",71,106,2.887765678,65
"GID7398846","GID7398846","FlatDrip",72,107,3.087765678,65
"GID7398872","GID7398872","FlatDrip",76,107,2.606040008,64
"GID7398877","GID7398877","FlatDrip",81,113,2.329373342,68
"GID7398884","GID7398884","FlatDrip",72,104,2.526040008,69
"GID7398894","GID7398894","FlatDrip",78,109,2.107435289,61
"GID7398895","GID7398895","FlatDrip",72,105,3.047919058,64
"GID7398903","GID7398903","FlatDrip",76,107,2.677435289,66
"GID7398909","GID7398909","FlatDrip",72,106,2.747435289,64
"GID7398915","GID7398915","FlatDrip",77,107,2.672919058,63
"GID7398920","GID7398920","FlatDrip",71,103,2.746040008,65
"GID7398922","GID7398922","FlatDrip",76,109,2.567919058,56
"GID7398924","GID7398924","FlatDrip",76,106,2.50459351,60
"GID7398925","GID7398925","FlatDrip",74,106,2.517926843,63
"GID7398926","GID7398926","FlatDrip",74,103,2.671260177,65
"GID7398928","GID7398928","FlatDrip",76,107,2.451260177,57
"GID7398929","GID7398929","FlatDrip",78,108,2.85459351,57
"GID7398934","GID7398934","FlatDrip",79,109,2.397926843,51
"GID7398953","GID7398953","FlatDrip",71,103,2.981260177,67
"GID7398957","GID7398957","FlatDrip",80,109,2.53459351,58
"GID7398976","GID7398976","FlatDrip",71,107,2.711260177,67
"GID7399010","GID7399010","FlatDrip",68,100,2.67459351,69
"GID7399011","GID7399011","FlatDrip",74,104,2.721260177,60
"GID7399013","GID7399013","FlatDrip",74,105,3.05459351,72
"GID7399014","GID7399014","FlatDrip",72,104,2.681260177,74
"GID7399037","GID7399037","FlatDrip",76,110,2.431260177,62
"GID7399072","GID7399072","FlatDrip",72,107,2.541260177,64
"GID7399095","GID7399095","FlatDrip",81,117,1.60459351,60
"GID7399104","GID7399104","FlatDrip",75,107,2.47459351,65
"GID7399115","GID7399115","FlatDrip",75,109,2.641260177,68
"GID7399116","GID7399116","FlatDrip",75,109,2.747926843,70
"GID7399118","GID7399118","FlatDrip",73,107,2.841260177,71
"GID7399121","GID7399121","FlatDrip",76,108,2.71459351,67
"GID7399135","GID7399135","FlatDrip",81,112,2.449334636,70
"GID7399140","GID7399140","FlatDrip",81,111,2.306001303,65
"GID7399179","GID7399179","FlatDrip",72,108,2.72266797,68
"GID7399180","GID7399180","FlatDrip",73,107,2.606001303,71
"GID7399181","GID7399181","FlatDrip",72,109,2.59266797,70
"GID7399248","GID7399248","FlatDrip",68,104,2.669334636,72
"GID7399264","GID7399264","FlatDrip",78,107,2.556001303,68
"GID7399267","GID7399267","FlatDrip",77,108,2.989334636,71
"GID7399272","GID7399272","FlatDrip",70,105,2.679334636,69
"GID7399277","GID7399277","FlatDrip",72,106,2.719334636,70
"GID7399288","GID7399288","FlatDrip",76,107,2.536001303,67
"GID7399289","GID7399289","FlatDrip",76,108,2.496001303,61
"GID7399321","GID7399321","FlatDrip",68,102,3.12266797,72
"GID7399345","GID7399345","FlatDrip",67,102,3.206001303,74
"GID7399382","GID7399382","FlatDrip",79,108,2.276001303,62
"GID7399399","GID7399399","FlatDrip",70,105,2.976001303,68
"GID7399403","GID7399403","FlatDrip",68,103,2.816001303,76
"GID7399413","GID7399413","FlatDrip",68,104,3.486001303,75
"GID7399418","GID7399418","FlatDrip",78,110,2.369334636,62
"GID7399424","GID7399424","FlatDrip",74,106,2.996001303,68
"GID7399425","GID7399425","FlatDrip",78,109,2.604832199,67
"GID7399442","GID7399442","FlatDrip",75,108,2.541498866,58
"GID7399445","GID7399445","FlatDrip",70,106,2.614832199,65
"GID7399447","GID7399447","FlatDrip",79,114,2.048165532,59
"GID7399450","GID7399450","FlatDrip",78,108,2.618165532,60
"GID7399455","GID7399455","FlatDrip",66,104,2.931498866,65
"GID7399457","GID7399457","FlatDrip",76,109,2.808165532,71
"GID7399469","GID7399469","FlatDrip",76,110,2.908165532,72
"GID7399471","GID7399471","FlatDrip",77,110,2.944832199,70
"GID7399478","GID7399478","FlatDrip",78,109,2.741498866,64
"GID7399483","GID7399483","FlatDrip",75,108,2.588165532,66
"GID7399485","GID7399485","FlatDrip",74,107,2.874832199,68
"GID7399491","GID7399491","FlatDrip",80,115,2.008165532,71
"GID7399496","GID7399496","FlatDrip",82,117,1.658165532,65
"GID7399497","GID7399497","FlatDrip",81,117,1.784832199,61
"GID7399499","GID7399499","FlatDrip",81,115,2.091498866,66
"GID7399505","GID7399505","FlatDrip",80,115,2.214209373,66
"GID7399507","GID7399507","FlatDrip",81,115,2.037542706,67
"GID7399508","GID7399508","FlatDrip",79,110,2.37087604,68
"GID7399509","GID7399509","FlatDrip",80,115,1.77087604,64
"GID7399511","GID7399511","FlatDrip",76,110,2.434209373,64
"GID7399514","GID7399514","FlatDrip",81,117,1.874209373,61
"GID7399537","GID7399537","FlatDrip",71,106,2.997542706,62
"GID7399539","GID7399539","FlatDrip",75,107,2.387542706,65
"GID7399541","GID7399541","FlatDrip",71,103,2.934209373,67
"GID7399543","GID7399543","FlatDrip",76,106,2.654209373,64
"GID7399544","GID7399544","FlatDrip",76,105,2.304209373,65
"GID7399545","GID7399545","FlatDrip",75,105,2.63087604,69
"GID7399548","GID7399548","FlatDrip",71,103,2.834209373,70
"GID7399556","GID7399556","FlatDrip",74,106,2.59087604,65
"GID7399558","GID7399558","FlatDrip",75,106,2.474209373,64
"GID7399578","GID7399578","FlatDrip",70,103,2.907542706,72
"GID7399584","GID7399584","FlatDrip",77,107,2.647542706,66
"GID7399601","GID7399601","FlatDrip",67,102,2.967542706,71
"GID7399607","GID7399607","FlatDrip",67,103,2.83087604,70
"GID7399609","GID7399609","FlatDrip",65,100,3.126882304,68
"GID7399610","GID7399610","FlatDrip",67,101,3.066882304,71
"GID7399612","GID7399612","FlatDrip",71,104,2.713548971,66
"GID7399613","GID7399613","FlatDrip",72,107,2.553548971,67
"GID7399614","GID7399614","FlatDrip",72,107,2.613548971,68
"GID7399615","GID7399615","FlatDrip",78,110,2.386882304,60
"GID7399616","GID7399616","FlatDrip",76,110,2.436882304,73
"GID7399619","GID7399619","FlatDrip",77,109,2.270215638,70
"GID7399621","GID7399621","FlatDrip",76,108,2.440215638,66
"GID7399622","GID7399622","FlatDrip",76,109,2.473548971,68
"GID7399623","GID7399623","FlatDrip",76,109,2.400215638,70
"GID7399627","GID7399627","FlatDrip",68,104,2.590215638,69
"GID7399629","GID7399629","FlatDrip",75,111,2.233548971,65
"GID7399631","GID7399631","FlatDrip",78,114,2.380215638,66
"GID7399636","GID7399636","FlatDrip",72,107,2.913548971,67
"GID7399637","GID7399637","FlatDrip",72,107,2.796882304,65
"GID7399638","GID7399638","FlatDrip",71,107,2.950215638,66
"GID7399639","GID7399639","FlatDrip",72,106,2.783548971,64
"GID7399640","GID7399640","FlatDrip",71,106,2.843548971,67
"GID7399641","GID7399641","FlatDrip",72,107,2.816882304,68
"GID7399643","GID7399643","FlatDrip",71,106,2.780215638,65
"GID7399644","GID7399644","FlatDrip",70,106,3.020215638,66
"GID7399645","GID7399645","FlatDrip",80,117,1.773548971,67
"GID7399647","GID7399647","FlatDrip",72,107,2.626882304,66
"GID7399650","GID7399650","FlatDrip",76,107,2.496882304,65
"GID7399651","GID7399651","FlatDrip",74,107,2.393548971,64
"GID7399654","GID7399654","FlatDrip",73,106,2.577485644,67
"GID7399712","GID7399712","FlatDrip",71,106,2.797485644,67
"GID7399738","GID7399738","FlatDrip",80,110,2.104152311,63
"GID7399739","GID7399739","FlatDrip",80,115,1.774152311,64
"GID7399789","GID7399789","FlatDrip",78,110,2.330818978,60
"GID7399808","GID7399808","FlatDrip",81,111,2.267485644,58
"GID7399816","GID7399816","FlatDrip",80,111,2.550818978,62
"GID7399819","GID7399819","FlatDrip",79,114,2.254152311,65
"GID7399821","GID7399821","FlatDrip",78,109,2.444152311,60
"GID7399823","GID7399823","FlatDrip",80,112,2.547485644,57
"GID7399829","GID7399829","FlatDrip",79,110,2.584152311,61
"GID7399830","GID7399830","FlatDrip",79,110,2.217485644,59
"GID7399831","GID7399831","FlatDrip",73,105,2.637485644,69
"GID7399832","GID7399832","FlatDrip",75,106,2.614296362,66
"GID7399834","GID7399834","FlatDrip",79,109,2.564296362,68
"GID7399835","GID7399835","FlatDrip",78,107,2.620963029,65
"GID7399836","GID7399836","FlatDrip",79,107,2.427629696,64
"GID7399840","GID7399840","FlatDrip",80,108,2.307629696,65
"GID7399841","GID7399841","FlatDrip",80,107,2.607629696,66
"GID7399844","GID7399844","FlatDrip",80,109,2.317629696,64
"GID7399875","GID7399875","FlatDrip",80,110,2.530963029,62
"GID7399884","GID7399884","FlatDrip",72,114,2.124296362,69
"GID7399900","GID7399900","FlatDrip",77,115,2.160963029,70
"GID7399902","GID7399902","FlatDrip",67,105,2.857629696,72
"GID7399904","GID7399904","FlatDrip",81,115,1.764296362,68
"GID7399905","GID7399905","FlatDrip",81,115,1.740963029,65
"GID7399906","GID7399906","FlatDrip",83,117,1.577629696,63
"GID7399908","GID7399908","FlatDrip",72,106,2.474296362,74
"GID7399924","GID7399924","FlatDrip",76,107,2.510963029,68
"GID7399938","GID7399938","FlatDrip",79,108,2.177869781,66
"GID7399946","GID7399946","FlatDrip",71,103,2.797869781,72
"GID7399947","GID7399947","FlatDrip",69,103,2.707869781,76
"GID7399948","GID7399948","FlatDrip",80,113,2.047869781,70
"GID7399950","GID7399950","FlatDrip",74,106,2.411203115,68
"GID7399956","GID7399956","FlatDrip",68,105,2.611203115,75
"GID7399960","GID7399960","FlatDrip",76,107,2.391203115,68
"GID7399966","GID7399966","FlatDrip",80,109,1.977869781,63
"GID7399981","GID7399981","FlatDrip",79,112,1.711203115,66
"GID7400004","GID7400004","FlatDrip",83,115,1.401203115,63
"GID7400031","GID7400031","FlatDrip",82,117,1.877869781,65
"GID7400062","GID7400062","FlatDrip",71,104,2.724536448,70
"GID7400063","GID7400063","FlatDrip",80,111,2.261203115,69
"GID7400064","GID7400064","FlatDrip",80,114,1.954536448,67
"GID7400069","GID7400069","FlatDrip",71,105,2.791203115,71
"GID7400073","GID7400073","FlatDrip",71,105,2.671203115,74
"GID7400085","GID7400085","FlatDrip",80,110,2.494536448,74
"GID7400087","GID7400087","FlatDrip",79,110,2.384536448,75
"GID7400088","GID7400088","FlatDrip",79,109,2.631203115,76
"GID7400090","GID7400090","FlatDrip",79,110,2.617869781,74
"GID7400091","GID7400091","FlatDrip",77,107,2.67399017,77
"GID7400093","GID7400093","FlatDrip",79,109,2.387323503,74
"GID7400099","GID7400099","FlatDrip",78,108,2.317323503,70
"GID7400168","GID7400168","FlatDrip",79,109,2.46399017,65
"GID7400194","GID7400194","FlatDrip",72,106,2.717323503,68
"GID7400204","GID7400204","FlatDrip",75,107,2.430656837,67
"GID7400209","GID7400209","FlatDrip",79,108,2.690656837,69
"GID7400222","GID7400222","FlatDrip",67,105,2.540656837,71
"GID7400224","GID7400224","FlatDrip",67,104,2.550656837,75
"GID7400239","GID7400239","FlatDrip",79,107,2.557323503,66
"GID7400242","GID7400242","FlatDrip",78,108,2.457323503,67
"GID7400243","GID7400243","FlatDrip",79,110,2.237323503,66
"GID7400251","GID7400251","FlatDrip",76,109,2.58399017,66
"GID7400265","GID7400265","FlatDrip",76,107,2.137323503,72
"GID7400267","GID7400267","FlatDrip",74,106,2.807323503,76
"GID7400275","GID7400275","FlatDrip",69,106,2.716997825,75
"GID7400276","GID7400276","FlatDrip",72,106,2.853664491,77
"GID7400278","GID7400278","FlatDrip",71,106,2.563664491,76
"GID7400279","GID7400279","FlatDrip",71,107,2.776997825,73
"GID7400280","GID7400280","FlatDrip",75,107,2.443664491,67
"GID7400281","GID7400281","FlatDrip",64,104,2.866997825,72
"GID7400282","GID7400282","FlatDrip",70,107,2.666997825,75
"GID7400292","GID7400292","FlatDrip",72,108,2.666997825,73
"GID7400293","GID7400293","FlatDrip",65,103,2.786997825,75
"GID7400294","GID7400294","FlatDrip",80,113,2.426997825,63
"GID7400298","GID7400298","FlatDrip",80,114,2.153664491,61
"GID7400299","GID7400299","FlatDrip",75,107,2.403664491,70
"GID7400301","GID7400301","FlatDrip",70,106,3.020331158,73
"GID7400305","GID7400305","FlatDrip",71,107,2.570331158,60
"GID7400306","GID7400306","FlatDrip",69,104,2.793664491,66
"GID7400307","GID7400307","FlatDrip",71,107,2.453664491,67
"GID7400308","GID7400308","FlatDrip",69,104,2.706997825,68
"GID7400309","GID7400309","FlatDrip",77,108,2.286997825,64
"GID7400311","GID7400311","FlatDrip",72,107,2.740331158,68
"GID7400313","GID7400313","FlatDrip",69,105,2.796997825,65
"GID7400315","GID7400315","FlatDrip",69,106,2.883664491,73
"GID7400316","GID7400316","FlatDrip",71,107,2.883664491,70
"GID7400318","GID7400318","FlatDrip",65,104,2.683664491,72
"GID7400320","GID7400320","FlatDrip",80,110,2.340331158,71
"GID7400331","GID7400331","FlatDrip",78,107,2.715465466,68
"GID7400337","GID7400337","FlatDrip",75,106,2.612132133,64
"GID7400383","GID7400383","FlatDrip",78,107,1.9387988,68
"GID7400430","GID7400430","FlatDrip",82,117,1.5487988,65
"GID7400441","GID7400441","FlatDrip",72,106,2.815465466,67
"GID7400442","GID7400442","FlatDrip",76,107,2.802132133,69
"GID7400446","GID7400446","FlatDrip",78,113,1.912132133,72
"GID7400448","GID7400448","FlatDrip",76,109,2.702132133,74
"GID7400453","GID7400453","FlatDrip",76,115,2.245465466,66
"GID7400456","GID7400456","FlatDrip",76,109,2.685465466,65
"GID7400458","GID7400458","FlatDrip",77,108,2.522132133,58
"GID7400459","GID7400459","FlatDrip",79,110,2.362132133,56
"GID7400460","GID7400460","FlatDrip",80,115,2.135465466,55
"GID7400467","GID7400467","FlatDrip",79,112,2.505465466,61
"GID7400471","GID7400471","FlatDrip",78,110,2.4487988,64
"GID7400478","GID7400478","FlatDrip",66,106,2.6987988,63
"GID7400482","GID7400482","FlatDrip",75,107,2.7687988,65
"GID7400488","GID7400488","FlatDrip",67,106,2.962132133,70
"GID7400490","GID7400490","FlatDrip",65,103,2.240551758,66
"GID7400491","GID7400491","FlatDrip",71,105,2.647218424,69
"GID7400511","GID7400511","FlatDrip",71,105,2.660551758,70
"GID7400518","GID7400518","FlatDrip",79,111,1.773885091,70
"GID7400536","GID7400536","FlatDrip",78,117,2.148606731,59
"GID7400537","GID7400537","FlatDrip",77,113,2.495273398,60
"GID7400538","GID7400538","FlatDrip",76,114,2.778606731,57
"GID7400539","GID7400539","FlatDrip",79,114,2.151940065,61
"GID7400541","GID7400541","FlatDrip",78,113,2.255273398,59
"GID7400545","GID7400545","FlatDrip",77,118,2.161940065,62
"GID7400551","GID7400551","FlatDrip",67,108,3.028606731,58
"GID7400571","GID7400571","FlatDrip",69,109,3.018606731,63
"GID7400579","GID7400579","FlatDrip",73,108,3.185273398,58
"GID7400581","GID7400581","FlatDrip",79,114,2.365273398,63
"GID7400582","GID7400582","FlatDrip",67,109,2.611940065,52
"GID7400583","GID7400583","FlatDrip",74,110,2.451940065,59
"GID7400595","GID7400595","FlatDrip",64,108,2.871940065,67
"GID7400597","GID7400597","FlatDrip",71,108,2.875273398,65
"GID7400598","GID7400598","FlatDrip",80,107,3.121940065,61
"GID7400602","GID7400602","FlatDrip",79,113,2.815273398,59
"GID7400624","GID7400624","FlatDrip",78,111,2.878606731,62
"GID7400635","GID7400635","FlatDrip",79,115,2.535273398,64
"GID7400639","GID7400639","FlatDrip",74,113,2.623924063,63
"GID7400641","GID7400641","FlatDrip",74,111,2.557257396,68
"GID7400644","GID7400644","FlatDrip",75,113,2.467257396,66
"GID7400646","GID7400646","FlatDrip",73,111,2.697257396,67
"GID7400651","GID7400651","FlatDrip",73,111,2.493924063,68
"GID7400653","GID7400653","FlatDrip",76,110,2.26059073,66
"GID7400656","GID7400656","FlatDrip",72,108,2.94059073,62
"GID7400663","GID7400663","FlatDrip",78,113,2.44059073,67
"GID7400670","GID7400670","FlatDrip",73,112,2.977257396,65
"GID7400676","GID7400676","FlatDrip",74,111,3.033924063,67
"GID7400679","GID7400679","FlatDrip",72,110,3.067257396,66
"GID7400696","GID7400696","FlatDrip",71,111,2.937257396,67
"GID7400699","GID7400699","FlatDrip",75,112,2.747257396,70
"GID7400700","GID7400700","FlatDrip",78,113,2.877257396,72
"GID7400701","GID7400701","FlatDrip",72,111,2.773924063,68
"GID7400702","GID7400702","FlatDrip",73,110,2.617257396,70
"GID7400703","GID7400703","FlatDrip",78,118,1.773924063,67
"GID7400704","GID7400704","FlatDrip",71,108,2.193924063,69
"GID7400717","GID7400717","FlatDrip",80,114,2.35059073,70
"GID7400720","GID7400720","FlatDrip",84,119,1.933924063,71
"GID7400724","GID7400724","FlatDrip",79,116,2.76059073,68
"GID7400729","GID7400729","FlatDrip",74,113,2.41059073,64
"GID7400733","GID7400733","FlatDrip",80,119,2.137257396,66
"GID7400736","GID7400736","FlatDrip",79,118,0.833924063,67
"GID7400738","GID7400738","FlatDrip",68,107,2.997257396,66
"GID7400741","GID7400741","FlatDrip",78,109,1.877257396,58
"GID7400743","GID7400743","FlatDrip",73,109,2.787659623,65
"GID7400746","GID7400746","FlatDrip",77,114,2.490992956,63
"GID7400747","GID7400747","FlatDrip",76,116,2.66432629,60
"GID7400748","GID7400748","FlatDrip",75,114,2.76432629,65
"GID7400749","GID7400749","FlatDrip",73,113,2.917659623,59
"GID7400751","GID7400751","FlatDrip",72,112,2.640992956,62
"GID7400752","GID7400752","FlatDrip",75,114,2.57432629,53
"GID7400754","GID7400754","FlatDrip",71,109,2.720992956,64
"GID7400757","GID7400757","FlatDrip",71,108,2.760992956,58
"GID7400758","GID7400758","FlatDrip",72,109,3.05432629,60
"GID7400759","GID7400759","FlatDrip",74,108,2.670992956,62
"GID7400769","GID7400769","FlatDrip",79,117,2.22432629,60
"GID7400770","GID7400770","FlatDrip",80,118,2.45432629,61
"GID7400771","GID7400771","FlatDrip",80,118,2.167659623,59
"GID7400772","GID7400772","FlatDrip",77,114,2.427659623,56
"GID7400777","GID7400777","FlatDrip",79,113,2.430992956,60
"GID7400786","GID7400786","FlatDrip",73,111,2.881144656,65
"GID7400794","GID7400794","FlatDrip",66,109,3.411144656,59
"GID7400807","GID7400807","FlatDrip",80,116,1.881144656,56
"GID7400816","GID7400816","FlatDrip",69,109,2.91447799,54
"GID7400819","GID7400819","FlatDrip",75,113,2.801144656,50
"GID7400827","GID7400827","FlatDrip",71,109,3.047811323,58
"GID7400872","GID7400872","FlatDrip",70,109,2.411940065,58
"GID7400873","GID7400873","FlatDrip",72,107,2.543185717,67
"GID7400876","GID7400876","FlatDrip",77,111,2.487602561,64
"GID7400877","GID7400877","FlatDrip",76,112,2.067602561,63
"GID7400878","GID7400878","FlatDrip",72,112,2.207602561,65
"GID7400882","GID7400882","FlatDrip",78,114,1.854269228,63
"GID7400883","GID7400883","FlatDrip",75,109,2.774269228,58
"GID7400885","GID7400885","FlatDrip",75,108,2.724269228,60
"GID7400887","GID7400887","FlatDrip",78,116,1.804269228,64
"GID7400888","GID7400888","FlatDrip",79,118,1.784269228,58
"GID7400901","GID7400901","FlatDrip",78,117,1.767602561,60
"GID7400903","GID7400903","FlatDrip",81,119,1.614269228,59
"GID7400905","GID7400905","FlatDrip",73,110,2.024269228,57
"GID7400913","GID7400913","FlatDrip",75,109,2.504269228,60
"GID7400914","GID7400914","FlatDrip",76,112,2.780935894,63
"GID7400915","GID7400915","FlatDrip",75,109,2.687602561,65
"GID7400916","GID7400916","FlatDrip",77,111,2.954269228,77
"GID7400922","GID7400922","FlatDrip",71,108,2.550935894,70
"GID7400943","GID7400943","FlatDrip",69,106,2.667602561,68
"GID7400945","GID7400945","FlatDrip",70,107,2.554269228,67
"GID7400949","GID7400949","FlatDrip",69,108,2.747602561,77
"GID7400952","GID7400952","FlatDrip",74,109,2.354269228,74
"GID7400959","GID7400959","FlatDrip",81,116,2.557602561,76
"GID7400963","GID7400963","FlatDrip",68,108,2.974269228,75
"GID7400965","GID7400965","FlatDrip",75,111,2.244269228,75
"GID7400966","GID7400966","FlatDrip",75,110,2.153340209,58
"GID7400967","GID7400967","FlatDrip",69,104,2.876673543,56
"GID7400968","GID7400968","FlatDrip",76,111,1.926673543,58
"GID7400970","GID7400970","FlatDrip",77,110,2.423340209,54
"GID7400971","GID7400971","FlatDrip",76,112,2.713340209,56
"GID7400972","GID7400972","FlatDrip",74,110,2.800006876,60
"GID7400973","GID7400973","FlatDrip",72,108,2.523340209,63
"GID7400983","GID7400983","FlatDrip",72,108,3.036673543,65
"GID7400990","GID7400990","FlatDrip",73,109,2.656673543,67
"GID7400994","GID7400994","FlatDrip",74,110,2.663340209,58
"GID7401035","GID7401035","FlatDrip",75,113,2.923340209,65
"GID7401038","GID7401038","FlatDrip",73,109,2.920006876,57
"GID7401050","GID7401050","FlatDrip",78,118,2.263340209,58
"GID7401052","GID7401052","FlatDrip",71,105,2.676673543,55
"GID7401053","GID7401053","FlatDrip",70,108,2.920006876,59
"GID7401067","GID7401067","FlatDrip",77,109,2.556673543,60
"GID7401070","GID7401070","FlatDrip",77,110,2.783340209,57
"GID7401073","GID7401073","FlatDrip",76,113,2.563340209,58
"GID7401076","GID7401076","FlatDrip",76,114,2.186673543,68
"GID7401078","GID7401078","FlatDrip",77,114,1.773340209,70
"GID7401079","GID7401079","FlatDrip",76,114,2.266673543,68
"GID7401087","GID7401087","FlatDrip",73,110,2.430006876,58
"GID7401090","GID7401090","FlatDrip",79,118,2.043080638,57
"GID7401109","GID7401109","FlatDrip",80,118,2.209747304,65
"GID7401111","GID7401111","FlatDrip",77,113,2.169747304,54
"GID7401113","GID7401113","FlatDrip",76,114,2.316413971,63
"GID7401114","GID7401114","FlatDrip",69,104,2.746413971,64
"GID7401115","GID7401115","FlatDrip",77,118,2.039747304,59
"GID7401116","GID7401116","FlatDrip",77,113,2.213080638,60
"GID7401118","GID7401118","FlatDrip",77,113,2.319747304,62
"GID7401152","GID7401152","FlatDrip",79,116,2.286413971,62
"GID7401156","GID7401156","FlatDrip",80,117,2.586413971,63
"GID7401193","GID7401193","FlatDrip",81,119,1.876413971,68
"GID7401202","GID7401202","FlatDrip",71,113,2.399747304,57
"GID7401210","GID7401210","FlatDrip",71,110,2.446413971,56
"GID7401212","GID7401212","FlatDrip",72,109,2.763080638,63
"GID7401214","GID7401214","FlatDrip",70,108,2.896413971,65
"GID7401221","GID7401221","FlatDrip",70,108,2.743080638,59
"GID7401224","GID7401224","FlatDrip",69,107,2.579747304,57
"GID7401230","GID7401230","FlatDrip",70,108,2.453080638,58
"GID7401231","GID7401231","FlatDrip",71,107,2.583080638,56
"GID7401239","GID7401239","FlatDrip",79,110,2.099747304,57
"GID7401242","GID7401242","FlatDrip",77,111,2.319747304,60
"GID7401292","GID7401292","FlatDrip",65,104,2.976413971,61
"GID7401295","GID7401295","FlatDrip",70,107,2.776413971,62
"GID7401310","GID7401310","FlatDrip",80,119,2.066413971,60
"GID7401319","GID7401319","FlatDrip",71,107,2.259056975,62
"GID7401341","GID7401341","FlatDrip",79,117,1.562390308,60
"GID7401342","GID7401342","FlatDrip",66,106,2.545723642,63
"GID7401343","GID7401343","FlatDrip",71,108,2.819056975,60
"GID7401356","GID7401356","FlatDrip",79,113,2.852390308,55
"GID7401358","GID7401358","FlatDrip",76,111,2.809056975,65
"GID7401367","GID7401367","FlatDrip",75,112,2.117659623,58
"GID7401418","GID7401418","FlatDrip",71,110,2.34432629,62
"GID7401428","GID7401428","FlatDrip",78,110,2.45432629,61
"GID7401431","GID7401431","FlatDrip",79,112,2.48432629,57
"GID7401466","GID7401466","FlatDrip",71,108,2.90432629,56
"GID7401467","GID7401467","FlatDrip",75,111,2.277659623,55
"GID7401470","GID7401470","FlatDrip",76,113,2.214276876,61
"GID7401474","GID7401474","FlatDrip",66,108,3.000943543,58
"GID7401477","GID7401477","FlatDrip",75,113,2.250943543,57
"GID7401478","GID7401478","FlatDrip",68,108,3.120943543,60
"GID7401479","GID7401479","FlatDrip",69,107,3.00761021,61
"GID7401498","GID7401498","FlatDrip",79,116,1.62761021,50
"GID7401507","GID7401507","FlatDrip",81,118,2.054276876,61
"GID7401510","GID7401510","FlatDrip",84,119,2.084276876,57
"GID7401511","GID7401511","FlatDrip",82,115,2.280943543,64
"GID7401518","GID7401518","FlatDrip",82,117,1.960943543,59
"GID7401528","GID7401528","FlatDrip",86,118,1.97761021,58
"GID7401531","GID7401531","FlatDrip",79,116,1.474276876,60
"GID7401532","GID7401532","FlatDrip",80,115,1.410943543,57
"GID7401537","GID7401537","FlatDrip",79,116,1.570943543,58
"GID7401541","GID7401541","FlatDrip",80,118,2.024276876,53
"GID7401558","GID7401558","FlatDrip",75,113,2.180943543,54
"GID7401560","GID7401560","FlatDrip",74,112,2.494276876,60
"GID7401569","GID7401569","FlatDrip",73,111,2.564276876,55
"GID7401570","GID7401570","FlatDrip",79,114,2.34761021,57
"GID7401571","GID7401571","FlatDrip",75,113,2.460943543,58
"GID7401579","GID7401579","FlatDrip",74,112,2.47761021,56
"GID7401580","GID7401580","FlatDrip",75,113,2.614276876,55
"GID7401582","GID7401582","FlatDrip",74,114,2.454276876,57
"GID7401584","GID7401584","FlatDrip",74,110,2.73761021,58
"GID7401585","GID7401585","FlatDrip",75,110,2.594276876,56
"GID7401588","GID7401588","FlatDrip",77,111,2.20761021,55
"GID7401590","GID7401590","FlatDrip",79,115,1.900292186,57
"GID7401603","GID7401603","FlatDrip",79,117,1.846958853,54
"GID7401609","GID7401609","FlatDrip",75,113,2.486958853,59
"GID7401610","GID7401610","FlatDrip",76,111,2.203625519,58
"GID7401621","GID7401621","FlatDrip",77,113,2.626958853,59
"GID7401622","GID7401622","FlatDrip",80,118,2.333625519,60
"GID7401641","GID7401641","FlatDrip",70,106,2.923625519,61
"GID7401643","GID7401643","FlatDrip",77,114,2.303625519,60
"GID7401645","GID7401645","FlatDrip",82,117,2.363625519,62
"GID7401646","GID7401646","FlatDrip",72,107,2.840292186,58
"GID7401647","GID7401647","FlatDrip",79,116,2.270292186,59
"GID7401649","GID7401649","FlatDrip",71,105,2.970292186,64
"GID7401651","GID7401651","FlatDrip",75,106,2.766958853,53
"GID7401653","GID7401653","FlatDrip",82,117,1.886958853,56
"GID7401656","GID7401656","FlatDrip",80,116,1.180292186,55
"GID7401659","GID7401659","FlatDrip",87,119,2.086958853,60
"GID7401661","GID7401661","FlatDrip",88,118,2.123625519,57
"GID7401668","GID7401668","FlatDrip",78,113,2.330292186,56
"GID7401670","GID7401670","FlatDrip",72,108,2.530292186,55
"GID7401671","GID7401671","FlatDrip",79,114,2.473625519,57
"GID7401672","GID7401672","FlatDrip",79,118,1.496958853,53
"GID7401673","GID7401673","FlatDrip",78,117,1.670292186,54
"GID7401675","GID7401675","FlatDrip",75,113,2.953625519,56
"GID7401676","GID7401676","FlatDrip",77,112,2.490292186,55
"GID7401677","GID7401677","FlatDrip",82,118,1.846958853,57
"GID7401683","GID7401683","FlatDrip",73,109,2.553625519,58
"GID7401686","GID7401686","FlatDrip",71,107,2.743625519,60
"GID7401766","GID7401766","FlatDrip",73,107,2.394871171,56
"GID7401803","GID7401803","FlatDrip",72,109,2.651537838,55
"GID7401811","GID7401811","FlatDrip",77,107,2.611537838,56
"GID7401815","GID7401815","FlatDrip",73,107,2.631537838,60
"GID7401872","GID7401872","FlatDrip",80,118,1.918204505,64
"GID7401875","GID7401875","FlatDrip",79,114,2.021537838,61
"GID7401878","GID7401878","FlatDrip",75,113,1.761537838,63
"GID7401886","GID7401886","FlatDrip",72,107,2.978204505,64
"GID7401888","GID7401888","FlatDrip",76,109,2.441537838,55
"GID7401890","GID7401890","FlatDrip",77,112,2.653185717,54
"GID7401896","GID7401896","FlatDrip",79,117,1.879852383,58
"GID7401898","GID7401898","FlatDrip",77,111,2.259852383,64
"GID7401900","GID7401900","FlatDrip",79,110,2.313185717,61
"GID7401909","GID7401909","FlatDrip",73,112,2.04651905,59
"GID7401934","GID7401934","FlatDrip",76,113,2.013185717,60
"GID7401952","GID7401952","FlatDrip",81,118,1.493185717,53
"GID7401956","GID7401956","FlatDrip",80,117,1.79651905,58
"GID7401987","GID7401987","FlatDrip",79,117,1.079852383,54
"GID7401988","GID7401988","FlatDrip",81,118,1.22651905,50
"GID7401995","GID7401995","FlatDrip",79,115,1.693185717,55
"GID7402002","GID7402002","FlatDrip",82,119,1.199852383,65
"GID7402010","GID7402010","FlatDrip",79,116,1.489852383,66
"GID7402011","GID7402011","FlatDrip",73,108,1.979852383,65
"GID7402019","GID7402019","FlatDrip",77,113,2.38651905,63
"GID7402021","GID7402021","FlatDrip",76,109,2.06651905,64
"GID7402049","GID7402049","FlatDrip",77,112,2.925723642,68
"GID7402054","GID7402054","FlatDrip",66,104,3.189056975,65
"GID7402056","GID7402056","FlatDrip",68,107,3.032390308,61
"GID7402059","GID7402059","FlatDrip",77,112,2.499056975,58
"GID7402061","GID7402061","FlatDrip",72,111,2.549056975,57
"GID7402063","GID7402063","FlatDrip",71,112,2.729056975,64
"GID7402078","GID7402078","FlatDrip",79,118,2.255723642,65
"GID7402080","GID7402080","FlatDrip",76,116,2.045723642,62
"GID7402081","GID7402081","FlatDrip",71,110,2.712390308,64
"GID7402102","GID7402102","FlatDrip",73,113,2.692390308,62
"GID7402105","GID7402105","FlatDrip",70,107,2.675723642,59
"GID7402172","GID7402172","FlatDrip",75,111,2.14651905,56
"GID7402200","GID7402200","FlatDrip",80,118,1.998606731,58
"GID7402206","GID7402206","FlatDrip",75,114,2.555273398,62
"GID7402209","GID7402209","FlatDrip",75,113,2.685273398,61
"GID7402211","GID7402211","FlatDrip",71,109,2.581940065,65
"GID7402225","GID7402225","FlatDrip",80,116,2.235273398,63
"GID7402229","GID7402229","FlatDrip",76,113,2.868606731,63
"GID7305339","GID7305339","LHT",59,91,3.22749942,73
"GID7305341","GID7305341","LHT",59,92,3.431218492,65
"GID7305349","GID7305349","LHT",60,92,2.77919923,70
"GID7305427","GID7305427","LHT",58,90,2.900367266,71
"GID7305649","GID7305649","LHT",59,91,3.086174189,66
"GID7305677","GID7305677","LHT",64,93,3.078005036,64
"GID7305682","GID7305682","LHT",59,92,2.544340504,67
"GID7305695","GID7305695","LHT",59,90,2.73892288,60
"GID7305714","GID7305714","LHT",56,90,3.01791894,67
"GID7305743","GID7305743","LHT",56,90,3.132821117,72
"GID7305802","GID7305802","LHT",59,91,3.189599469,73
"GID7305805","GID7305805","LHT",65,94,2.933096277,68
"GID7305827","GID7305827","LHT",62,91,3.00017239,67
"GID7305834","GID7305834","LHT",51,85,3.063766904,70
"GID7305837","GID7305837","LHT",62,91,2.838272363,70
"GID7305872","GID7305872","LHT",59,89,3.469414706,75
"GID7305877","GID7305877","LHT",55,90,3.262259905,63
"GID7305879","GID7305879","LHT",55,91,3.670236092,74
"GID7305883","GID7305883","LHT",60,92,3.08834522,62
"GID7305888","GID7305888","LHT",59,90,3.156870678,66
"GID7305906","GID7305906","LHT",60,91,3.099137413,69
"GID7305909","GID7305909","LHT",60,92,3.142121349,60
"GID7305910","GID7305910","LHT",59,91,3.434402056,70
"GID7305960","GID7305960","LHT",59,92,3.92559356,71
"GID7310423","GID7310423","LHT",59,91,3.660669263,71
"GID7310428","GID7310428","LHT",59,92,3.268418455,80
"GID7310430","GID7310430","LHT",59,91,3.501944206,69
"GID7310511","GID7310511","LHT",59,90,3.013882325,70
"GID7310597","GID7310597","LHT",58,92,3.025938493,80
"GID7310601","GID7310601","LHT",59,91,2.880678185,66
"GID7310605","GID7310605","LHT",59,90,2.720429402,72
"GID7310606","GID7310606","LHT",59,90,3.28673296,71
"GID7310612","GID7310612","LHT",52,87,3.014993218,65
"GID7310617","GID7310617","LHT",58,88,3.419767278,67
"GID7310628","GID7310628","LHT",56,89,3.180709606,69
"GID7310629","GID7310629","LHT",58,90,3.286949308,72
"GID7310635","GID7310635","LHT",58,89,2.948873752,65
"GID7310669","GID7310669","LHT",59,90,3.14049838,72
"GID7310700","GID7310700","LHT",59,90,3.102767143,65
"GID7310704","GID7310704","LHT",58,90,3.253424819,67
"GID7310720","GID7310720","LHT",58,90,3.477097023,67
"GID7310723","GID7310723","LHT",57,89,3.01199001,65
"GID7310745","GID7310745","LHT",58,88,2.901975986,75
"GID7310770","GID7310770","LHT",59,86,2.756159737,70
"GID7310771","GID7310771","LHT",59,86,2.689569397,70
"GID7310774","GID7310774","LHT",59,84,2.615698011,65
"GID7310775","GID7310775","LHT",59,84,2.683186483,65
"GID7310785","GID7310785","LHT",59,85,2.572373438,65
"GID7310788","GID7310788","LHT",65,94,3.333959643,70
"GID7310789","GID7310789","LHT",64,93,3.587292976,70
"GID7310794","GID7310794","LHT",63,93,2.879673254,70
"GID7310795","GID7310795","LHT",62,92,3.57597883,75
"GID7310797","GID7310797","LHT",50,86,3.045984022,75
"GID7310799","GID7310799","LHT",62,92,3.287022532,75
"GID7310804","GID7310804","LHT",55,86,3.716823968,70
"GID7310806","GID7310806","LHT",60,91,2.997782498,65
"GID7310807","GID7310807","LHT",58,89,3.304782055,65
"GID7310808","GID7310808","LHT",67,95,2.699478054,60
"GID7310835","GID7310835","LHT",57,83,3.065959428,70
"GID7310856","GID7310856","LHT",58,90,2.691346488,65
"GID7310862","GID7310862","LHT",57,89,2.554250698,65
"GID7310872","GID7310872","LHT",59,91,2.766148033,60
"GID7310893","GID7310893","LHT",59,90,3.013824911,75
"GID7310894","GID7310894","LHT",55,90,2.990209956,75
"GID7310902","GID7310902","LHT",59,91,3.177870493,65
"GID7310905","GID7310905","LHT",59,90,3.211645063,70
"GID7310906","GID7310906","LHT",60,91,2.889908934,65
"GID7310918","GID7310918","LHT",55,89,3.07490177,70
"GID7310930","GID7310930","LHT",64,94,2.777121919,65
"GID7310936","GID7310936","LHT",65,93,2.252809745,60
"GID7310946","GID7310946","LHT",60,90,2.883980628,65
"GID7310972","GID7310972","LHT",58,90,2.735333777,80
"GID7310981","GID7310981","LHT",60,92,3.108060037,70
"GID7311017","GID7311017","LHT",59,90,3.726915189,73
"GID7311040","GID7311040","LHT",49,84,2.523775683,70
"GID7311059","GID7311059","LHT",50,85,3.197109016,70
"GID7311068","GID7311068","LHT",60,92,2.697061582,65
"GID7311077","GID7311077","LHT",60,92,3.088224215,70
"GID7311085","GID7311085","LHT",60,92,2.677628582,65
"GID7311105","GID7311105","LHT",54,88,2.768944485,65
"GID7311109","GID7311109","LHT",60,92,3.211564558,65
"GID7311113","GID7311113","LHT",60,91,2.827117384,65
"GID7311118","GID7311118","LHT",59,91,2.960929249,70
"GID7311132","GID7311132","LHT",58,92,2.640864634,65
"GID7311134","GID7311134","LHT",59,90,2.975709539,70
"GID7311137","GID7311137","LHT",60,91,2.908016296,60
"GID7311140","GID7311140","LHT",59,89,3.021196349,65
"GID7311152","GID7311152","LHT",58,90,2.615429309,70
"GID7311160","GID7311160","LHT",58,90,3.424550315,80
"GID7311174","GID7311174","LHT",59,90,3.162523539,70
"GID7311193","GID7311193","LHT",56,89,2.88581531,75
"GID7311200","GID7311200","LHT",57,90,2.887775499,70
"GID7311249","GID7311249","LHT",58,89,3.941054125,75
"GID7311300","GID7311300","LHT",58,88,3.164187089,75
"GID7311326","GID7311326","LHT",60,91,2.891110673,75
"GID7311365","GID7311365","LHT",59,91,2.819929333,70
"GID7311374","GID7311374","LHT",59,90,2.388807746,70
"GID7311391","GID7311391","LHT",60,91,2.846706722,70
"GID7311407","GID7311407","LHT",60,91,2.946178801,70
"GID7311417","GID7311417","LHT",60,91,2.638077864,65
"GID7311425","GID7311425","LHT",59,91,2.824536513,70
"GID7311435","GID7311435","LHT",62,93,3.15315725,65
"GID7311448","GID7311448","LHT",62,93,2.554307948,65
"GID7311460","GID7311460","LHT",61,92,2.518256325,70
"GID7311467","GID7311467","LHT",59,92,2.965710621,70
"GID7311468","GID7311468","LHT",64,93,3.020272599,65
"GID7311470","GID7311470","LHT",62,92,2.788359942,65
"GID7311478","GID7311478","LHT",59,91,2.780198641,70
"GID7311481","GID7311481","LHT",59,91,3.094295477,70
"GID7311520","GID7311520","LHT",59,91,2.749472988,70
"GID7311526","GID7311526","LHT",59,91,2.803775585,65
"GID7311536","GID7311536","LHT",54,91,3.042359507,70
"GID7311541","GID7311541","LHT",57,91,3.204735298,75
"GID7311544","GID7311544","LHT",57,91,3.300586483,70
"GID7311551","GID7311551","LHT",59,91,2.951616948,70
"GID7311555","GID7311555","LHT",57,89,2.47433867,65
"GID7311557","GID7311557","LHT",60,91,3.052589956,70
"GID7311560","GID7311560","LHT",62,92,3.259763349,70
"GID7311566","GID7311566","LHT",59,91,2.886819053,70
"GID7311568","GID7311568","LHT",60,92,3.130671921,70
"GID7311612","GID7311612","LHT",59,90,3.118450883,75
"GID7311884","GID7311884","LHT",59,90,2.740229959,60
"GID7311886","GID7311886","LHT",64,92,2.844913082,70
"GID7311891","GID7311891","LHT",60,91,2.487632306,68
"GID7311894","GID7311894","LHT",59,90,3.184409959,70
"GID7311895","GID7311895","LHT",60,91,3.254500652,72
"GID7311938","GID7311938","LHT",59,90,2.347421078,64
"GID7311967","GID7311967","LHT",59,90,2.608364874,64
"GID7311977","GID7311977","LHT",64,95,1.733039044,67
"GID7312045","GID7312045","LHT",59,92,2.62570473,73
"GID7312066","GID7312066","LHT",58,91,3.240466243,73
"GID7312069","GID7312069","LHT",59,91,3.05046558,68
"GID7312071","GID7312071","LHT",59,92,3.350915315,77
"GID7312074","GID7312074","LHT",58,91,2.784248648,70
"GID7312079","GID7312079","LHT",58,91,2.470626217,70
"GID7312081","GID7312081","LHT",60,92,2.923271165,70
"GID7312082","GID7312082","LHT",59,92,2.288889042,70
"GID7312083","GID7312083","LHT",59,92,3.210052352,75
"GID7312084","GID7312084","LHT",60,92,3.412718716,74
"GID7312085","GID7312085","LHT",62,92,2.916687714,67
"GID7312086","GID7312086","LHT",59,91,2.962113598,72
"GID7312119","GID7312119","LHT",58,91,2.483304454,73
"GID7312122","GID7312122","LHT",58,90,2.803716941,75
"GID7312215","GID7312215","LHT",60,92,3.251272736,70
"GID7312223","GID7312223","LHT",60,89,2.633360879,69
"GID7312242","GID7312242","LHT",59,90,3.542941243,80
"GID7312262","GID7312262","LHT",59,90,3.08263694,67
"GID7312313","GID7312313","LHT",59,93,2.812109142,70
"GID7312319","GID7312319","LHT",59,93,2.886622501,67
"GID7312360","GID7312360","LHT",58,94,4.262444092,73
"GID7312376","GID7312376","LHT",61,95,3.870327875,74
"GID7312378","GID7312378","LHT",60,95,4.362001141,73
"GID7312386","GID7312386","LHT",59,91,3.340997854,75
"GID7312388","GID7312388","LHT",59,95,3.464331187,71
"GID7312394","GID7312394","LHT",59,89,2.745146475,73
"GID7312398","GID7312398","LHT",59,91,2.345802177,66
"GID7312402","GID7312402","LHT",62,93,2.537915362,67
"GID7312410","GID7312410","LHT",62,93,3.645645633,69
"GID7312413","GID7312413","LHT",62,91,3.128396698,72
"GID7312429","GID7312429","LHT",62,95,2.75299547,60
"GID7312439","GID7312439","LHT",58,93,2.90701611,69
"GID7312451","GID7312451","LHT",61,93,2.667153487,64
"GID7312452","GID7312452","LHT",61,94,2.797583002,71
"GID7312454","GID7312454","LHT",61,94,3.238854916,70
"GID7312455","GID7312455","LHT",62,95,3.274466881,70
"GID7312456","GID7312456","LHT",60,93,3.430532505,73
"GID7312470","GID7312470","LHT",59,93,3.480799489,78
"GID7312477","GID7312477","LHT",60,92,3.454702169,69
"GID7312482","GID7312482","LHT",58,91,1.879408973,68
"GID7312485","GID7312485","LHT",57,92,2.773160963,72
"GID7312499","GID7312499","LHT",58,91,2.444677038,64
"GID7312523","GID7312523","LHT",60,93,3.238110848,71
"GID7312527","GID7312527","LHT",59,93,3.155781408,75
"GID7312539","GID7312539","LHT",60,93,3.976195114,73
"GID7312620","GID7312620","LHT",58,91,2.616532893,68
"GID7312652","GID7312652","LHT",60,90,2.623279035,68
"GID7312655","GID7312655","LHT",62,94,3.953279035,62
"GID7312659","GID7312659","LHT",60,93,2.308853207,60
"GID7312670","GID7312670","LHT",60,92,3.462465716,69
"GID7312704","GID7312704","LHT",59,93,3.419410047,67
"GID7312736","GID7312736","LHT",57,90,3.375610569,70
"GID7312923","GID7312923","LHT",63,94,2.607620723,58
"GID7312934","GID7312934","LHT",58,90,3.338414655,70
"GID7312960","GID7312960","LHT",59,90,2.566160076,59
"GID7312961","GID7312961","LHT",58,90,2.489772042,65
"GID7313013","GID7313013","LHT",62,91,2.57175137,65
"GID7313018","GID7313018","LHT",62,93,3.476992115,66
"GID7313019","GID7313019","LHT",62,93,3.188858923,67
"GID7313022","GID7313022","LHT",59,91,3.090748786,72
"GID7313023","GID7313023","LHT",59,92,2.992887343,65
"GID7313025","GID7313025","LHT",60,90,2.720474668,65
"GID7313026","GID7313026","LHT",60,92,3.064244855,66
"GID7313027","GID7313027","LHT",62,93,4.038007831,62
"GID7313028","GID7313028","LHT",60,92,3.318152291,68
"GID7313031","GID7313031","LHT",54,92,3.554204885,79
"GID7313040","GID7313040","LHT",61,92,3.197201016,65
"GID7313048","GID7313048","LHT",59,90,3.025778974,65
"GID7313053","GID7313053","LHT",59,90,2.64037223,63
"GID7313112","GID7313112","LHT",58,89,2.998974338,65
"GID7313113","GID7313113","LHT",60,91,2.672440647,61
"GID7313139","GID7313139","LHT",64,94,2.496686576,57
"GID7313157","GID7313157","LHT",60,90,2.706566021,64
"GID7313172","GID7313172","LHT",57,90,2.353497336,68
"GID7313230","GID7313230","LHT",61,93,2.50341392,61
"GID7313245","GID7313245","LHT",61,90,2.942206947,73
"GID7313264","GID7313264","LHT",62,91,3.072561074,62
"GID7313292","GID7313292","LHT",62,92,2.446516394,67
"GID7313297","GID7313297","LHT",62,92,2.578382746,62
"GID7313298","GID7313298","LHT",63,92,2.823081198,61
"GID7313302","GID7313302","LHT",60,90,2.881765847,75
"GID7313312","GID7313312","LHT",60,90,2.691765847,62
"GID7313314","GID7313314","LHT",64,93,2.055890316,54
"GID7313315","GID7313315","LHT",63,93,2.415036907,63
"GID7313318","GID7313318","LHT",63,92,2.855678044,62
"GID7313327","GID7313327","LHT",59,90,2.714809698,69
"GID7313341","GID7313341","LHT",63,94,2.91573027,65
"GID7313358","GID7313358","LHT",59,90,3.430619022,70
"GID7313375","GID7313375","LHT",59,91,3.344308199,66
"GID7313377","GID7313377","LHT",64,94,2.644398611,59
"GID7313385","GID7313385","LHT",61,92,2.780810931,68
"GID7313386","GID7313386","LHT",61,92,2.712862994,68
"GID7313390","GID7313390","LHT",61,93,3.587698297,62
"GID7313392","GID7313392","LHT",61,93,3.608720484,63
"GID7313393","GID7313393","LHT",63,94,3.358354008,67
"GID7313395","GID7313395","LHT",64,94,3.501801745,64
"GID7313406","GID7313406","LHT",64,94,3.6226426,69
"GID7313459","GID7313459","LHT",60,92,3.361747091,75
"GID7313462","GID7313462","LHT",61,94,3.187528194,69
"GID7313466","GID7313466","LHT",60,92,3.320200265,68
"GID7313467","GID7313467","LHT",60,92,3.193533598,73
"GID7313470","GID7313470","LHT",59,91,3.485146299,66
"GID7313509","GID7313509","LHT",59,91,3.484917773,71
"GID7313525","GID7313525","LHT",56,91,2.93055893,70
"GID7313526","GID7313526","LHT",59,92,2.827401282,63
"GID7313552","GID7313552","LHT",59,91,2.397755302,62
"GID7313592","GID7313592","LHT",59,92,3.49445848,70
"GID7313608","GID7313608","LHT",58,88,3.028194663,70
"GID7313634","GID7313634","LHT",59,93,3.188907876,70
"GID7313663","GID7313663","LHT",59,92,2.584343256,68
"GID7313675","GID7313675","LHT",59,91,2.569115352,72
"GID7313678","GID7313678","LHT",59,90,2.757245062,69
"GID7313679","GID7313679","LHT",59,90,2.106815363,63
"GID7313680","GID7313680","LHT",59,91,3.642466674,69
"GID7313682","GID7313682","LHT",64,96,2.963866485,70
"GID7313692","GID7313692","LHT",58,91,2.752455803,66
"GID7313697","GID7313697","LHT",59,91,2.54758176,64
"GID7313708","GID7313708","LHT",59,92,2.808093132,79
"GID7313713","GID7313713","LHT",52,90,2.033035224,62
"GID7313716","GID7313716","LHT",60,92,2.533432615,75
"GID7313754","GID7313754","LHT",58,90,2.429405969,74
"GID7313767","GID7313767","LHT",59,90,2.890863376,70
"GID7313770","GID7313770","LHT",56,89,2.792474396,75
"GID7313784","GID7313784","LHT",63,93,3.250744501,74
"GID7313804","GID7313804","LHT",62,93,3.053783592,65
"GID7313806","GID7313806","LHT",59,93,2.98162183,66
"GID7313811","GID7313811","LHT",59,91,3.044334159,69
"GID7313888","GID7313888","LHT",65,94,2.974559143,75
"GID7314091","GID7314091","LHT",57,89,3.267626127,74
"GID7314436","GID7314436","LHT",65,94,2.989942248,65
"GID7314450","GID7314450","LHT",65,95,3.202357628,70
"GID7395684","GID7395684","LHT",58,92,3.394541465,73
"GID7395692","GID7395692","LHT",64,93,2.804741814,63
"GID7395694","GID7395694","LHT",59,92,3.361017822,73
"GID7395778","GID7395778","LHT",58,91,3.175744293,79
"GID7395817","GID7395817","LHT",59,92,3.105744293,76
"GID7395818","GID7395818","LHT",59,93,3.133590069,68
"GID7395822","GID7395822","LHT",59,92,3.049154895,67
"GID7395864","GID7395864","LHT",64,94,2.436480974,67
"GID7395895","GID7395895","LHT",55,89,2.659048823,70
"GID7395899","GID7395899","LHT",58,91,3.160642227,71
"GID7395900","GID7395900","LHT",64,93,2.551393221,65
"GID7395904","GID7395904","LHT",59,91,2.806235034,65
"GID7395907","GID7395907","LHT",49,84,2.923330948,61
"GID7395914","GID7395914","LHT",62,92,3.312053134,65
"GID7395915","GID7395915","LHT",51,84,2.546277975,61
"GID7395926","GID7395926","LHT",56,88,2.88828213,62
"GID7395927","GID7395927","LHT",60,91,2.633653436,67
"GID7395964","GID7395964","LHT",60,92,3.198294482,70
"GID7395966","GID7395966","LHT",60,92,3.288180956,71
"GID7395976","GID7395976","LHT",60,92,3.028178255,78
"GID7396029","GID7396029","LHT",58,92,3.285657968,70
"GID7396039","GID7396039","LHT",59,92,3.587255615,68
"GID7396051","GID7396051","LHT",58,92,2.096240122,72
"GID7396072","GID7396072","LHT",59,92,2.967910814,80
"GID7396083","GID7396083","LHT",53,89,2.752363022,73
"GID7396104","GID7396104","LHT",53,89,2.467513294,70
"GID7396125","GID7396125","LHT",60,93,3.197660479,72
"GID7396126","GID7396126","LHT",58,93,2.743654473,66
"GID7396133","GID7396133","LHT",59,90,2.892208336,68
"GID7396136","GID7396136","LHT",59,92,2.323059297,68
"GID7396139","GID7396139","LHT",58,92,3.199816815,80
"GID7396142","GID7396142","LHT",59,91,2.742249597,76
"GID7396151","GID7396151","LHT",58,91,2.699289226,76
"GID7396153","GID7396153","LHT",58,90,2.43543269,72
"GID7396155","GID7396155","LHT",57,90,2.437681235,73
"GID7396161","GID7396161","LHT",60,91,3.741314918,69
"GID7396167","GID7396167","LHT",59,92,3.433863619,65
"GID7396170","GID7396170","LHT",59,91,2.167031895,69
"GID7396171","GID7396171","LHT",59,92,3.639900742,74
"GID7396172","GID7396172","LHT",51,87,2.704282818,63
"GID7396173","GID7396173","LHT",52,92,2.732642985,70
"GID7396176","GID7396176","LHT",57,89,2.613203919,67
"GID7396184","GID7396184","LHT",58,91,2.944967435,63
"GID7396194","GID7396194","LHT",58,90,2.525681033,70
"GID7396195","GID7396195","LHT",59,90,2.759096808,69
"GID7396196","GID7396196","LHT",59,91,3.297529039,75
"GID7396203","GID7396203","LHT",59,91,3.486534276,72
"GID7396204","GID7396204","LHT",59,91,3.315308106,75
"GID7396207","GID7396207","LHT",51,87,3.164890459,69
"GID7396208","GID7396208","LHT",56,90,2.969884479,69
"GID7396209","GID7396209","LHT",50,84,3.228553831,67
"GID7396227","GID7396227","LHT",56,86,2.669310511,67
"GID7396228","GID7396228","LHT",59,89,3.096573407,65
"GID7396232","GID7396232","LHT",59,92,3.135276855,69
"GID7396235","GID7396235","LHT",59,92,3.481922427,75
"GID7396236","GID7396236","LHT",59,92,3.37972518,75
"GID7396237","GID7396237","LHT",59,92,3.066131503,78
"GID7396241","GID7396241","LHT",59,92,2.992021357,75
"GID7396243","GID7396243","LHT",59,92,3.006712985,76
"GID7396244","GID7396244","LHT",58,92,2.839465994,80
"GID7396248","GID7396248","LHT",59,91,3.570577796,74
"GID7396257","GID7396257","LHT",60,91,2.802485463,73
"GID7396274","GID7396274","LHT",59,91,3.097172697,75
"GID7396283","GID7396283","LHT",59,91,3.295717145,80
"GID7396297","GID7396297","LHT",58,91,2.867239227,76
"GID7396325","GID7396325","LHT",58,90,3.068315835,63
"GID7396327","GID7396327","LHT",58,90,3.524023933,69
"GID7396338","GID7396338","LHT",60,91,2.600690599,69
"GID7396355","GID7396355","LHT",60,91,3.080536283,67
"GID7396370","GID7396370","LHT",59,89,2.411884098,64
"GID7396375","GID7396375","LHT",59,91,2.969119247,72
"GID7396416","GID7396416","LHT",57,89,3.243757883,70
"GID7396461","GID7396461","LHT",59,91,3.731520081,76
"GID7396477","GID7396477","LHT",52,87,2.71922782,67
"GID7396478","GID7396478","LHT",59,91,2.962133521,66
"GID7396482","GID7396482","LHT",59,91,2.424542291,72
"GID7396535","GID7396535","LHT",59,91,3.484881576,70
"GID7396538","GID7396538","LHT",59,90,2.718957293,75
"GID7396540","GID7396540","LHT",59,91,2.769017252,65
"GID7396549","GID7396549","LHT",59,91,2.922709526,66
"GID7396550","GID7396550","LHT",59,91,3.193225306,74
"GID7396555","GID7396555","LHT",55,91,2.726406031,61
"GID7396560","GID7396560","LHT",69,95,2.602589426,63
"GID7396566","GID7396566","LHT",59,89,3.188303098,75
"GID7396709","GID7396709","LHT",59,90,3.602022607,73
"GID7396738","GID7396738","LHT",59,88,3.066349618,75
"GID7396745","GID7396745","LHT",59,90,2.998456952,70
"GID7396747","GID7396747","LHT",59,89,3.201964508,65
"GID7396762","GID7396762","LHT",58,90,2.804230389,75
"GID7396825","GID7396825","LHT",58,90,3.306210162,75
"GID7396856","GID7396856","LHT",49,84,2.756855274,60
"GID7396863","GID7396863","LHT",55,89,3.350513391,75
"GID7396892","GID7396892","LHT",60,90,3.360953091,75
"GID7396931","GID7396931","LHT",58,90,3.342941302,65
"GID7396942","GID7396942","LHT",59,89,2.986566753,70
"GID7396957","GID7396957","LHT",59,90,3.027267994,75
"GID7396982","GID7396982","LHT",59,90,3.175632128,65
"GID7396999","GID7396999","LHT",59,92,2.473819907,70
"GID7397010","GID7397010","LHT",59,91,3.2546664,70
"GID7397011","GID7397011","LHT",57,86,3.09711152,65
"GID7397016","GID7397016","LHT",55,89,3.315111883,75
"GID7397021","GID7397021","LHT",59,91,2.834895978,75
"GID7397023","GID7397023","LHT",58,92,3.110668649,75
"GID7397025","GID7397025","LHT",60,91,2.967335316,70
"GID7397035","GID7397035","LHT",56,89,3.000204588,75
"GID7397045","GID7397045","LHT",58,90,2.953394526,70
"GID7397065","GID7397065","LHT",60,91,3.094081514,70
"GID7397073","GID7397073","LHT",51,88,3.700635241,75
"GID7397094","GID7397094","LHT",58,89,3.92933265,70
"GID7397107","GID7397107","LHT",56,87,2.803411152,65
"GID7397162","GID7397162","LHT",51,88,3.016987071,70
"GID7397167","GID7397167","LHT",61,92,2.857736404,65
"GID7397183","GID7397183","LHT",59,92,2.834372701,75
"GID7397189","GID7397189","LHT",62,92,2.808681586,70
"GID7397190","GID7397190","LHT",61,92,2.726972044,75
"GID7397194","GID7397194","LHT",60,91,3.164233284,75
"GID7397195","GID7397195","LHT",59,91,3.195588588,75
"GID7397210","GID7397210","LHT",59,91,2.779852508,70
"GID7397234","GID7397234","LHT",53,89,3.07120318,75
"GID7397245","GID7397245","LHT",58,91,2.816034128,75
"GID7397281","GID7397281","LHT",57,91,3.308369307,75
"GID7397287","GID7397287","LHT",59,92,3.176269963,75
"GID7397341","GID7397341","LHT",60,92,3.230481211,70
"GID7397361","GID7397361","LHT",60,92,2.596823095,70
"GID7397362","GID7397362","LHT",59,91,2.291972841,70
"GID7397363","GID7397363","LHT",59,91,2.506963882,75
"GID7397372","GID7397372","LHT",59,92,2.939785141,75
"GID7397373","GID7397373","LHT",61,92,2.534760936,65
"GID7397431","GID7397431","LHT",59,91,2.448344006,70
"GID7397442","GID7397442","LHT",54,88,2.97932514,75
"GID7397493","GID7397493","LHT",59,91,3.111491731,75
"GID7397500","GID7397500","LHT",51,88,3.286483258,70
"GID7397501","GID7397501","LHT",50,88,2.820812717,65
"GID7397504","GID7397504","LHT",60,91,3.309531212,65
"GID7397510","GID7397510","LHT",59,91,2.986197878,70
"GID7397516","GID7397516","LHT",58,90,2.655612397,75
"GID7397520","GID7397520","LHT",55,90,2.461047961,65
"GID7397531","GID7397531","LHT",59,91,3.181799879,70
"GID7397538","GID7397538","LHT",58,90,3.294647658,75
"GID7397540","GID7397540","LHT",58,90,2.638371319,70
"GID7397544","GID7397544","LHT",53,90,3.051320505,75
"GID7397551","GID7397551","LHT",60,92,3.271649754,75
"GID7397553","GID7397553","LHT",52,89,3.210752031,70
"GID7397555","GID7397555","LHT",52,88,2.97541341,70
"GID7397572","GID7397572","LHT",58,89,2.612725314,70
"GID7397582","GID7397582","LHT",50,89,3.171261697,70
"GID7397590","GID7397590","LHT",55,89,2.804061511,70
"GID7397604","GID7397604","LHT",52,90,3.233761844,70
"GID7397627","GID7397627","LHT",56,90,2.936572373,70
"GID7397666","GID7397666","LHT",59,91,3.077679562,75
"GID7397667","GID7397667","LHT",60,92,2.679621988,75
"GID7397672","GID7397672","LHT",59,91,2.950372735,70
"GID7397687","GID7397687","LHT",54,88,2.764945873,65
"GID7397691","GID7397691","LHT",56,91,3.277989116,75
"GID7397692","GID7397692","LHT",53,92,3.060647312,65
"GID7397713","GID7397713","LHT",65,94,3.106545613,60
"GID7397720","GID7397720","LHT",58,90,2.706693473,70
"GID7397728","GID7397728","LHT",58,87,2.570320228,70
"GID7397737","GID7397737","LHT",59,90,2.720879321,65
"GID7397747","GID7397747","LHT",51,85,2.901055362,70
"GID7397754","GID7397754","LHT",55,90,3.226818202,75
"GID7397762","GID7397762","LHT",55,90,3.054682416,75
"GID7397772","GID7397772","LHT",55,90,3.010760447,65
"GID7397815","GID7397815","LHT",59,91,3.283648355,70
"GID7397873","GID7397873","LHT",57,91,3.074711071,70
"GID7397891","GID7397891","LHT",56,84,2.379375708,65
"GID7397892","GID7397892","LHT",59,92,3.357404475,65
"GID7397893","GID7397893","LHT",58,84,2.249440051,65
"GID7398001","GID7398001","LHT",60,91,2.987298729,68
"GID7398005","GID7398005","LHT",55,84,2.818148706,65
"GID7398014","GID7398014","LHT",59,90,3.428148706,70
"GID7398018","GID7398018","LHT",59,90,3.214687387,68
"GID7398020","GID7398020","LHT",58,90,3.592699482,70
"GID7398023","GID7398023","LHT",59,90,3.406660614,64
"GID7398041","GID7398041","LHT",59,90,2.530236588,67
"GID7398092","GID7398092","LHT",59,91,3.656998118,70
"GID7398119","GID7398119","LHT",59,91,3.513586196,70
"GID7398254","GID7398254","LHT",59,90,2.713078701,65
"GID7398265","GID7398265","LHT",59,90,3.275031521,65
"GID7398266","GID7398266","LHT",54,89,2.685031521,65
"GID7398274","GID7398274","LHT",59,90,2.813440676,70
"GID7398288","GID7398288","LHT",64,93,2.960338019,65
"GID7398289","GID7398289","LHT",64,93,3.117881048,64
"GID7398307","GID7398307","LHT",59,90,2.559828443,72
"GID7398319","GID7398319","LHT",55,90,3.433273365,74
"GID7398322","GID7398322","LHT",59,91,2.770815242,70
"GID7398326","GID7398326","LHT",59,90,2.789718558,66
"GID7398344","GID7398344","LHT",59,90,3.626269878,71
"GID7398352","GID7398352","LHT",58,90,3.322310223,66
"GID7398363","GID7398363","LHT",60,92,3.003687336,64
"GID7398376","GID7398376","LHT",58,91,2.832176483,67
"GID7398377","GID7398377","LHT",57,90,2.682770549,67
"GID7398383","GID7398383","LHT",60,91,2.678855655,67
"GID7398400","GID7398400","LHT",60,92,2.948066083,64
"GID7398411","GID7398411","LHT",58,91,1.439280379,67
"GID7398412","GID7398412","LHT",54,91,3.051093782,70
"GID7398413","GID7398413","LHT",54,90,3.08923643,73
"GID7398419","GID7398419","LHT",58,90,2.724466493,72
"GID7398421","GID7398421","LHT",54,90,2.902085657,70
"GID7398427","GID7398427","LHT",58,92,3.104261609,63
"GID7398428","GID7398428","LHT",58,90,2.916728635,72
"GID7398430","GID7398430","LHT",54,88,2.668371262,70
"GID7398431","GID7398431","LHT",54,89,3.016859776,77
"GID7398433","GID7398433","LHT",58,91,3.29442612,78
"GID7398434","GID7398434","LHT",58,91,3.360893534,77
"GID7398435","GID7398435","LHT",58,91,3.505111896,74
"GID7398438","GID7398438","LHT",59,92,2.329205018,72
"GID7398439","GID7398439","LHT",59,91,3.553625224,75
"GID7398440","GID7398440","LHT",59,91,3.050602677,75
"GID7398442","GID7398442","LHT",58,91,3.299479406,77
"GID7398443","GID7398443","LHT",58,91,3.252776584,64
"GID7398444","GID7398444","LHT",54,91,3.22730608,71
"GID7398451","GID7398451","LHT",59,92,3.181328084,71
"GID7398452","GID7398452","LHT",58,91,2.983688862,67
"GID7398455","GID7398455","LHT",59,91,2.941387157,65
"GID7398460","GID7398460","LHT",59,91,3.553172176,70
"GID7398462","GID7398462","LHT",59,91,3.22650551,71
"GID7398463","GID7398463","LHT",58,91,3.078659272,73
"GID7398471","GID7398471","LHT",59,91,2.780311753,77
"GID7398474","GID7398474","LHT",58,91,2.994410614,77
"GID7398485","GID7398485","LHT",58,90,3.291416748,71
"GID7398529","GID7398529","LHT",58,89,3.201171396,75
"GID7398595","GID7398595","LHT",59,93,2.9751393,63
"GID7398603","GID7398603","LHT",57,91,2.597847547,68
"GID7398640","GID7398640","LHT",52,87,2.344612775,66
"GID7398685","GID7398685","LHT",59,93,3.242739369,71
"GID7398700","GID7398700","LHT",58,89,2.601307421,67
"GID7398701","GID7398701","LHT",58,91,2.613241564,72
"GID7398758","GID7398758","LHT",64,95,2.692166747,66
"GID7398759","GID7398759","LHT",59,92,3.131840612,76
"GID7398774","GID7398774","LHT",60,93,3.188721873,76
"GID7398776","GID7398776","LHT",58,91,3.081965236,70
"GID7398782","GID7398782","LHT",59,92,2.792782118,72
"GID7398783","GID7398783","LHT",59,92,3.082261306,72
"GID7398789","GID7398789","LHT",58,92,3.206948336,76
"GID7398813","GID7398813","LHT",53,91,3.074677038,63
"GID7398846","GID7398846","LHT",59,92,2.959095222,68
"GID7398872","GID7398872","LHT",59,89,3.393211789,69
"GID7398877","GID7398877","LHT",60,94,2.760554424,72
"GID7398884","GID7398884","LHT",55,88,2.504106193,63
"GID7398894","GID7398894","LHT",60,93,2.874532172,60
"GID7398895","GID7398895","LHT",58,91,3.158035694,69
"GID7398903","GID7398903","LHT",60,93,3.014308699,72
"GID7398909","GID7398909","LHT",52,89,3.308493798,64
"GID7398915","GID7398915","LHT",54,91,2.963728902,70
"GID7398920","GID7398920","LHT",52,88,3.052907052,78
"GID7398922","GID7398922","LHT",58,90,3.615641355,80
"GID7398924","GID7398924","LHT",58,90,2.547911321,72
"GID7398925","GID7398925","LHT",58,90,2.687708995,69
"GID7398926","GID7398926","LHT",56,90,2.686013458,75
"GID7398928","GID7398928","LHT",58,90,3.505499891,76
"GID7398929","GID7398929","LHT",58,92,2.873458947,72
"GID7398934","GID7398934","LHT",58,92,3.084488729,75
"GID7398953","GID7398953","LHT",58,90,2.236341661,76
"GID7398957","GID7398957","LHT",60,90,2.376785316,67
"GID7398976","GID7398976","LHT",58,90,2.377512972,68
"GID7399010","GID7399010","LHT",57,87,2.833912972,64
"GID7399011","GID7399011","LHT",58,89,2.319048911,69
"GID7399013","GID7399013","LHT",60,88,2.975479806,66
"GID7399014","GID7399014","LHT",58,89,2.691930861,65
"GID7399037","GID7399037","LHT",58,92,2.759142252,66
"GID7399072","GID7399072","LHT",53,88,2.125454736,61
"GID7399095","GID7399095","LHT",59,90,3.009892532,63
"GID7399104","GID7399104","LHT",55,90,2.4695652,68
"GID7399115","GID7399115","LHT",56,92,2.876668184,71
"GID7399116","GID7399116","LHT",56,91,2.658751687,75
"GID7399118","GID7399118","LHT",58,89,2.4300486,72
"GID7399121","GID7399121","LHT",55,91,3.41833225,77
"GID7399135","GID7399135","LHT",59,90,2.139021989,73
"GID7399140","GID7399140","LHT",59,90,2.205022297,66
"GID7399179","GID7399179","LHT",58,90,3.104851857,69
"GID7399180","GID7399180","LHT",57,90,3.0240143,72
"GID7399181","GID7399181","LHT",58,90,3.156707212,72
"GID7399248","GID7399248","LHT",53,89,2.613708605,66
"GID7399264","GID7399264","LHT",59,90,2.837688108,73
"GID7399267","GID7399267","LHT",59,90,2.813077991,76
"GID7399272","GID7399272","LHT",53,90,2.72252456,66
"GID7399277","GID7399277","LHT",57,90,3.575857893,70
"GID7399288","GID7399288","LHT",59,91,2.72015726,67
"GID7399289","GID7399289","LHT",59,91,2.910644717,65
"GID7399321","GID7399321","LHT",53,89,3.569309192,66
"GID7399345","GID7399345","LHT",53,88,2.2323414,68
"GID7399382","GID7399382","LHT",59,90,3.188236325,63
"GID7399399","GID7399399","LHT",52,86,2.841385373,69
"GID7399403","GID7399403","LHT",52,86,2.486224442,62
"GID7399413","GID7399413","LHT",53,86,1.882995457,67
"GID7399418","GID7399418","LHT",57,90,2.977799079,73
"GID7399424","GID7399424","LHT",54,90,3.532876729,79
"GID7399425","GID7399425","LHT",58,90,2.727043701,70
"GID7399442","GID7399442","LHT",58,90,2.636425976,68
"GID7399445","GID7399445","LHT",57,89,2.67613673,67
"GID7399447","GID7399447","LHT",58,90,3.393520123,67
"GID7399450","GID7399450","LHT",58,88,2.352114765,64
"GID7399455","GID7399455","LHT",52,91,2.11573077,60
"GID7399457","GID7399457","LHT",57,90,3.295037223,71
"GID7399469","GID7399469","LHT",55,90,2.786053537,64
"GID7399471","GID7399471","LHT",58,90,3.95938687,68
"GID7399478","GID7399478","LHT",59,90,3.246642451,60
"GID7399483","GID7399483","LHT",58,90,2.841850389,65
"GID7399485","GID7399485","LHT",59,90,4.05202805,62
"GID7399491","GID7399491","LHT",59,92,3.262401803,67
"GID7399496","GID7399496","LHT",60,92,3.020191549,66
"GID7399497","GID7399497","LHT",60,92,3.179552226,66
"GID7399499","GID7399499","LHT",60,92,3.504379193,69
"GID7399505","GID7399505","LHT",60,93,2.772872342,75
"GID7399507","GID7399507","LHT",59,93,3.123395646,73
"GID7399508","GID7399508","LHT",59,91,2.695241139,66
"GID7399509","GID7399509","LHT",59,92,3.300679608,67
"GID7399511","GID7399511","LHT",59,92,2.844957503,63
"GID7399514","GID7399514","LHT",59,92,3.099121425,65
"GID7399537","GID7399537","LHT",55,85,2.879976496,64
"GID7399539","GID7399539","LHT",58,90,3.132307671,69
"GID7399541","GID7399541","LHT",57,89,2.498549131,65
"GID7399543","GID7399543","LHT",58,90,2.445865239,67
"GID7399544","GID7399544","LHT",59,90,3.2399472,67
"GID7399545","GID7399545","LHT",55,88,2.502063151,65
"GID7399548","GID7399548","LHT",55,90,2.858085967,64
"GID7399556","GID7399556","LHT",58,90,2.534660396,65
"GID7399558","GID7399558","LHT",58,90,2.255755623,67
"GID7399578","GID7399578","LHT",56,89,2.65464554,68
"GID7399584","GID7399584","LHT",58,89,3.266373452,67
"GID7399601","GID7399601","LHT",51,85,2.839936149,64
"GID7399607","GID7399607","LHT",52,88,3.389354062,70
"GID7399609","GID7399609","LHT",52,85,2.522696814,59
"GID7399610","GID7399610","LHT",52,85,2.529173625,60
"GID7399612","GID7399612","LHT",51,85,3.592042958,61
"GID7399613","GID7399613","LHT",51,84,3.591166104,65
"GID7399614","GID7399614","LHT",51,85,3.143493945,59
"GID7399615","GID7399615","LHT",52,86,3.9982547,63
"GID7399616","GID7399616","LHT",53,87,3.702119575,65
"GID7399619","GID7399619","LHT",53,88,3.775189769,69
"GID7399621","GID7399621","LHT",53,85,3.559378155,66
"GID7399622","GID7399622","LHT",53,86,2.891556033,65
"GID7399623","GID7399623","LHT",53,85,3.328629456,61
"GID7399627","GID7399627","LHT",53,87,2.831561375,62
"GID7399629","GID7399629","LHT",58,90,2.427310578,63
"GID7399631","GID7399631","LHT",58,87,3.01528952,64
"GID7399636","GID7399636","LHT",57,87,2.471165552,62
"GID7399637","GID7399637","LHT",53,87,2.781874664,59
"GID7399638","GID7399638","LHT",53,87,3.066437922,68
"GID7399639","GID7399639","LHT",53,87,3.166920901,67
"GID7399640","GID7399640","LHT",53,86,3.456437375,69
"GID7399641","GID7399641","LHT",52,86,2.931020986,70
"GID7399643","GID7399643","LHT",51,85,3.01690236,66
"GID7399644","GID7399644","LHT",51,85,2.834640749,63
"GID7399645","GID7399645","LHT",59,89,2.733995363,75
"GID7399647","GID7399647","LHT",55,88,2.597421828,55
"GID7399650","GID7399650","LHT",57,88,2.51493487,66
"GID7399651","GID7399651","LHT",55,89,2.556655315,62
"GID7399654","GID7399654","LHT",58,90,2.470915697,65
"GID7399712","GID7399712","LHT",52,86,3.057920983,67
"GID7399738","GID7399738","LHT",60,90,2.66683231,65
"GID7399739","GID7399739","LHT",59,90,3.708892121,66
"GID7399789","GID7399789","LHT",62,93,3.507817839,65
"GID7399808","GID7399808","LHT",59,91,3.350105414,67
"GID7399816","GID7399816","LHT",59,91,3.152046186,67
"GID7399819","GID7399819","LHT",59,91,3.499118291,70
"GID7399821","GID7399821","LHT",58,91,2.869660908,70
"GID7399823","GID7399823","LHT",59,91,3.047216422,65
"GID7399829","GID7399829","LHT",58,87,2.964463721,75
"GID7399830","GID7399830","LHT",59,91,3.611482356,67
"GID7399831","GID7399831","LHT",55,88,2.720563856,64
"GID7399832","GID7399832","LHT",58,87,2.655102308,65
"GID7399834","GID7399834","LHT",58,88,2.96490833,68
"GID7399835","GID7399835","LHT",57,87,2.857591682,66
"GID7399836","GID7399836","LHT",58,87,2.854061559,65
"GID7399840","GID7399840","LHT",57,87,3.001162841,63
"GID7399841","GID7399841","LHT",57,87,3.089029899,62
"GID7399844","GID7399844","LHT",58,89,2.787308889,67
"GID7399875","GID7399875","LHT",59,90,3.627477598,64
"GID7399884","GID7399884","LHT",58,92,2.985857225,66
"GID7399900","GID7399900","LHT",58,92,3.006932632,72
"GID7399902","GID7399902","LHT",52,88,2.348588177,75
"GID7399904","GID7399904","LHT",61,92,2.989561412,69
"GID7399905","GID7399905","LHT",61,93,2.900303441,67
"GID7399906","GID7399906","LHT",61,93,3.132281659,74
"GID7399908","GID7399908","LHT",56,92,2.835739206,70
"GID7399924","GID7399924","LHT",59,92,2.786882376,65
"GID7399938","GID7399938","LHT",59,90,3.202555709,71
"GID7399946","GID7399946","LHT",53,87,3.035759583,65
"GID7399947","GID7399947","LHT",52,87,2.507520774,62
"GID7399948","GID7399948","LHT",60,91,3.290885551,65
"GID7399950","GID7399950","LHT",58,91,3.386133052,66
"GID7399956","GID7399956","LHT",51,86,3.055305983,64
"GID7399960","GID7399960","LHT",59,91,2.438096127,67
"GID7399966","GID7399966","LHT",60,93,3.551249116,62
"GID7399981","GID7399981","LHT",59,90,2.6047874,73
"GID7400004","GID7400004","LHT",60,90,3.018122983,63
"GID7400031","GID7400031","LHT",60,92,3.423511877,65
"GID7400062","GID7400062","LHT",58,88,3.064717708,69
"GID7400063","GID7400063","LHT",59,93,3.472353891,70
"GID7400064","GID7400064","LHT",60,93,3.219920285,67
"GID7400069","GID7400069","LHT",57,89,3.132490505,64
"GID7400073","GID7400073","LHT",57,89,3.282298363,72
"GID7400085","GID7400085","LHT",59,92,3.758217375,71
"GID7400087","GID7400087","LHT",59,92,3.983406067,65
"GID7400088","GID7400088","LHT",59,91,3.822496216,80
"GID7400090","GID7400090","LHT",59,91,3.289629286,71
"GID7400091","GID7400091","LHT",58,91,3.87807323,80
"GID7400093","GID7400093","LHT",59,92,3.692391255,76
"GID7400099","GID7400099","LHT",60,93,2.763432844,64
"GID7400168","GID7400168","LHT",59,91,3.092003136,69
"GID7400194","GID7400194","LHT",58,90,2.856891943,70
"GID7400204","GID7400204","LHT",59,90,2.753398142,66
"GID7400209","GID7400209","LHT",60,92,2.884343256,60
"GID7400222","GID7400222","LHT",55,90,2.686000909,71
"GID7400224","GID7400224","LHT",52,89,2.665244772,63
"GID7400239","GID7400239","LHT",59,92,3.119946626,70
"GID7400242","GID7400242","LHT",59,92,3.262328233,70
"GID7400243","GID7400243","LHT",59,92,3.128689292,69
"GID7400251","GID7400251","LHT",59,93,3.127794774,71
"GID7400265","GID7400265","LHT",57,89,2.714985457,68
"GID7400267","GID7400267","LHT",58,91,2.700104701,72
"GID7400275","GID7400275","LHT",52,90,2.007519056,72
"GID7400276","GID7400276","LHT",56,90,2.582564756,68
"GID7400278","GID7400278","LHT",57,90,2.837404104,68
"GID7400279","GID7400279","LHT",57,90,2.553726148,70
"GID7400280","GID7400280","LHT",58,91,2.667248245,65
"GID7400281","GID7400281","LHT",50,88,2.512153652,63
"GID7400282","GID7400282","LHT",56,91,2.550864278,68
"GID7400292","GID7400292","LHT",56,91,2.731306465,75
"GID7400293","GID7400293","LHT",52,88,2.306280917,63
"GID7400294","GID7400294","LHT",59,92,2.70961425,64
"GID7400298","GID7400298","LHT",59,93,2.752008403,66
"GID7400299","GID7400299","LHT",59,93,2.860428079,73
"GID7400301","GID7400301","LHT",52,88,2.903238739,76
"GID7400305","GID7400305","LHT",53,91,3.694037413,62
"GID7400306","GID7400306","LHT",52,89,3.401512099,64
"GID7400307","GID7400307","LHT",53,90,3.498687456,63
"GID7400308","GID7400308","LHT",52,89,3.379271678,67
"GID7400309","GID7400309","LHT",56,92,3.782767258,69
"GID7400311","GID7400311","LHT",56,92,3.621878308,67
"GID7400313","GID7400313","LHT",53,89,3.766762659,67
"GID7400315","GID7400315","LHT",51,91,3.473776047,70
"GID7400316","GID7400316","LHT",51,91,3.826626394,78
"GID7400318","GID7400318","LHT",51,92,3.358729672,78
"GID7400320","GID7400320","LHT",59,91,3.23100217,72
"GID7400331","GID7400331","LHT",59,90,3.169863728,71
"GID7400337","GID7400337","LHT",56,90,3.09151598,69
"GID7400383","GID7400383","LHT",59,92,2.723887294,73
"GID7400430","GID7400430","LHT",59,94,2.51913933,67
"GID7400441","GID7400441","LHT",52,89,2.77636105,66
"GID7400442","GID7400442","LHT",59,90,2.792870453,65
"GID7400446","GID7400446","LHT",57,92,3.141930672,68
"GID7400448","GID7400448","LHT",58,89,2.86520008,70
"GID7400453","GID7400453","LHT",59,91,3.210902156,68
"GID7400456","GID7400456","LHT",52,89,3.664754763,65
"GID7400458","GID7400458","LHT",54,90,3.868037749,64
"GID7400459","GID7400459","LHT",56,90,3.384675114,61
"GID7400460","GID7400460","LHT",58,91,3.841675646,66
"GID7400467","GID7400467","LHT",58,90,3.660892837,70
"GID7400471","GID7400471","LHT",53,90,3.74589335,65
"GID7400478","GID7400478","LHT",51,91,2.284906229,66
"GID7400482","GID7400482","LHT",51,89,2.68289131,65
"GID7400488","GID7400488","LHT",50,87,4.171982643,74
"GID7400490","GID7400490","LHT",51,89,2.979273257,69
"GID7400491","GID7400491","LHT",51,88,3.704443797,74
"GID7400511","GID7400511","LHT",58,91,2.886487596,68
"GID7400518","GID7400518","LHT",57,89,3.642495197,71
"GID7400536","GID7400536","LHT",60,91,2.692346938,64
"GID7400537","GID7400537","LHT",59,91,3.111789605,65
"GID7400538","GID7400538","LHT",59,91,2.560910918,70
"GID7400539","GID7400539","LHT",60,91,3.044100535,70
"GID7400541","GID7400541","LHT",60,91,3.074100535,70
"GID7400545","GID7400545","LHT",59,91,3.357321466,70
"GID7400551","GID7400551","LHT",52,84,2.380390504,65
"GID7400571","GID7400571","LHT",52,89,3.149708027,75
"GID7400579","GID7400579","LHT",59,89,4.095796562,80
"GID7400581","GID7400581","LHT",60,90,3.236714742,70
"GID7400582","GID7400582","LHT",55,90,3.307799302,65
"GID7400583","GID7400583","LHT",59,90,3.248302014,71
"GID7400595","GID7400595","LHT",54,90,3.738767066,75
"GID7400597","GID7400597","LHT",59,90,3.629023012,70
"GID7400598","GID7400598","LHT",59,88,3.56758239,70
"GID7400602","GID7400602","LHT",59,90,3.698088474,80
"GID7400624","GID7400624","LHT",60,90,2.771901517,68
"GID7400635","GID7400635","LHT",60,91,3.072545715,73
"GID7400639","GID7400639","LHT",59,90,2.672471782,70
"GID7400641","GID7400641","LHT",58,89,3.109122567,70
"GID7400644","GID7400644","LHT",58,89,2.557748883,68
"GID7400646","GID7400646","LHT",58,90,2.71670002,70
"GID7400651","GID7400651","LHT",59,90,2.735279336,75
"GID7400653","GID7400653","LHT",60,92,3.006057665,68
"GID7400656","GID7400656","LHT",58,89,2.571195962,70
"GID7400663","GID7400663","LHT",60,90,1.849112826,65
"GID7400670","GID7400670","LHT",58,90,2.428769973,75
"GID7400676","GID7400676","LHT",58,89,2.465436639,70
"GID7400679","GID7400679","LHT",58,90,3.216096814,74
"GID7400696","GID7400696","LHT",56,90,3.139855493,75
"GID7400699","GID7400699","LHT",59,90,3.770141227,75
"GID7400700","GID7400700","LHT",59,90,3.894462243,78
"GID7400701","GID7400701","LHT",58,88,3.450840701,75
"GID7400702","GID7400702","LHT",57,90,3.141800272,79
"GID7400703","GID7400703","LHT",60,90,3.908593039,70
"GID7400704","GID7400704","LHT",57,89,3.550271056,75
"GID7400717","GID7400717","LHT",60,90,2.942895699,68
"GID7400720","GID7400720","LHT",70,95,1.974200702,60
"GID7400724","GID7400724","LHT",63,92,3.405254139,68
"GID7400729","GID7400729","LHT",60,90,3.015956009,68
"GID7400733","GID7400733","LHT",62,91,3.166133007,70
"GID7400736","GID7400736","LHT",60,91,2.892807309,70
"GID7400738","GID7400738","LHT",55,89,2.96884102,72
"GID7400741","GID7400741","LHT",60,90,2.575214326,68
"GID7400743","GID7400743","LHT",58,90,3.071691312,68
"GID7400746","GID7400746","LHT",59,90,2.794238676,69
"GID7400747","GID7400747","LHT",59,90,3.049638012,68
"GID7400748","GID7400748","LHT",59,90,3.345766826,68
"GID7400749","GID7400749","LHT",59,90,2.957284821,63
"GID7400751","GID7400751","LHT",58,90,3.218673854,69
"GID7400752","GID7400752","LHT",59,90,2.992051362,64
"GID7400754","GID7400754","LHT",55,88,3.310397928,68
"GID7400757","GID7400757","LHT",55,88,3.590092291,65
"GID7400758","GID7400758","LHT",53,87,3.438744399,70
"GID7400759","GID7400759","LHT",52,86,2.705411065,70
"GID7400769","GID7400769","LHT",60,91,3.23297749,69
"GID7400770","GID7400770","LHT",59,91,3.465573666,68
"GID7400771","GID7400771","LHT",59,91,3.262423603,66
"GID7400772","GID7400772","LHT",59,91,3.391212276,67
"GID7400777","GID7400777","LHT",59,91,2.824022533,70
"GID7400786","GID7400786","LHT",59,91,2.651545028,68
"GID7400794","GID7400794","LHT",48,87,3.759616567,65
"GID7400807","GID7400807","LHT",59,90,3.459258931,67
"GID7400816","GID7400816","LHT",55,87,3.515977882,70
"GID7400819","GID7400819","LHT",59,90,3.781406993,77
"GID7400827","GID7400827","LHT",51,89,3.700442991,75
"GID7400872","GID7400872","LHT",52,88,2.766745571,72
"GID7400873","GID7400873","LHT",57,90,3.527714908,65
"GID7400876","GID7400876","LHT",59,91,3.744793315,65
"GID7400877","GID7400877","LHT",60,92,2.688099312,67
"GID7400878","GID7400878","LHT",59,93,3.404026668,67
"GID7400882","GID7400882","LHT",61,93,2.983743782,72
"GID7400883","GID7400883","LHT",59,91,3.569895785,62
"GID7400885","GID7400885","LHT",59,91,3.599148457,63
"GID7400887","GID7400887","LHT",61,92,3.06350075,65
"GID7400888","GID7400888","LHT",61,92,3.185476276,70
"GID7400901","GID7400901","LHT",61,92,3.061711761,69
"GID7400903","GID7400903","LHT",64,92,2.642063201,67
"GID7400905","GID7400905","LHT",60,91,2.518729867,64
"GID7400913","GID7400913","LHT",59,91,3.520884916,66
"GID7400914","GID7400914","LHT",57,91,3.942482474,68
"GID7400915","GID7400915","LHT",57,91,3.60646461,66
"GID7400916","GID7400916","LHT",59,91,3.17601408,74
"GID7400922","GID7400922","LHT",59,91,3.189883876,65
"GID7400943","GID7400943","LHT",50,87,3.025706157,65
"GID7400945","GID7400945","LHT",53,89,3.059715865,70
"GID7400949","GID7400949","LHT",55,89,2.396377956,70
"GID7400952","GID7400952","LHT",56,90,2.848433914,66
"GID7400959","GID7400959","LHT",62,91,2.769848495,62
"GID7400963","GID7400963","LHT",51,85,3.22844597,67
"GID7400965","GID7400965","LHT",60,93,3.237739699,62
"GID7400966","GID7400966","LHT",60,92,3.033178921,60
"GID7400967","GID7400967","LHT",59,91,3.403106354,65
"GID7400968","GID7400968","LHT",60,92,3.088786716,69
"GID7400970","GID7400970","LHT",59,91,3.06887653,65
"GID7400971","GID7400971","LHT",59,91,3.315610191,65
"GID7400972","GID7400972","LHT",59,90,3.032161043,64
"GID7400973","GID7400973","LHT",57,91,2.318327802,63
"GID7400983","GID7400983","LHT",56,91,3.074530862,68
"GID7400990","GID7400990","LHT",59,90,2.469532433,69
"GID7400994","GID7400994","LHT",59,91,3.384340504,65
"GID7401035","GID7401035","LHT",59,90,3.083093449,66
"GID7401038","GID7401038","LHT",59,90,2.507860781,70
"GID7401050","GID7401050","LHT",59,88,2.496220871,60
"GID7401052","GID7401052","LHT",58,85,2.356974154,60
"GID7401053","GID7401053","LHT",58,90,2.539974112,56
"GID7401067","GID7401067","LHT",59,90,3.000237252,69
"GID7401070","GID7401070","LHT",59,92,2.8986879,66
"GID7401073","GID7401073","LHT",59,92,3.321785747,70
"GID7401076","GID7401076","LHT",59,92,2.64769557,73
"GID7401078","GID7401078","LHT",59,92,2.587577268,70
"GID7401079","GID7401079","LHT",59,92,2.511712714,70
"GID7401087","GID7401087","LHT",59,91,3.045363868,66
"GID7401090","GID7401090","LHT",59,90,3.671787981,70
"GID7401109","GID7401109","LHT",59,91,3.132097661,70
"GID7401111","GID7401111","LHT",59,91,2.804216542,71
"GID7401113","GID7401113","LHT",59,91,2.916868462,75
"GID7401114","GID7401114","LHT",52,87,3.129603211,73
"GID7401115","GID7401115","LHT",58,91,2.855743467,68
"GID7401116","GID7401116","LHT",56,91,3.023019063,67
"GID7401118","GID7401118","LHT",59,90,2.75251299,73
"GID7401152","GID7401152","LHT",59,90,3.030490428,72
"GID7401156","GID7401156","LHT",60,92,2.980490428,63
"GID7401193","GID7401193","LHT",59,91,3.379572072,70
"GID7401202","GID7401202","LHT",59,90,3.176014527,69
"GID7401210","GID7401210","LHT",59,91,2.137225504,63
"GID7401212","GID7401212","LHT",57,90,3.407906949,63
"GID7401214","GID7401214","LHT",57,90,3.037091926,61
"GID7401221","GID7401221","LHT",56,90,2.875887996,61
"GID7401224","GID7401224","LHT",56,90,2.856534639,60
"GID7401230","GID7401230","LHT",58,90,2.746065416,61
"GID7401231","GID7401231","LHT",57,90,2.582247813,65
"GID7401239","GID7401239","LHT",58,90,2.796651107,67
"GID7401242","GID7401242","LHT",58,90,2.891268186,58
"GID7401292","GID7401292","LHT",50,84,2.795492149,66
"GID7401295","GID7401295","LHT",51,86,3.567592054,69
"GID7401310","GID7401310","LHT",62,92,2.383944396,69
"GID7401319","GID7401319","LHT",55,90,2.652223406,65
"GID7401341","GID7401341","LHT",59,92,3.036011116,70
"GID7401342","GID7401342","LHT",49,92,2.9189717,67
"GID7401343","GID7401343","LHT",51,91,3.165268692,70
"GID7401356","GID7401356","LHT",59,91,3.228566961,73
"GID7401358","GID7401358","LHT",59,90,3.151367544,75
"GID7401367","GID7401367","LHT",59,91,2.613151998,69
"GID7401418","GID7401418","LHT",53,88,2.566786119,69
"GID7401428","GID7401428","LHT",58,90,3.135975619,71
"GID7401431","GID7401431","LHT",60,90,2.857281716,66
"GID7401466","GID7401466","LHT",50,84,3.130182807,64
"GID7401467","GID7401467","LHT",58,90,3.015249232,68
"GID7401470","GID7401470","LHT",58,91,3.284500978,69
"GID7401474","GID7401474","LHT",53,88,2.778158835,66
"GID7401477","GID7401477","LHT",58,89,3.281908786,74
"GID7401478","GID7401478","LHT",50,86,2.86587952,65
"GID7401479","GID7401479","LHT",51,87,3.156096409,70
"GID7401498","GID7401498","LHT",60,90,2.729719154,61
"GID7401507","GID7401507","LHT",61,92,3.599977016,65
"GID7401510","GID7401510","LHT",64,93,3.22826017,60
"GID7401511","GID7401511","LHT",64,93,3.364292718,62
"GID7401518","GID7401518","LHT",64,93,3.37870416,63
"GID7401528","GID7401528","LHT",64,93,3.240228003,65
"GID7401531","GID7401531","LHT",59,90,3.019728827,80
"GID7401532","GID7401532","LHT",59,90,3.01044083,75
"GID7401537","GID7401537","LHT",59,90,3.24811044,75
"GID7401541","GID7401541","LHT",60,92,3.009033977,75
"GID7401558","GID7401558","LHT",58,91,3.846753226,77
"GID7401560","GID7401560","LHT",58,91,3.318714977,71
"GID7401569","GID7401569","LHT",58,91,3.836303473,75
"GID7401570","GID7401570","LHT",59,91,3.747445587,70
"GID7401571","GID7401571","LHT",58,91,3.63636582,72
"GID7401579","GID7401579","LHT",58,90,3.888487815,66
"GID7401580","GID7401580","LHT",58,90,3.682479213,61
"GID7401582","GID7401582","LHT",58,90,3.673325715,71
"GID7401584","GID7401584","LHT",58,90,3.81865396,73
"GID7401585","GID7401585","LHT",58,91,3.820612517,75
"GID7401588","GID7401588","LHT",59,90,3.168847764,74
"GID7401590","GID7401590","LHT",59,90,3.297268284,70
"GID7401603","GID7401603","LHT",59,90,2.950645925,66
"GID7401609","GID7401609","LHT",59,91,3.040383233,73
"GID7401610","GID7401610","LHT",59,90,3.368832011,64
"GID7401621","GID7401621","LHT",58,90,3.605796298,73
"GID7401622","GID7401622","LHT",59,90,3.816565023,75
"GID7401641","GID7401641","LHT",54,86,3.185427263,76
"GID7401643","GID7401643","LHT",59,90,3.756343769,74
"GID7401645","GID7401645","LHT",60,92,3.821826846,75
"GID7401646","GID7401646","LHT",59,91,3.311330945,74
"GID7401647","GID7401647","LHT",59,91,3.664664278,75
"GID7401649","GID7401649","LHT",59,91,3.371407867,73
"GID7401651","GID7401651","LHT",55,87,3.012362443,65
"GID7401653","GID7401653","LHT",60,91,2.809799487,71
"GID7401656","GID7401656","LHT",60,91,3.03616043345898,65
"GID7401659","GID7401659","LHT",62,93,3.519596424,66
"GID7401661","GID7401661","LHT",67,95,3.069640554,60
"GID7401668","GID7401668","LHT",56,90,3.407732038,69
"GID7401670","GID7401670","LHT",57,90,3.481898867,67
"GID7401671","GID7401671","LHT",59,90,3.288214265,74
"GID7401672","GID7401672","LHT",58,90,3.369014727,70
"GID7401673","GID7401673","LHT",58,90,3.480490582,66
"GID7401675","GID7401675","LHT",58,90,3.389599628,70
"GID7401676","GID7401676","LHT",58,90,3.496228591,60
"GID7401677","GID7401677","LHT",60,92,3.383109609,67
"GID7401683","GID7401683","LHT",59,91,3.460562519,75
"GID7401686","GID7401686","LHT",55,88,3.420463338,73
"GID7401766","GID7401766","LHT",58,90,2.49517518,66
"GID7401803","GID7401803","LHT",57,90,3.555121329,70
"GID7401811","GID7401811","LHT",59,90,3.704697475,64
"GID7401815","GID7401815","LHT",59,90,3.486670756,73
"GID7401872","GID7401872","LHT",59,91,3.542699293,68
"GID7401875","GID7401875","LHT",59,91,2.727076613,62
"GID7401878","GID7401878","LHT",59,91,2.461564916,67
"GID7401886","GID7401886","LHT",59,91,3.626989915,64
"GID7401888","GID7401888","LHT",59,91,3.764102712,61
"GID7401890","GID7401890","LHT",59,91,3.822863456,67
"GID7401896","GID7401896","LHT",60,91,3.291954274,69
"GID7401898","GID7401898","LHT",59,90,3.218132719,69
"GID7401900","GID7401900","LHT",59,90,3.107804194,69
"GID7401909","GID7401909","LHT",58,90,3.129129715,66
"GID7401934","GID7401934","LHT",58,90,2.966617321,71
"GID7401952","GID7401952","LHT",61,91,3.106613873,69
"GID7401956","GID7401956","LHT",59,91,2.639587659,70
"GID7401987","GID7401987","LHT",60,91,2.798571357,64
"GID7401988","GID7401988","LHT",60,92,2.792619149,64
"GID7401995","GID7401995","LHT",59,92,3.045081177,67
"GID7402002","GID7402002","LHT",59,92,3.375892971,67
"GID7402010","GID7402010","LHT",59,91,3.678656883,70
"GID7402011","GID7402011","LHT",58,91,3.664272497,76
"GID7402019","GID7402019","LHT",59,92,2.918860865,69
"GID7402021","GID7402021","LHT",59,91,3.037673412,64
"GID7402049","GID7402049","LHT",58,90,2.976940429,73
"GID7402054","GID7402054","LHT",50,89,3.173607096,67
"GID7402056","GID7402056","LHT",50,88,3.653770049,70
"GID7402059","GID7402059","LHT",59,90,3.305208711,76
"GID7402061","GID7402061","LHT",59,90,3.099308769,77
"GID7402063","GID7402063","LHT",59,90,3.296373944,75
"GID7402078","GID7402078","LHT",59,90,3.669346821,76
"GID7402080","GID7402080","LHT",59,91,2.791724946,79
"GID7402081","GID7402081","LHT",58,90,3.353567113,79
"GID7402102","GID7402102","LHT",59,90,3.343999141,74
"GID7402105","GID7402105","LHT",55,88,3.250730785,77
"GID7402172","GID7402172","LHT",59,90,3.246784444,70
"GID7402200","GID7402200","LHT",58,91,3.062784823,72
"GID7402206","GID7402206","LHT",59,91,2.669736536,70
"GID7402209","GID7402209","LHT",59,91,2.86210565,75
"GID7402211","GID7402211","LHT",59,90,3.104275946,75
"GID7402225","GID7402225","LHT",62,92,3.578651759,71
"GID7402229","GID7402229","LHT",59,90,3.42832421,72
